EmployeeID,Gender,Age,IndigenousIdentity,DisabilityStatus,Role,WARegion,EmploymentType,Status,CommencementDate,SeparationDate,FTE
ED100000,Female,64,No,No,Teacher,South Metro,Permanent Full-Time,Active,2021-12-25,,1.0
ED100001,Female,43,No,No,School Administrator,South Metro,Permanent Full-Time,Active,2025-06-13,,1.0
ED100002,Female,34,No,No,Education Assistant,Wheatbelt,Permanent Full-Time,Terminated,2021-08-08,2023-05-28,1.0
ED100003,Female,45,No,No,Lead Teacher,North Metro,Fixed Term,Active,2007-07-06,,1.0
ED100004,Female,37,No,No,Teacher,Wheatbelt,Permanent Full-Time,Active,2024-01-20,,1.0
ED100005,Male,36,No,No,Teacher,North Metro,Permanent Full-Time,Active,2011-10-03,,1.0
ED100006,Female,49,No,No,Teacher,Mid West,Permanent Full-Time,Active,2015-11-06,,1.0
ED100007,Female,24,No,No,Education Assistant,Wheatbelt,Permanent Full-Time,Terminated,2023-06-02,2024-01-21,1.0
ED100008,Male,26,No,No,Lead Teacher,North Metro,Fixed Term,Active,2025-02-24,,1.0
ED100009,Male,44,No,No,Deputy Principal,South Metro,Permanent Full-Time,Active,2020-01-23,,1.0
ED100010,Male,43,No,No,Teacher,North Metro,Permanent Full-Time,Active,2011-12-28,,1.0
ED100011,Male,48,No,No,School Administrator,Kimberley,Permanent Part-Time,Active,2023-03-26,,0.6
ED100012,Male,66,No,No,Education Assistant,South Metro,Fixed Term,Terminated,2007-06-25,2023-01-25,1.0
ED100013,Female,45,No,No,Teacher,South Metro,Fixed Term,Active,2019-12-30,,1.0
ED100014,Female,51,No,No,Teacher,North Metro,Permanent Part-Time,Active,2017-06-27,,0.6
ED100015,Female,32,No,No,Teacher,North Metro,Permanent Full-Time,Active,2023-03-23,,1.0
ED100016,Female,53,No,No,Teacher,North Metro,Permanent Full-Time,Active,1998-03-29,,1.0
ED100017,Female,37,No,No,Teacher,North Metro,Casual,Terminated,2015-04-11,2024-07-31,0.2
ED100018,Female,44,No,No,Teacher,South Metro,Casual,Active,2020-04-14,,0.2
ED100019,Female,42,Yes,No,Teacher,Wheatbelt,Permanent Part-Time,Active,2011-04-29,,0.6
ED100020,Female,56,No,No,Lead Teacher,Goldfields,Permanent Part-Time,Active,2004-11-13,,0.6
ED100021,Female,28,No,No,Teacher,South Metro,Casual,Active,2019-10-24,,0.2
ED100022,Male,21,No,No,Teacher,South West,Permanent Full-Time,Active,2025-06-24,,1.0
ED100023,Female,41,Yes,No,Teacher,Kimberley,Permanent Full-Time,Active,2019-07-15,,1.0
ED100024,Male,49,No,No,Teacher,South West,Permanent Part-Time,Active,2013-07-17,,0.6
ED100025,Female,45,No,No,Education Assistant,South Metro,Casual,Terminated,2019-01-04,2021-12-05,0.2
ED100026,Male,58,No,No,Teacher,North Metro,Permanent Part-Time,Terminated,1995-09-24,2008-06-18,0.6
ED100027,Male,49,No,No,Teacher,North Metro,Fixed Term,Active,2008-06-16,,1.0
ED100028,Female,37,No,No,Lead Teacher,Kimberley,Permanent Full-Time,Active,2024-02-25,,1.0
ED100029,Female,21,Yes,No,Teacher,North Metro,Permanent Full-Time,Active,2025-11-11,,1.0
ED100030,Female,41,No,No,Lead Teacher,North Metro,Permanent Full-Time,Active,2006-07-30,,1.0
ED100031,Male,56,No,No,Teacher,South Metro,Casual,Active,2020-06-19,,0.2
ED100032,Male,39,No,No,Teacher,South Metro,Permanent Full-Time,Active,2018-08-17,,1.0
ED100033,Male,44,No,No,School Administrator,South Metro,Permanent Full-Time,Active,2009-10-23,,1.0
ED100034,Female,49,No,No,School Administrator,North Metro,Casual,Active,2006-10-18,,0.2
ED100035,Female,31,No,No,Education Assistant,South Metro,Permanent Full-Time,Active,2026-04-22,,1.0
ED100036,Male,51,No,No,Teacher,South Metro,Fixed Term,Active,2013-12-21,,1.0
ED100037,Female,63,No,No,Teacher,Great Southern,Permanent Full-Time,Active,1993-04-16,,1.0
ED100038,Female,41,No,No,Deputy Principal,Kimberley,Permanent Full-Time,Terminated,2019-03-23,2022-04-18,1.0
ED100039,Female,30,No,No,Teacher,South West,Permanent Part-Time,Active,2022-03-11,,0.6
ED100040,Male,43,No,No,Teacher,Pilbara,Casual,Terminated,2005-11-29,2017-12-26,0.2
ED100041,Female,21,No,No,Teacher,South Metro,Permanent Full-Time,Active,2026-02-25,,1.0
ED100042,Female,48,No,No,Teacher,North Metro,Fixed Term,Active,2002-07-28,,1.0
ED100043,Female,49,No,Yes,Aboriginal Education Officer,Goldfields,Permanent Full-Time,Active,2008-01-03,,1.0
ED100044,Male,64,No,No,Teacher,South Metro,Permanent Full-Time,Terminated,2001-03-01,2009-09-20,1.0
ED100045,Female,41,No,Yes,Principal,South Metro,Permanent Full-Time,Active,2008-05-04,,1.0
ED100046,Female,48,Yes,No,Teacher,South Metro,Fixed Term,Active,2004-03-28,,1.0
ED100047,Female,33,No,No,Teacher,South Metro,Permanent Full-Time,Active,2015-07-03,,1.0
ED100048,Male,39,Yes,No,Teacher,North Metro,Permanent Full-Time,Active,2024-02-27,,1.0
ED100049,Male,25,No,No,Teacher,South Metro,Fixed Term,Terminated,2025-01-31,2026-01-09,1.0
ED100050,Male,41,No,No,School Administrator,North Metro,Permanent Full-Time,Terminated,2021-12-23,2024-09-02,1.0
ED100051,Female,40,No,No,Education Assistant,Mid West,Permanent Full-Time,Active,2010-03-22,,1.0
ED100052,Male,47,No,No,School Administrator,North Metro,Permanent Full-Time,Active,2009-11-26,,1.0
ED100053,Female,36,No,No,Aboriginal Education Officer,North Metro,Permanent Part-Time,Active,2015-03-09,,0.6
ED100054,Female,45,No,No,Lead Teacher,South Metro,Permanent Full-Time,Active,2025-07-13,,1.0
ED100055,Female,39,No,No,School Administrator,Goldfields,Fixed Term,Active,2025-04-04,,1.0
ED100056,Female,40,No,No,Teacher,South Metro,Permanent Full-Time,Active,2018-03-30,,1.0
ED100057,Male,44,No,No,Teacher,North Metro,Permanent Full-Time,Active,2024-08-07,,1.0
ED100058,Female,44,No,No,Teacher,South Metro,Fixed Term,Active,2023-10-22,,1.0
ED100059,Female,53,No,No,Teacher,North Metro,Permanent Full-Time,Active,2021-07-10,,1.0
ED100060,Female,42,No,No,Teacher,South West,Fixed Term,Active,2023-06-14,,1.0
ED100061,Female,39,No,No,Teacher,South West,Permanent Full-Time,Terminated,2022-09-15,2023-10-22,1.0
ED100062,Female,41,No,No,Education Assistant,South Metro,Permanent Full-Time,Terminated,2013-11-25,2020-04-15,1.0
ED100063,Female,35,No,No,Teacher,North Metro,Permanent Full-Time,Active,2018-12-01,,1.0
ED100064,Female,39,No,No,Teacher,Pilbara,Permanent Full-Time,Active,2020-09-18,,1.0
ED100065,Female,67,No,Yes,Teacher,North Metro,Permanent Full-Time,Terminated,2018-10-26,2023-05-20,1.0
ED100066,Female,33,No,No,Teacher,South Metro,Permanent Full-Time,Active,2018-05-16,,1.0
ED100067,Male,40,No,No,Education Assistant,North Metro,Permanent Full-Time,Active,2008-01-10,,1.0
ED100068,Female,39,No,No,Teacher,South West,Permanent Full-Time,Active,2013-03-07,,1.0
ED100069,Male,41,No,No,School Administrator,North Metro,Permanent Full-Time,Terminated,2010-12-08,2026-04-07,1.0
ED100070,Male,40,No,No,Education Assistant,South Metro,Permanent Full-Time,Active,2016-09-10,,1.0
ED100071,Male,47,No,No,Teacher,Pilbara,Permanent Full-Time,Active,2025-11-23,,1.0
ED100072,Female,23,No,No,Teacher,South Metro,Permanent Full-Time,Active,2025-10-30,,1.0
ED100073,Female,56,No,No,Education Assistant,North Metro,Permanent Full-Time,Active,2014-09-03,,1.0
ED100074,Male,51,No,No,Deputy Principal,Great Southern,Permanent Part-Time,Active,2013-09-21,,0.6
ED100075,Female,29,No,No,Deputy Principal,South Metro,Permanent Part-Time,Active,2025-11-25,,0.6
ED100076,Female,21,No,No,Education Assistant,South Metro,Permanent Full-Time,Active,2025-11-01,,1.0
ED100077,Female,32,No,No,Teacher,North Metro,Permanent Full-Time,Active,2025-01-09,,1.0
ED100078,Female,41,No,No,Teacher,South Metro,Permanent Full-Time,Terminated,2013-11-10,2025-11-30,1.0
ED100079,Male,67,No,No,Teacher,South Metro,Fixed Term,Terminated,2016-02-29,2019-09-05,1.0
ED100080,Female,50,No,No,Education Assistant,North Metro,Permanent Full-Time,Active,2013-08-19,,1.0
ED100081,Female,22,No,No,Lead Teacher,North Metro,Permanent Full-Time,Active,2025-06-15,,1.0
ED100082,Female,35,No,No,Teacher,Wheatbelt,Permanent Full-Time,Terminated,2014-01-21,2015-03-06,1.0
ED100083,Female,43,No,No,Teacher,North Metro,Fixed Term,Active,2007-09-02,,1.0
ED100084,Female,47,No,No,Teacher,North Metro,Permanent Part-Time,Active,2010-12-28,,0.6
ED100085,Female,28,No,No,Teacher,South Metro,Permanent Full-Time,Terminated,2024-03-24,2025-08-28,1.0
ED100086,Female,42,No,No,Deputy Principal,Pilbara,Permanent Full-Time,Active,2025-06-02,,1.0
ED100087,Female,35,Yes,No,Lead Teacher,North Metro,Fixed Term,Terminated,2016-04-10,2025-09-04,1.0
ED100088,Male,30,No,No,Aboriginal Education Officer,South Metro,Permanent Full-Time,Active,2024-01-05,,1.0
ED100089,Female,47,No,No,Teacher,North Metro,Permanent Full-Time,Terminated,2000-11-03,2023-05-19,1.0
ED100090,Female,53,No,No,Teacher,North Metro,Permanent Part-Time,Active,2000-09-01,,0.6
ED100091,Female,54,No,No,Deputy Principal,North Metro,Permanent Full-Time,Active,1995-12-01,,1.0
ED100092,Female,50,No,No,Education Assistant,Wheatbelt,Permanent Full-Time,Active,2002-03-22,,1.0
ED100093,Male,38,No,Yes,Lead Teacher,North Metro,Permanent Full-Time,Active,2015-02-05,,1.0
ED100094,Male,52,No,No,Education Assistant,North Metro,Fixed Term,Active,2006-08-11,,1.0
ED100095,Female,47,No,No,Teacher,South Metro,Permanent Full-Time,Terminated,2015-06-06,2017-11-16,1.0
ED100096,Female,45,No,No,Teacher,Wheatbelt,Fixed Term,Active,2010-01-28,,1.0
ED100097,Male,36,No,No,Teacher,North Metro,Permanent Full-Time,Active,2024-03-01,,1.0
ED100098,Female,38,Yes,No,Teacher,South Metro,Fixed Term,Active,2026-04-22,,1.0
ED100099,Female,44,No,No,Teacher,North Metro,Fixed Term,Active,2023-05-17,,1.0
ED100100,Male,67,No,No,Teacher,South Metro,Permanent Full-Time,Terminated,2018-05-27,2026-05-02,1.0
ED100101,Female,47,No,No,Lead Teacher,South Metro,Permanent Full-Time,Active,2020-11-04,,1.0
ED100102,Male,36,Yes,No,Teacher,South Metro,Permanent Part-Time,Active,2021-08-17,,0.6
ED100103,Female,34,No,No,Teacher,North Metro,Permanent Part-Time,Active,2025-01-08,,0.6
ED100104,Female,38,No,No,Aboriginal Education Officer,North Metro,Permanent Full-Time,Active,2024-03-28,,1.0
ED100105,Female,67,No,No,Teacher,North Metro,Fixed Term,Active,1999-03-04,,1.0
ED100106,Female,39,No,No,Teacher,South Metro,Permanent Full-Time,Active,2016-06-01,,1.0
ED100107,Female,54,No,No,Education Assistant,North Metro,Permanent Full-Time,Active,1994-11-24,,1.0
ED100108,Female,39,No,No,Teacher,Pilbara,Permanent Part-Time,Active,2016-10-29,,0.6
ED100109,Female,47,No,No,Teacher,Great Southern,Permanent Full-Time,Active,2007-03-16,,1.0
ED100110,Female,53,Yes,No,Teacher,Great Southern,Permanent Full-Time,Active,2006-11-18,,1.0
ED100111,Female,37,No,No,Teacher,Wheatbelt,Casual,Active,2017-02-01,,0.2
ED100112,Female,36,No,No,School Administrator,South Metro,Permanent Part-Time,Active,2024-09-12,,0.6
ED100113,Female,63,No,No,Education Assistant,Kimberley,Fixed Term,Active,2007-06-16,,1.0
ED100114,Female,55,No,No,Lead Teacher,North Metro,Permanent Part-Time,Active,2021-02-21,,0.6
ED100115,Female,53,No,No,Education Assistant,South Metro,Permanent Part-Time,Active,2001-04-18,,0.6
ED100116,Female,53,No,No,Education Assistant,South Metro,Permanent Full-Time,Active,1996-12-18,,1.0
ED100117,Female,49,No,No,Teacher,South Metro,Permanent Full-Time,Active,2021-12-04,,1.0
ED100118,Female,67,No,No,Aboriginal Education Officer,Pilbara,Permanent Full-Time,Active,1997-06-13,,1.0
ED100119,Male,44,No,No,Teacher,North Metro,Permanent Full-Time,Active,2012-10-22,,1.0
ED100120,Female,50,No,No,Education Assistant,North Metro,Casual,Active,2004-06-05,,0.2
ED100121,Female,26,No,No,Aboriginal Education Officer,South West,Permanent Full-Time,Active,2024-04-22,,1.0
ED100122,Male,34,No,No,Teacher,North Metro,Permanent Full-Time,Active,2021-09-20,,1.0
ED100123,Female,29,No,No,Teacher,South Metro,Permanent Part-Time,Active,2021-05-28,,0.6
ED100124,Female,59,No,No,Teacher,South West,Permanent Full-Time,Active,2007-03-26,,1.0
ED100125,Male,21,No,No,Teacher,South Metro,Permanent Full-Time,Active,2025-11-18,,1.0
ED100126,Female,39,No,No,Education Assistant,South Metro,Permanent Full-Time,Active,2024-09-24,,1.0
ED100127,Male,21,No,No,Education Assistant,North Metro,Fixed Term,Active,2025-08-18,,1.0
ED100128,Female,34,No,No,Teacher,North Metro,Permanent Full-Time,Active,2013-11-08,,1.0
ED100129,Female,38,No,No,Teacher,Wheatbelt,Permanent Full-Time,Active,2012-08-09,,1.0
ED100130,Non-binary,60,No,No,Teacher,South Metro,Permanent Full-Time,Terminated,2000-11-19,2005-05-18,1.0
ED100131,Female,48,No,No,Teacher,South Metro,Permanent Full-Time,Active,2004-07-31,,1.0
ED100132,Female,34,No,No,Teacher,North Metro,Permanent Full-Time,Active,2026-02-21,,1.0
ED100133,Female,56,No,No,Teacher,North Metro,Casual,Active,1992-03-29,,0.2
ED100134,Female,44,No,No,School Administrator,Great Southern,Permanent Full-Time,Active,2015-01-28,,1.0
ED100135,Female,44,Yes,No,Teacher,South Metro,Permanent Full-Time,Active,2025-08-15,,1.0
ED100136,Female,29,No,No,Teacher,South Metro,Casual,Active,2021-10-02,,0.2
ED100137,Female,32,No,No,Deputy Principal,North Metro,Permanent Part-Time,Active,2020-07-27,,0.6
ED100138,Female,34,No,No,Teacher,Goldfields,Permanent Full-Time,Active,2022-10-15,,1.0
ED100139,Female,44,No,No,School Administrator,South West,Permanent Full-Time,Active,2022-04-15,,1.0
ED100140,Female,44,No,No,School Administrator,South Metro,Fixed Term,Active,2008-03-27,,1.0
ED100141,Female,62,No,No,Teacher,North Metro,Permanent Full-Time,Terminated,1994-06-20,2019-11-08,1.0
ED100142,Male,48,No,Yes,Teacher,South Metro,Permanent Full-Time,Active,2001-07-22,,1.0
ED100143,Female,21,No,No,Teacher,Pilbara,Permanent Full-Time,Active,2026-03-30,,1.0
ED100144,Female,47,No,No,Teacher,South Metro,Permanent Full-Time,Terminated,2017-06-08,2023-01-07,1.0
ED100145,Male,26,No,No,Teacher,Wheatbelt,Permanent Part-Time,Active,2021-07-10,,0.6
ED100146,Male,32,No,No,Lead Teacher,South Metro,Permanent Full-Time,Active,2022-04-30,,1.0
ED100147,Female,34,No,No,Teacher,South West,Permanent Full-Time,Active,2015-01-14,,1.0
ED100148,Male,36,No,No,Teacher,South Metro,Fixed Term,Active,2013-10-28,,1.0
ED100149,Female,27,No,No,Teacher,North Metro,Permanent Full-Time,Terminated,2022-02-27,2025-09-17,1.0
ED100150,Male,46,No,No,Aboriginal Education Officer,North Metro,Permanent Full-Time,Active,2003-10-25,,1.0
ED100151,Female,27,No,No,Teacher,North Metro,Permanent Full-Time,Active,2022-05-26,,1.0
ED100152,Female,48,Yes,Yes,Teacher,South West,Permanent Part-Time,Active,2023-07-14,,0.6
ED100153,Female,67,No,No,Teacher,Pilbara,Permanent Full-Time,Active,2014-09-26,,1.0
ED100154,Male,28,No,No,School Administrator,Goldfields,Permanent Part-Time,Active,2024-03-09,,0.6
ED100155,Female,40,No,Yes,Teacher,North Metro,Permanent Full-Time,Active,2022-05-27,,1.0
ED100156,Female,21,No,No,Principal,North Metro,Permanent Part-Time,Active,2025-07-17,,0.6
ED100157,Female,40,No,No,Education Assistant,Pilbara,Fixed Term,Active,2007-06-10,,1.0
ED100158,Male,51,No,No,Teacher,South Metro,Fixed Term,Active,2020-02-02,,1.0
ED100159,Male,52,No,No,Deputy Principal,North Metro,Permanent Full-Time,Terminated,2002-03-09,2019-05-15,1.0
ED100160,Female,44,Yes,No,Teacher,South Metro,Permanent Full-Time,Active,2006-03-03,,1.0
ED100161,Female,54,No,No,Lead Teacher,North Metro,Permanent Full-Time,Active,2003-11-09,,1.0
ED100162,Female,67,No,No,Lead Teacher,North Metro,Permanent Full-Time,Terminated,2005-06-20,2009-12-25,1.0
ED100163,Female,64,No,No,Teacher,South Metro,Permanent Full-Time,Active,2021-08-31,,1.0
ED100164,Male,37,No,No,Teacher,North Metro,Permanent Full-Time,Active,2010-06-08,,1.0
ED100165,Female,26,No,No,Education Assistant,Great Southern,Casual,Active,2021-09-17,,0.2
ED100166,Female,39,No,No,Teacher,North Metro,Fixed Term,Terminated,2014-06-16,2016-10-27,1.0
ED100167,Female,32,No,No,Teacher,North Metro,Permanent Full-Time,Active,2020-03-13,,1.0
ED100168,Female,49,No,No,Teacher,North Metro,Permanent Full-Time,Active,2001-04-13,,1.0
ED100169,Female,29,Yes,No,Lead Teacher,Pilbara,Permanent Part-Time,Active,2018-12-29,,0.6
ED100170,Female,43,No,No,Principal,South Metro,Permanent Full-Time,Terminated,2020-10-30,2022-08-19,1.0
ED100171,Female,54,No,No,Teacher,South Metro,Permanent Full-Time,Active,2006-09-15,,1.0
ED100172,Female,42,No,No,Teacher,North Metro,Permanent Full-Time,Terminated,2011-02-20,2016-11-09,1.0
ED100173,Female,32,No,No,Teacher,North Metro,Permanent Full-Time,Terminated,2020-01-22,2024-08-10,1.0
ED100174,Female,58,No,No,Lead Teacher,South Metro,Permanent Part-Time,Terminated,2004-08-31,2019-10-23,0.6
ED100175,Female,21,No,No,Teacher,Mid West,Casual,Active,2025-07-23,,0.2
ED100176,Male,40,No,No,Deputy Principal,South West,Permanent Full-Time,Active,2013-10-24,,1.0
ED100177,Female,43,No,No,Teacher,North Metro,Permanent Full-Time,Active,2009-08-18,,1.0
ED100178,Female,44,No,No,School Administrator,South Metro,Permanent Full-Time,Active,2025-07-25,,1.0
ED100179,Male,46,No,No,Teacher,South West,Fixed Term,Active,2020-03-01,,1.0
ED100180,Female,51,No,No,Teacher,South Metro,Fixed Term,Active,2025-05-27,,1.0
ED100181,Female,43,No,No,Teacher,Wheatbelt,Permanent Full-Time,Terminated,2019-01-02,2024-07-01,1.0
ED100182,Female,39,No,No,School Administrator,North Metro,Fixed Term,Active,2021-04-13,,1.0
ED100183,Female,39,No,No,Education Assistant,South West,Permanent Full-Time,Terminated,2012-09-26,2024-01-03,1.0
ED100184,Female,36,No,Yes,Teacher,Pilbara,Permanent Full-Time,Active,2020-05-10,,1.0
ED100185,Female,53,No,No,Principal,South West,Permanent Part-Time,Active,2025-12-14,,0.6
ED100186,Male,36,No,No,Education Assistant,Goldfields,Permanent Full-Time,Terminated,2022-01-15,2025-03-09,1.0
ED100187,Male,54,No,No,Lead Teacher,South Metro,Permanent Full-Time,Active,1998-12-10,,1.0
ED100188,Female,44,No,No,Teacher,South West,Permanent Part-Time,Active,2011-11-25,,0.6
ED100189,Female,37,No,No,Teacher,North Metro,Permanent Full-Time,Terminated,2021-03-15,2023-07-30,1.0
ED100190,Female,51,No,Yes,Teacher,North Metro,Permanent Full-Time,Active,2006-04-27,,1.0
ED100191,Female,35,No,No,Aboriginal Education Officer,Kimberley,Permanent Full-Time,Active,2014-09-10,,1.0
ED100192,Female,51,No,No,Aboriginal Education Officer,Pilbara,Permanent Full-Time,Active,2009-12-28,,1.0
ED100193,Male,46,No,No,Lead Teacher,South West,Permanent Full-Time,Active,2021-11-17,,1.0
ED100194,Female,36,No,No,Teacher,North Metro,Permanent Full-Time,Active,2021-02-08,,1.0
ED100195,Male,50,No,No,Teacher,Mid West,Fixed Term,Active,2008-12-30,,1.0
ED100196,Female,50,No,No,Deputy Principal,Pilbara,Fixed Term,Active,2015-06-06,,1.0
ED100197,Male,57,No,No,Aboriginal Education Officer,North Metro,Permanent Full-Time,Active,2024-04-27,,1.0
ED100198,Female,55,No,No,Aboriginal Education Officer,South Metro,Permanent Full-Time,Active,2004-04-26,,1.0
ED100199,Female,49,No,No,Education Assistant,North Metro,Permanent Part-Time,Active,2019-11-25,,0.6
ED100200,Female,30,No,No,Lead Teacher,North Metro,Casual,Active,2025-11-08,,0.2
ED100201,Female,67,No,No,Teacher,Great Southern,Permanent Full-Time,Terminated,2006-11-13,2019-07-14,1.0
ED100202,Female,27,No,Yes,Teacher,South Metro,Fixed Term,Active,2023-11-29,,1.0
ED100203,Female,55,Yes,No,Aboriginal Education Officer,Kimberley,Permanent Full-Time,Active,2014-09-26,,1.0
ED100204,Female,49,No,No,Lead Teacher,Great Southern,Casual,Active,2020-12-15,,0.2
ED100205,Female,29,No,No,Teacher,South Metro,Permanent Full-Time,Active,2025-05-09,,1.0
ED100206,Male,42,No,No,Teacher,Mid West,Casual,Active,2025-12-30,,0.2
ED100207,Female,43,No,No,Principal,South Metro,Permanent Full-Time,Active,2006-03-05,,1.0
ED100208,Female,59,No,No,Teacher,Wheatbelt,Casual,Active,2021-11-06,,0.2
ED100209,Female,35,No,No,Teacher,North Metro,Permanent Full-Time,Active,2016-03-22,,1.0
ED100210,Male,40,No,No,Teacher,South West,Permanent Full-Time,Active,2020-11-04,,1.0
ED100211,Female,21,No,No,Deputy Principal,North Metro,Fixed Term,Active,2025-07-21,,1.0
ED100212,Female,64,No,No,Principal,North Metro,Permanent Part-Time,Terminated,2000-09-21,2009-01-26,0.6
ED100213,Female,31,No,No,Teacher,Pilbara,Permanent Part-Time,Active,2024-07-02,,0.6
ED100214,Male,47,No,No,Deputy Principal,South Metro,Permanent Full-Time,Terminated,2008-11-01,2020-08-20,1.0
ED100215,Male,42,No,No,Teacher,South Metro,Permanent Part-Time,Active,2005-11-15,,0.6
ED100216,Female,42,No,No,Teacher,South Metro,Fixed Term,Active,2019-05-10,,1.0
ED100217,Female,53,Yes,No,Education Assistant,Pilbara,Permanent Full-Time,Active,2014-05-10,,1.0
ED100218,Female,64,No,No,Lead Teacher,North Metro,Permanent Full-Time,Terminated,2017-10-08,2022-05-25,1.0
ED100219,Female,47,No,No,Education Assistant,North Metro,Fixed Term,Terminated,2021-07-16,2024-05-05,1.0
ED100220,Female,51,No,No,Principal,North Metro,Permanent Part-Time,Active,1998-06-22,,0.6
ED100221,Male,47,No,No,Lead Teacher,South Metro,Fixed Term,Terminated,2006-12-20,2023-11-24,1.0
ED100222,Male,56,No,No,Teacher,North Metro,Fixed Term,Active,1996-02-15,,1.0
ED100223,Female,38,No,No,Teacher,South Metro,Permanent Part-Time,Active,2025-06-27,,0.6
ED100224,Female,56,No,No,Teacher,South Metro,Permanent Part-Time,Active,2008-09-21,,0.6
ED100225,Female,57,No,No,Teacher,North Metro,Casual,Active,2005-05-07,,0.2
ED100226,Female,56,No,Yes,School Administrator,South Metro,Fixed Term,Active,2019-10-11,,1.0
ED100227,Male,36,No,No,Teacher,South West,Fixed Term,Terminated,2013-10-18,2015-12-25,1.0
ED100228,Female,41,No,No,Aboriginal Education Officer,North Metro,Permanent Full-Time,Active,2012-12-01,,1.0
ED100229,Female,46,No,No,Lead Teacher,South Metro,Permanent Full-Time,Active,2005-01-29,,1.0
ED100230,Female,27,No,No,Education Assistant,Goldfields,Permanent Full-Time,Terminated,2023-04-10,2025-05-24,1.0
ED100231,Female,63,No,No,Teacher,South Metro,Permanent Part-Time,Active,1993-05-25,,0.6
ED100232,Male,43,No,No,Lead Teacher,Kimberley,Permanent Full-Time,Terminated,2022-06-05,2025-02-21,1.0
ED100233,Female,47,No,No,Teacher,South Metro,Permanent Full-Time,Active,2019-10-11,,1.0
ED100234,Male,37,No,No,Teacher,South Metro,Permanent Full-Time,Active,2025-09-06,,1.0
ED100235,Female,28,No,No,Deputy Principal,North Metro,Permanent Part-Time,Terminated,2019-09-05,2022-07-19,0.6
ED100236,Male,36,Yes,No,Teacher,Kimberley,Fixed Term,Active,2013-11-14,,1.0
ED100237,Female,46,No,No,Teacher,Goldfields,Fixed Term,Active,2006-03-22,,1.0
ED100238,Male,52,No,No,Lead Teacher,North Metro,Permanent Full-Time,Active,2000-07-02,,1.0
ED100239,Female,45,No,No,Teacher,South Metro,Permanent Full-Time,Active,2019-03-14,,1.0
ED100240,Female,48,No,No,School Administrator,Great Southern,Permanent Full-Time,Active,2002-08-06,,1.0
ED100241,Female,39,No,No,School Administrator,South Metro,Permanent Full-Time,Terminated,2023-12-21,2026-02-04,1.0
ED100242,Female,49,No,No,Aboriginal Education Officer,South Metro,Permanent Part-Time,Terminated,2015-06-05,2023-02-28,0.6
ED100243,Female,61,No,Yes,Teacher,South West,Permanent Full-Time,Terminated,2022-04-13,2026-04-08,1.0
ED100244,Female,52,No,No,Teacher,Kimberley,Permanent Full-Time,Active,1999-05-06,,1.0
ED100245,Male,53,No,No,School Administrator,South Metro,Permanent Full-Time,Terminated,2016-12-01,2017-12-03,1.0
ED100246,Female,47,No,No,Teacher,Mid West,Permanent Full-Time,Active,2007-09-21,,1.0
ED100247,Male,25,No,No,School Administrator,Wheatbelt,Permanent Full-Time,Active,2025-06-29,,1.0
ED100248,Male,31,No,No,School Administrator,South Metro,Permanent Full-Time,Terminated,2022-10-21,2023-11-22,1.0
ED100249,Female,49,Yes,No,Education Assistant,South Metro,Permanent Full-Time,Active,2015-02-06,,1.0
ED100250,Female,43,Yes,No,Teacher,South Metro,Permanent Full-Time,Terminated,2024-09-09,2026-01-05,1.0
ED100251,Female,49,No,No,Teacher,Great Southern,Permanent Full-Time,Active,2001-07-21,,1.0
ED100252,Female,64,No,No,Education Assistant,Kimberley,Permanent Part-Time,Terminated,2014-11-21,2019-10-11,0.6
ED100253,Female,52,No,No,Teacher,North Metro,Casual,Active,2002-11-20,,0.2
ED100254,Male,59,No,No,Teacher,Wheatbelt,Permanent Full-Time,Terminated,2020-10-09,2022-09-10,1.0
ED100255,Female,45,No,No,Lead Teacher,South Metro,Permanent Part-Time,Active,2006-02-05,,0.6
ED100256,Female,34,No,No,School Administrator,North Metro,Fixed Term,Active,2020-08-16,,1.0
ED100257,Female,43,No,No,Deputy Principal,South Metro,Permanent Full-Time,Active,2009-09-24,,1.0
ED100258,Male,34,No,No,Lead Teacher,South Metro,Permanent Full-Time,Active,2014-02-06,,1.0
ED100259,Female,62,No,No,Teacher,Wheatbelt,Permanent Full-Time,Active,2018-11-19,,1.0
ED100260,Female,53,No,Yes,Lead Teacher,North Metro,Permanent Full-Time,Terminated,2011-12-28,2021-06-06,1.0
ED100261,Female,50,No,Yes,School Administrator,Wheatbelt,Permanent Part-Time,Active,2000-12-13,,0.6
ED100262,Female,58,No,No,Teacher,South Metro,Permanent Full-Time,Active,2020-04-28,,1.0
ED100263,Male,21,No,No,Teacher,North Metro,Fixed Term,Active,2026-01-23,,1.0
ED100264,Male,51,No,No,Education Assistant,Great Southern,Permanent Full-Time,Active,2010-09-16,,1.0
ED100265,Female,28,No,No,Education Assistant,South Metro,Fixed Term,Active,2021-06-27,,1.0
ED100266,Female,43,No,No,Deputy Principal,North Metro,Fixed Term,Active,2019-01-15,,1.0
ED100267,Female,40,No,No,Deputy Principal,South Metro,Casual,Active,2010-03-07,,0.2
ED100268,Female,51,Yes,No,Teacher,Wheatbelt,Fixed Term,Active,2024-07-30,,1.0
ED100269,Female,46,No,Yes,Teacher,North Metro,Permanent Full-Time,Active,2020-08-17,,1.0
ED100270,Female,60,No,No,Education Assistant,North Metro,Permanent Part-Time,Terminated,2018-09-21,2019-10-10,0.6
ED100271,Female,36,No,No,Education Assistant,North Metro,Permanent Full-Time,Active,2023-12-08,,1.0
ED100272,Male,52,No,No,Education Assistant,North Metro,Fixed Term,Active,2024-06-30,,1.0
ED100273,Female,45,No,No,Aboriginal Education Officer,Mid West,Permanent Full-Time,Active,2025-06-27,,1.0
ED100274,Male,24,No,No,Teacher,South Metro,Permanent Full-Time,Active,2025-08-26,,1.0
ED100275,Female,32,No,No,Teacher,North Metro,Fixed Term,Active,2016-08-07,,1.0
ED100276,Female,42,No,No,Education Assistant,North Metro,Permanent Full-Time,Active,2019-06-06,,1.0
ED100277,Male,57,No,No,Lead Teacher,North Metro,Permanent Full-Time,Terminated,2010-11-05,2023-07-11,1.0
ED100278,Female,49,No,No,Deputy Principal,South West,Permanent Full-Time,Active,2008-01-04,,1.0
ED100279,Female,29,Yes,No,Education Assistant,North Metro,Permanent Part-Time,Active,2025-06-19,,0.6
ED100280,Female,42,No,No,Aboriginal Education Officer,Great Southern,Permanent Part-Time,Active,2005-06-23,,0.6
ED100281,Female,67,No,No,Teacher,South Metro,Permanent Part-Time,Active,1996-12-11,,0.6
ED100282,Male,45,No,No,Teacher,North Metro,Fixed Term,Active,2018-10-20,,1.0
ED100283,Male,40,No,No,Teacher,South West,Permanent Full-Time,Terminated,2016-08-20,2024-11-30,1.0
ED100284,Female,49,No,No,Lead Teacher,South Metro,Permanent Full-Time,Active,2020-05-25,,1.0
ED100285,Female,53,No,No,Teacher,Kimberley,Permanent Part-Time,Active,2001-01-23,,0.6
ED100286,Female,38,No,No,Teacher,Great Southern,Permanent Part-Time,Active,2009-10-01,,0.6
ED100287,Female,50,No,No,Teacher,North Metro,Permanent Full-Time,Terminated,2007-01-14,2007-11-08,1.0
ED100288,Female,40,No,No,Teacher,North Metro,Permanent Full-Time,Active,2014-01-15,,1.0
ED100289,Female,52,Yes,No,Lead Teacher,Kimberley,Permanent Full-Time,Active,2023-01-10,,1.0
ED100290,Female,46,No,No,Teacher,North Metro,Permanent Full-Time,Terminated,2019-08-25,2022-10-07,1.0
ED100291,Female,49,No,No,Teacher,North Metro,Permanent Full-Time,Terminated,2018-03-27,2018-09-29,1.0
ED100292,Female,34,No,No,Education Assistant,North Metro,Permanent Full-Time,Terminated,2019-10-17,2023-02-13,1.0
ED100293,Female,34,No,No,Teacher,North Metro,Permanent Full-Time,Active,2017-12-21,,1.0
ED100294,Female,55,No,No,Teacher,Mid West,Permanent Full-Time,Terminated,2022-10-14,2024-02-26,1.0
ED100295,Male,43,No,No,Teacher,North Metro,Permanent Part-Time,Active,2015-04-13,,0.6
ED100296,Male,47,No,No,Education Assistant,South Metro,Fixed Term,Active,2010-10-18,,1.0
ED100297,Female,40,No,No,Teacher,South Metro,Permanent Full-Time,Active,2013-01-28,,1.0
ED100298,Female,54,No,No,Lead Teacher,South Metro,Permanent Full-Time,Active,2008-08-30,,1.0
ED100299,Male,36,No,No,Teacher,North Metro,Casual,Active,2014-10-23,,0.2
ED100300,Male,42,No,No,Teacher,Mid West,Permanent Full-Time,Active,2025-05-24,,1.0
ED100301,Male,53,No,No,Teacher,North Metro,Casual,Active,1996-07-14,,0.2
ED100302,Female,58,No,Yes,Teacher,Pilbara,Permanent Full-Time,Active,1999-10-29,,1.0
ED100303,Non-binary,37,No,No,Lead Teacher,South West,Fixed Term,Active,2026-03-11,,1.0
ED100304,Female,67,No,No,Deputy Principal,South Metro,Permanent Full-Time,Terminated,2023-08-31,2026-03-04,1.0
ED100305,Male,47,No,No,School Administrator,South Metro,Permanent Full-Time,Active,2018-11-25,,1.0
ED100306,Male,31,No,No,Teacher,South Metro,Casual,Active,2021-04-26,,0.2
ED100307,Female,48,No,Yes,Teacher,South Metro,Casual,Terminated,2008-09-07,2018-02-27,0.2
ED100308,Male,39,No,No,Education Assistant,South West,Permanent Full-Time,Active,2026-02-24,,1.0
ED100309,Female,49,No,No,Teacher,South West,Casual,Active,2013-04-27,,0.2
ED100310,Male,43,No,No,Teacher,North Metro,Permanent Full-Time,Active,2025-01-17,,1.0
ED100311,Female,44,No,No,Teacher,South Metro,Permanent Part-Time,Active,2015-11-11,,0.6
ED100312,Male,33,No,No,Teacher,South West,Permanent Full-Time,Active,2025-07-07,,1.0
ED100313,Female,55,No,No,School Administrator,Great Southern,Permanent Full-Time,Active,2000-10-23,,1.0
ED100314,Female,30,No,No,Education Assistant,South Metro,Permanent Part-Time,Active,2024-04-20,,0.6
ED100315,Female,30,Yes,No,Deputy Principal,South Metro,Permanent Full-Time,Active,2017-08-25,,1.0
ED100316,Female,48,No,No,Teacher,North Metro,Permanent Full-Time,Active,2007-05-17,,1.0
ED100317,Female,63,No,No,Teacher,South West,Permanent Full-Time,Terminated,1996-03-27,2007-11-03,1.0
ED100318,Female,39,No,No,Teacher,North Metro,Permanent Full-Time,Active,2014-03-01,,1.0
ED100319,Female,52,No,No,Teacher,South Metro,Permanent Part-Time,Active,2020-05-27,,0.6
ED100320,Female,56,No,No,Teacher,North Metro,Permanent Full-Time,Active,2004-01-14,,1.0
ED100321,Female,53,No,No,Deputy Principal,North Metro,Fixed Term,Active,2014-02-27,,1.0
ED100322,Male,40,No,No,Principal,South Metro,Permanent Full-Time,Active,2008-12-08,,1.0
ED100323,Female,30,No,Yes,Teacher,Great Southern,Permanent Full-Time,Active,2019-06-13,,1.0
ED100324,Female,21,No,No,School Administrator,North Metro,Permanent Full-Time,Active,2025-12-24,,1.0
ED100325,Female,40,No,No,Education Assistant,South Metro,Permanent Part-Time,Active,2011-04-20,,0.6
ED100326,Female,58,No,No,Lead Teacher,North Metro,Permanent Full-Time,Active,2023-06-06,,1.0
ED100327,Female,30,No,No,Lead Teacher,North Metro,Permanent Full-Time,Active,2020-11-11,,1.0
ED100328,Female,52,No,No,Teacher,South Metro,Permanent Full-Time,Active,2020-03-02,,1.0
ED100329,Male,32,No,Yes,Teacher,South Metro,Fixed Term,Active,2023-12-03,,1.0
ED100330,Female,45,No,No,Teacher,North Metro,Permanent Full-Time,Active,2009-11-02,,1.0
ED100331,Female,52,No,No,Education Assistant,North Metro,Fixed Term,Terminated,2022-06-16,2025-03-25,1.0
ED100332,Female,36,No,No,Teacher,North Metro,Permanent Full-Time,Active,2019-11-04,,1.0
ED100333,Female,46,No,No,Teacher,North Metro,Permanent Full-Time,Active,2003-11-27,,1.0
ED100334,Female,39,No,No,Teacher,Great Southern,Permanent Full-Time,Active,2016-11-29,,1.0
ED100335,Male,52,No,No,Teacher,South West,Permanent Full-Time,Terminated,2012-05-08,2017-12-19,1.0
ED100336,Female,46,No,Yes,Education Assistant,North Metro,Permanent Full-Time,Terminated,2023-04-29,2025-07-30,1.0
ED100337,Female,44,No,No,Deputy Principal,South Metro,Casual,Active,2011-02-25,,0.2
ED100338,Female,62,No,No,Teacher,South West,Permanent Full-Time,Active,1995-04-21,,1.0
ED100339,Male,51,No,No,Teacher,North Metro,Permanent Full-Time,Active,2017-03-25,,1.0
ED100340,Female,35,No,No,Teacher,Mid West,Permanent Full-Time,Active,2022-06-29,,1.0
ED100341,Female,42,No,No,Teacher,South West,Permanent Full-Time,Active,2018-10-16,,1.0
ED100342,Female,43,No,No,Teacher,North Metro,Permanent Full-Time,Active,2016-06-16,,1.0
ED100343,Female,44,No,No,Teacher,North Metro,Fixed Term,Active,2005-05-26,,1.0
ED100344,Male,67,No,No,Teacher,Great Southern,Permanent Full-Time,Terminated,2015-09-07,2023-03-26,1.0
ED100345,Female,48,Yes,No,Lead Teacher,South Metro,Permanent Part-Time,Active,2003-02-01,,0.6
ED100346,Female,21,No,No,Lead Teacher,North Metro,Permanent Full-Time,Active,2026-01-13,,1.0
ED100347,Male,37,No,No,Teacher,North Metro,Permanent Full-Time,Terminated,2015-04-22,2021-09-06,1.0
ED100348,Female,21,No,No,Teacher,South Metro,Permanent Full-Time,Active,2025-12-29,,1.0
ED100349,Female,40,No,No,Lead Teacher,Kimberley,Permanent Full-Time,Active,2020-11-25,,1.0
ED100350,Female,21,No,No,Teacher,Pilbara,Permanent Full-Time,Active,2026-04-02,,1.0
ED100351,Female,33,No,No,Education Assistant,Great Southern,Permanent Full-Time,Terminated,2016-06-04,2022-02-12,1.0
ED100352,Female,25,No,No,Principal,North Metro,Permanent Full-Time,Active,2025-03-06,,1.0
ED100353,Male,48,No,No,Teacher,South Metro,Fixed Term,Active,2009-06-15,,1.0
ED100354,Female,44,No,No,Teacher,South Metro,Permanent Full-Time,Active,2022-07-14,,1.0
ED100355,Female,47,No,No,Lead Teacher,South Metro,Permanent Part-Time,Terminated,2006-10-09,2016-09-16,0.6
ED100356,Male,42,No,No,Teacher,North Metro,Permanent Full-Time,Active,2005-11-17,,1.0
ED100357,Female,27,No,No,Lead Teacher,Great Southern,Fixed Term,Terminated,2021-11-23,2023-02-22,1.0
ED100358,Female,50,No,No,School Administrator,Wheatbelt,Permanent Full-Time,Terminated,2005-12-16,2012-11-09,1.0
ED100359,Female,67,No,No,Lead Teacher,South Metro,Permanent Full-Time,Active,2006-08-17,,1.0
ED100360,Male,48,No,No,Teacher,South Metro,Casual,Active,2025-09-05,,0.2
ED100361,Male,38,Yes,No,Lead Teacher,North Metro,Permanent Full-Time,Terminated,2014-02-12,2017-03-03,1.0
ED100362,Male,26,No,No,Teacher,South Metro,Permanent Full-Time,Active,2023-06-13,,1.0
ED100363,Male,33,No,No,Teacher,Kimberley,Permanent Full-Time,Active,2016-04-28,,1.0
ED100364,Female,49,No,No,School Administrator,South Metro,Permanent Full-Time,Active,2012-01-02,,1.0
ED100365,Female,56,No,No,Teacher,Great Southern,Casual,Terminated,1994-07-20,2022-09-01,0.2
ED100366,Male,47,No,No,School Administrator,South Metro,Fixed Term,Active,2026-04-19,,1.0
ED100367,Female,53,No,No,Aboriginal Education Officer,South Metro,Fixed Term,Active,2018-04-10,,1.0
ED100368,Female,52,No,No,Teacher,Mid West,Casual,Active,2006-02-25,,0.2
ED100369,Female,50,No,No,Teacher,North Metro,Permanent Full-Time,Active,2000-11-16,,1.0
ED100370,Female,36,No,No,Teacher,South Metro,Permanent Full-Time,Active,2022-08-04,,1.0
ED100371,Male,46,No,No,Teacher,North Metro,Permanent Part-Time,Terminated,2003-08-31,2021-01-11,0.6
ED100372,Female,33,Yes,No,Teacher,South Metro,Permanent Full-Time,Active,2021-11-29,,1.0
ED100373,Female,44,No,Yes,Deputy Principal,Mid West,Permanent Full-Time,Active,2012-09-07,,1.0
ED100374,Non-binary,47,No,No,Teacher,South Metro,Permanent Full-Time,Active,2026-03-26,,1.0
ED100375,Female,64,No,No,Teacher,Mid West,Fixed Term,Active,2022-08-09,,1.0
ED100376,Female,28,No,No,Education Assistant,South Metro,Permanent Full-Time,Active,2025-08-05,,1.0
ED100377,Female,49,No,No,Teacher,North Metro,Fixed Term,Active,2009-01-15,,1.0
ED100378,Male,61,No,No,Education Assistant,Mid West,Permanent Full-Time,Terminated,2014-07-23,2025-08-07,1.0
ED100379,Male,53,No,No,Teacher,North Metro,Permanent Full-Time,Terminated,2005-05-02,2007-05-19,1.0
ED100380,Male,53,No,No,Teacher,North Metro,Fixed Term,Active,2024-03-05,,1.0
ED100381,Female,51,No,No,Deputy Principal,South Metro,Casual,Active,2005-09-18,,0.2
ED100382,Female,59,Yes,No,Lead Teacher,North Metro,Permanent Full-Time,Active,2021-11-19,,1.0
ED100383,Male,30,No,No,Education Assistant,North Metro,Permanent Full-Time,Active,2020-12-26,,1.0
ED100384,Male,27,No,No,Education Assistant,South Metro,Permanent Full-Time,Active,2026-03-12,,1.0
ED100385,Female,43,No,No,Education Assistant,South Metro,Fixed Term,Terminated,2013-07-10,2015-03-22,1.0
ED100386,Female,21,No,No,Teacher,South Metro,Permanent Full-Time,Active,2025-10-16,,1.0
ED100387,Male,58,Yes,No,Teacher,Great Southern,Permanent Full-Time,Active,2024-10-01,,1.0
ED100388,Male,58,No,No,Education Assistant,South Metro,Permanent Part-Time,Terminated,2021-01-31,2026-03-17,0.6
ED100389,Male,38,No,No,Education Assistant,Wheatbelt,Permanent Full-Time,Active,2013-12-24,,1.0
ED100390,Male,39,No,No,School Administrator,North Metro,Permanent Full-Time,Active,2020-10-15,,1.0
ED100391,Female,43,No,No,Teacher,South Metro,Fixed Term,Active,2007-07-09,,1.0
ED100392,Female,44,No,No,Teacher,Wheatbelt,Fixed Term,Active,2021-03-19,,1.0
ED100393,Female,45,No,No,Education Assistant,South Metro,Fixed Term,Active,2005-12-30,,1.0
ED100394,Female,50,No,No,Teacher,Kimberley,Permanent Full-Time,Active,2003-05-15,,1.0
ED100395,Male,41,No,No,School Administrator,South Metro,Fixed Term,Active,2021-11-12,,1.0
ED100396,Female,55,No,No,Education Assistant,North Metro,Permanent Part-Time,Active,1997-05-15,,0.6
ED100397,Female,49,No,No,Teacher,South Metro,Permanent Full-Time,Active,2004-11-09,,1.0
ED100398,Female,36,No,No,Education Assistant,South Metro,Permanent Part-Time,Active,2025-07-17,,0.6
ED100399,Female,60,No,No,Education Assistant,Wheatbelt,Permanent Full-Time,Active,2011-11-04,,1.0
ED100400,Female,27,No,No,Teacher,North Metro,Permanent Part-Time,Active,2025-04-13,,0.6
ED100401,Female,42,No,No,Aboriginal Education Officer,Great Southern,Permanent Part-Time,Active,2015-12-01,,0.6
ED100402,Female,55,No,No,Teacher,South West,Permanent Part-Time,Terminated,2017-12-29,2021-01-09,0.6
ED100403,Female,35,No,No,Education Assistant,North Metro,Permanent Full-Time,Active,2020-10-03,,1.0
ED100404,Male,47,No,No,Teacher,North Metro,Permanent Part-Time,Active,2003-09-01,,0.6
ED100405,Female,50,No,No,Aboriginal Education Officer,South West,Permanent Full-Time,Active,2023-05-27,,1.0
ED100406,Female,33,Yes,No,Teacher,Great Southern,Fixed Term,Active,2017-02-07,,1.0
ED100407,Female,43,No,No,Teacher,South Metro,Permanent Part-Time,Active,2013-05-03,,0.6
ED100408,Female,42,No,No,Aboriginal Education Officer,North Metro,Permanent Full-Time,Active,2025-07-05,,1.0
ED100409,Female,37,No,No,Teacher,South Metro,Permanent Full-Time,Active,2013-12-09,,1.0
ED100410,Male,67,No,No,Teacher,Goldfields,Permanent Part-Time,Active,2023-11-25,,0.6
ED100411,Male,34,Yes,No,School Administrator,North Metro,Permanent Full-Time,Active,2016-11-16,,1.0
ED100412,Female,56,No,No,School Administrator,Pilbara,Permanent Part-Time,Active,2025-06-12,,0.6
ED100413,Female,39,No,No,Lead Teacher,North Metro,Permanent Full-Time,Active,2018-02-11,,1.0
ED100414,Male,30,No,No,Lead Teacher,North Metro,Permanent Part-Time,Active,2025-04-10,,0.6
ED100415,Male,45,No,No,Teacher,South Metro,Permanent Full-Time,Active,2003-07-07,,1.0
ED100416,Female,51,No,No,Teacher,South Metro,Permanent Full-Time,Active,2005-01-05,,1.0
ED100417,Female,55,No,No,Teacher,North Metro,Casual,Active,2013-12-16,,0.2
ED100418,Female,62,No,No,Principal,South Metro,Permanent Part-Time,Terminated,2009-04-23,2013-12-04,0.6
ED100419,Female,67,No,No,Education Assistant,North Metro,Permanent Full-Time,Terminated,2005-07-14,2013-12-10,1.0
ED100420,Female,47,No,No,Education Assistant,North Metro,Casual,Terminated,2008-07-05,2014-06-08,0.2
ED100421,Female,36,No,No,Education Assistant,North Metro,Permanent Full-Time,Active,2024-04-01,,1.0
ED100422,Female,49,No,No,Teacher,Great Southern,Permanent Part-Time,Active,2025-04-23,,0.6
ED100423,Female,40,No,No,Teacher,South Metro,Permanent Full-Time,Active,2013-12-25,,1.0
ED100424,Male,55,No,No,Teacher,South Metro,Permanent Full-Time,Active,2000-08-16,,1.0
ED100425,Male,28,No,No,Teacher,South Metro,Permanent Full-Time,Active,2020-03-12,,1.0
ED100426,Female,67,No,No,Teacher,Great Southern,Permanent Full-Time,Active,2024-05-20,,1.0
ED100427,Male,54,No,No,Aboriginal Education Officer,North Metro,Fixed Term,Active,1993-06-24,,1.0
ED100428,Female,23,Yes,No,Teacher,Goldfields,Fixed Term,Active,2025-09-15,,1.0
ED100429,Male,35,No,No,Teacher,Kimberley,Permanent Full-Time,Active,2020-10-21,,1.0
ED100430,Female,53,No,No,Teacher,South Metro,Permanent Full-Time,Active,2014-12-02,,1.0
ED100431,Female,58,No,No,Education Assistant,North Metro,Fixed Term,Active,1993-08-24,,1.0
ED100432,Female,28,No,No,Lead Teacher,Goldfields,Permanent Full-Time,Active,2022-07-29,,1.0
ED100433,Female,52,No,No,Teacher,North Metro,Permanent Full-Time,Terminated,1999-02-22,1999-10-28,1.0
ED100434,Male,21,No,No,Teacher,South Metro,Permanent Full-Time,Active,2025-07-20,,1.0
ED100435,Female,42,No,No,Deputy Principal,Pilbara,Permanent Full-Time,Active,2009-01-01,,1.0
ED100436,Female,57,No,No,Teacher,North Metro,Permanent Full-Time,Active,2002-12-12,,1.0
ED100437,Female,37,No,No,Education Assistant,Wheatbelt,Permanent Part-Time,Active,2021-01-20,,0.6
ED100438,Female,25,Yes,No,Deputy Principal,North Metro,Permanent Full-Time,Active,2022-07-19,,1.0
ED100439,Female,45,No,No,Teacher,Wheatbelt,Fixed Term,Active,2010-07-10,,1.0
ED100440,Female,36,No,No,Teacher,South Metro,Permanent Full-Time,Active,2020-08-04,,1.0
ED100441,Male,51,No,No,School Administrator,North Metro,Permanent Full-Time,Active,2003-11-24,,1.0
ED100442,Male,33,Yes,No,Teacher,North Metro,Permanent Full-Time,Active,2022-05-10,,1.0
ED100443,Male,34,No,No,Teacher,South West,Permanent Part-Time,Active,2017-01-12,,0.6
ED100444,Female,21,No,No,Education Assistant,North Metro,Permanent Full-Time,Active,2025-12-12,,1.0
ED100445,Female,46,Yes,Yes,School Administrator,North Metro,Permanent Full-Time,Terminated,2019-03-24,2024-12-27,1.0
ED100446,Female,42,No,No,School Administrator,North Metro,Fixed Term,Active,2020-10-29,,1.0
ED100447,Female,29,No,Yes,Education Assistant,South Metro,Permanent Full-Time,Active,2019-12-08,,1.0
ED100448,Female,46,No,No,Teacher,South Metro,Permanent Part-Time,Active,2011-04-07,,0.6
ED100449,Non-binary,56,No,No,Teacher,North Metro,Casual,Active,2024-06-26,,0.2
ED100450,Male,41,No,No,Education Assistant,North Metro,Permanent Full-Time,Active,2011-05-30,,1.0
ED100451,Male,47,No,No,Lead Teacher,North Metro,Permanent Full-Time,Active,2013-12-19,,1.0
ED100452,Male,47,Yes,No,Teacher,North Metro,Permanent Full-Time,Terminated,2023-02-14,2026-03-18,1.0
ED100453,Male,29,No,No,Aboriginal Education Officer,South Metro,Fixed Term,Active,2020-07-15,,1.0
ED100454,Male,67,No,No,Teacher,Kimberley,Permanent Full-Time,Active,2012-06-22,,1.0
ED100455,Female,38,No,No,Teacher,North Metro,Permanent Part-Time,Active,2024-04-20,,0.6
ED100456,Female,51,No,No,Teacher,South Metro,Permanent Part-Time,Terminated,2014-01-09,2018-11-11,0.6
ED100457,Female,53,No,No,Teacher,South Metro,Permanent Full-Time,Active,2026-03-27,,1.0
ED100458,Female,42,No,No,Teacher,Great Southern,Permanent Part-Time,Terminated,2010-11-25,2011-09-27,0.6
ED100459,Female,51,No,No,Teacher,South West,Permanent Full-Time,Active,2022-04-04,,1.0
ED100460,Female,46,No,No,Teacher,Mid West,Permanent Full-Time,Terminated,2003-01-03,2016-11-03,1.0
ED100461,Female,26,No,No,Lead Teacher,North Metro,Permanent Part-Time,Active,2024-06-02,,0.6
ED100462,Male,40,No,No,Education Assistant,North Metro,Permanent Full-Time,Active,2011-04-14,,1.0
ED100463,Male,36,No,No,Lead Teacher,North Metro,Permanent Full-Time,Active,2021-11-29,,1.0
ED100464,Female,38,No,No,School Administrator,North Metro,Permanent Part-Time,Active,2010-08-15,,0.6
ED100465,Female,28,No,No,Teacher,South Metro,Permanent Part-Time,Terminated,2021-01-13,2023-09-11,0.6
ED100466,Female,57,No,No,Teacher,Mid West,Permanent Full-Time,Active,2023-04-10,,1.0
ED100467,Female,63,No,No,Education Assistant,Wheatbelt,Permanent Part-Time,Active,1995-02-08,,0.6
ED100468,Male,55,No,No,Teacher,Wheatbelt,Permanent Full-Time,Active,2021-01-13,,1.0
ED100469,Female,59,No,No,School Administrator,South Metro,Fixed Term,Active,2005-05-29,,1.0
ED100470,Female,39,No,No,Teacher,Goldfields,Permanent Part-Time,Terminated,2020-11-23,2021-06-25,0.6
ED100471,Male,36,No,No,School Administrator,North Metro,Permanent Full-Time,Active,2016-07-23,,1.0
ED100472,Male,34,No,No,Teacher,North Metro,Permanent Full-Time,Active,2023-07-13,,1.0
ED100473,Female,51,No,No,Aboriginal Education Officer,Kimberley,Permanent Part-Time,Active,2016-11-16,,0.6
ED100474,Female,46,No,No,Teacher,North Metro,Fixed Term,Terminated,2014-04-26,2017-01-21,1.0
ED100475,Female,43,No,No,School Administrator,South Metro,Permanent Full-Time,Active,2011-02-10,,1.0
ED100476,Female,59,No,No,Teacher,North Metro,Permanent Full-Time,Active,2010-07-11,,1.0
ED100477,Female,48,No,No,Lead Teacher,Kimberley,Permanent Full-Time,Active,2021-04-29,,1.0
ED100478,Female,33,No,No,School Administrator,Pilbara,Permanent Full-Time,Active,2022-11-03,,1.0
ED100479,Female,35,No,No,Teacher,North Metro,Permanent Part-Time,Active,2025-07-21,,0.6
ED100480,Female,52,No,No,Lead Teacher,Mid West,Permanent Full-Time,Active,1995-11-28,,1.0
ED100481,Female,56,No,No,Deputy Principal,North Metro,Permanent Part-Time,Terminated,1997-06-18,1999-07-30,0.6
ED100482,Male,50,Yes,No,Teacher,South Metro,Fixed Term,Terminated,2022-07-05,2023-09-15,1.0
ED100483,Female,66,Yes,No,Lead Teacher,Kimberley,Casual,Active,2012-06-02,,0.2
ED100484,Female,63,No,No,Lead Teacher,Kimberley,Permanent Full-Time,Active,2007-12-19,,1.0
ED100485,Male,49,No,No,Aboriginal Education Officer,Great Southern,Permanent Part-Time,Active,2007-06-11,,0.6
ED100486,Female,33,No,No,Teacher,North Metro,Fixed Term,Active,2021-02-04,,1.0
ED100487,Male,28,No,No,Teacher,Goldfields,Permanent Full-Time,Terminated,2021-01-23,2023-04-22,1.0
ED100488,Female,39,No,No,School Administrator,South Metro,Permanent Full-Time,Active,2021-03-18,,1.0
ED100489,Female,53,No,No,Aboriginal Education Officer,South West,Fixed Term,Active,1996-01-15,,1.0
ED100490,Female,65,No,No,Teacher,North Metro,Permanent Full-Time,Active,2010-04-02,,1.0
ED100491,Female,49,No,No,Lead Teacher,Pilbara,Fixed Term,Terminated,2022-09-22,2024-02-01,1.0
ED100492,Female,58,No,No,Teacher,South Metro,Permanent Full-Time,Active,1991-07-18,,1.0
ED100493,Female,41,No,No,Teacher,North Metro,Permanent Full-Time,Active,2025-08-19,,1.0
ED100494,Female,51,No,No,Teacher,South Metro,Permanent Full-Time,Active,2022-07-25,,1.0
ED100495,Female,53,No,Yes,Teacher,North Metro,Permanent Full-Time,Active,2012-03-22,,1.0
ED100496,Female,21,No,No,Lead Teacher,South Metro,Permanent Full-Time,Active,2026-04-08,,1.0
ED100497,Female,39,No,No,Teacher,South West,Permanent Full-Time,Active,2010-07-17,,1.0
ED100498,Female,55,No,No,School Administrator,South Metro,Permanent Full-Time,Active,2021-05-20,,1.0
ED100499,Female,47,No,No,School Administrator,South Metro,Permanent Full-Time,Active,2017-02-03,,1.0
ED100500,Female,29,No,No,Deputy Principal,South Metro,Permanent Full-Time,Active,2019-02-11,,1.0
ED100501,Female,21,No,No,Teacher,North Metro,Fixed Term,Active,2026-03-19,,1.0
ED100502,Male,39,No,No,Teacher,North Metro,Permanent Full-Time,Active,2013-04-02,,1.0
ED100503,Female,43,No,No,Education Assistant,South Metro,Fixed Term,Active,2010-08-03,,1.0
ED100504,Male,33,No,No,Deputy Principal,North Metro,Fixed Term,Active,2024-12-29,,1.0
ED100505,Female,45,No,No,Teacher,North Metro,Permanent Full-Time,Active,2008-11-23,,1.0
ED100506,Female,50,No,No,Aboriginal Education Officer,South Metro,Permanent Full-Time,Terminated,2022-08-11,2024-09-28,1.0
ED100507,Female,52,No,No,Education Assistant,North Metro,Fixed Term,Active,2011-08-13,,1.0
ED100508,Female,21,No,No,School Administrator,North Metro,Permanent Part-Time,Active,2026-01-25,,0.6
ED100509,Female,28,No,No,Deputy Principal,South Metro,Permanent Full-Time,Active,2024-03-05,,1.0
ED100510,Female,40,No,No,Lead Teacher,North Metro,Permanent Part-Time,Terminated,2016-09-22,2022-02-04,0.6
ED100511,Female,50,No,No,Teacher,South West,Permanent Full-Time,Terminated,2008-11-23,2024-02-07,1.0
ED100512,Female,49,No,No,School Administrator,Wheatbelt,Permanent Full-Time,Active,2023-07-11,,1.0
ED100513,Female,49,No,No,Education Assistant,Kimberley,Permanent Full-Time,Active,2026-04-17,,1.0
ED100514,Female,39,No,No,Teacher,North Metro,Permanent Full-Time,Terminated,2010-11-20,2012-10-12,1.0
ED100515,Female,40,No,Yes,Teacher,Mid West,Casual,Active,2012-09-18,,0.2
ED100516,Female,35,No,No,Teacher,Mid West,Fixed Term,Active,2018-08-06,,1.0
ED100517,Female,53,No,No,Education Assistant,Pilbara,Permanent Part-Time,Active,2024-08-10,,0.6
ED100518,Male,32,No,No,School Administrator,North Metro,Permanent Full-Time,Active,2016-09-22,,1.0
ED100519,Female,54,No,No,Teacher,South Metro,Permanent Full-Time,Active,2002-04-03,,1.0
ED100520,Female,46,No,No,Lead Teacher,Wheatbelt,Permanent Full-Time,Active,2002-03-05,,1.0
ED100521,Female,43,No,No,Teacher,South Metro,Permanent Full-Time,Active,2013-11-27,,1.0
ED100522,Male,36,No,No,School Administrator,South Metro,Permanent Full-Time,Active,2019-03-28,,1.0
ED100523,Female,27,No,No,Education Assistant,South Metro,Permanent Full-Time,Active,2023-11-12,,1.0
ED100524,Female,36,No,No,Education Assistant,South Metro,Permanent Full-Time,Active,2014-08-30,,1.0
ED100525,Male,40,No,No,Teacher,North Metro,Fixed Term,Terminated,2008-12-13,2010-12-15,1.0
ED100526,Female,21,No,Yes,Teacher,South Metro,Fixed Term,Active,2026-04-16,,1.0
ED100527,Female,41,No,No,Teacher,North Metro,Permanent Full-Time,Active,2010-08-08,,1.0
ED100528,Male,55,No,No,Teacher,South Metro,Permanent Part-Time,Active,1998-03-03,,0.6
ED100529,Female,50,Yes,No,Education Assistant,North Metro,Permanent Full-Time,Active,1999-07-08,,1.0
ED100530,Male,38,No,No,Education Assistant,South Metro,Permanent Full-Time,Active,2015-12-18,,1.0
ED100531,Male,44,No,No,School Administrator,North Metro,Fixed Term,Active,2012-08-20,,1.0
ED100532,Male,37,No,No,School Administrator,Kimberley,Permanent Part-Time,Active,2014-09-25,,0.6
ED100533,Female,45,No,No,Lead Teacher,Mid West,Permanent Full-Time,Active,2011-10-29,,1.0
ED100534,Female,62,No,No,Education Assistant,North Metro,Permanent Full-Time,Active,2012-09-02,,1.0
ED100535,Female,55,No,No,School Administrator,North Metro,Fixed Term,Active,1994-05-12,,1.0
ED100536,Female,50,No,No,Education Assistant,North Metro,Permanent Full-Time,Active,2005-05-15,,1.0
ED100537,Female,38,No,No,Teacher,Wheatbelt,Permanent Full-Time,Active,2020-12-14,,1.0
ED100538,Female,52,No,No,Teacher,South Metro,Fixed Term,Active,2020-08-01,,1.0
ED100539,Female,23,No,No,Teacher,South Metro,Permanent Full-Time,Active,2025-04-11,,1.0
ED100540,Female,40,No,No,School Administrator,North Metro,Permanent Full-Time,Active,2011-10-25,,1.0
ED100541,Female,51,No,No,Lead Teacher,South Metro,Permanent Full-Time,Terminated,2000-03-04,2025-03-08,1.0
ED100542,Male,52,No,No,Teacher,Wheatbelt,Fixed Term,Active,2019-12-09,,1.0
ED100543,Male,52,No,No,Principal,Wheatbelt,Fixed Term,Active,2019-04-07,,1.0
ED100544,Male,47,No,No,Lead Teacher,South Metro,Permanent Full-Time,Terminated,2010-01-16,2021-12-13,1.0
ED100545,Female,41,No,No,Teacher,North Metro,Permanent Full-Time,Active,2011-01-17,,1.0
ED100546,Male,50,No,No,Teacher,North Metro,Permanent Full-Time,Active,2002-06-17,,1.0
ED100547,Male,32,No,No,Principal,North Metro,Permanent Full-Time,Active,2025-05-15,,1.0
ED100548,Female,33,No,No,Teacher,North Metro,Permanent Full-Time,Active,2018-08-29,,1.0
ED100549,Female,44,No,No,Education Assistant,North Metro,Permanent Full-Time,Active,2012-04-09,,1.0
ED100550,Female,46,No,No,Teacher,North Metro,Permanent Full-Time,Active,2016-03-01,,1.0
ED100551,Female,22,No,No,Education Assistant,South Metro,Casual,Active,2026-03-17,,0.2
ED100552,Female,49,No,No,Lead Teacher,South West,Permanent Full-Time,Active,2023-06-13,,1.0
ED100553,Female,53,No,No,Lead Teacher,South Metro,Permanent Full-Time,Active,2002-11-29,,1.0
ED100554,Male,43,No,No,Education Assistant,Wheatbelt,Permanent Full-Time,Active,2023-05-13,,1.0
ED100555,Female,67,No,No,Teacher,Kimberley,Permanent Part-Time,Active,1998-11-23,,0.6
ED100556,Female,35,No,No,Teacher,North Metro,Permanent Full-Time,Active,2019-05-01,,1.0
ED100557,Male,39,No,No,Teacher,Pilbara,Permanent Full-Time,Active,2016-02-13,,1.0
ED100558,Female,39,Yes,No,Education Assistant,North Metro,Permanent Part-Time,Active,2019-04-04,,0.6
ED100559,Male,43,No,No,Lead Teacher,South Metro,Casual,Active,2021-08-27,,0.2
ED100560,Female,40,No,No,Deputy Principal,North Metro,Permanent Part-Time,Active,2025-08-11,,0.6
ED100561,Male,27,No,No,Teacher,Great Southern,Permanent Full-Time,Terminated,2022-12-16,2025-04-12,1.0
ED100562,Female,37,No,No,Teacher,North Metro,Permanent Full-Time,Active,2017-10-24,,1.0
ED100563,Female,42,No,Yes,Teacher,North Metro,Permanent Part-Time,Terminated,2019-05-16,2021-03-19,0.6
ED100564,Female,58,Yes,No,Teacher,South West,Permanent Full-Time,Terminated,1994-10-30,2014-04-21,1.0
ED100565,Female,67,No,Yes,Lead Teacher,North Metro,Permanent Full-Time,Terminated,1991-09-30,1997-02-06,1.0
ED100566,Male,60,No,No,Teacher,Kimberley,Casual,Terminated,2021-03-12,2022-04-05,0.2
ED100567,Female,34,No,No,Teacher,Kimberley,Fixed Term,Active,2017-10-13,,1.0
ED100568,Male,35,No,No,Aboriginal Education Officer,Wheatbelt,Fixed Term,Active,2018-11-01,,1.0
ED100569,Female,42,No,No,Teacher,Great Southern,Fixed Term,Active,2015-03-02,,1.0
ED100570,Female,65,No,No,Teacher,Great Southern,Permanent Part-Time,Terminated,2013-03-31,2024-02-03,0.6
ED100571,Male,42,No,No,Education Assistant,North Metro,Permanent Part-Time,Active,2006-05-31,,0.6
ED100572,Female,28,No,No,Teacher,Wheatbelt,Permanent Full-Time,Active,2022-10-10,,1.0
ED100573,Female,37,No,No,Lead Teacher,South Metro,Casual,Active,2018-11-30,,0.2
ED100574,Male,53,No,No,Education Assistant,South Metro,Permanent Full-Time,Terminated,2002-01-13,2021-01-12,1.0
ED100575,Male,52,No,No,School Administrator,North Metro,Permanent Full-Time,Active,2001-10-22,,1.0
ED100576,Male,41,No,No,Teacher,Goldfields,Permanent Full-Time,Active,2014-06-07,,1.0
ED100577,Male,52,Yes,No,School Administrator,Great Southern,Permanent Full-Time,Active,1995-12-08,,1.0
ED100578,Female,21,No,No,Teacher,South West,Permanent Full-Time,Active,2025-06-22,,1.0
ED100579,Male,45,No,No,Teacher,South Metro,Permanent Full-Time,Terminated,2018-07-10,2020-05-17,1.0
ED100580,Female,54,No,No,Teacher,North Metro,Permanent Full-Time,Active,1994-06-29,,1.0
ED100581,Non-binary,34,No,No,School Administrator,South Metro,Permanent Full-Time,Active,2022-02-02,,1.0
ED100582,Female,33,No,Yes,Teacher,Wheatbelt,Permanent Full-Time,Active,2022-08-29,,1.0
ED100583,Female,21,No,No,Teacher,Kimberley,Permanent Full-Time,Active,2026-03-23,,1.0
ED100584,Female,63,No,No,Lead Teacher,South Metro,Permanent Full-Time,Terminated,2005-09-13,2021-11-24,1.0
ED100585,Female,35,No,No,Teacher,North Metro,Fixed Term,Active,2022-08-01,,1.0
ED100586,Female,46,No,No,Teacher,South Metro,Permanent Full-Time,Active,2024-10-06,,1.0
ED100587,Male,51,No,No,Teacher,South Metro,Permanent Full-Time,Active,2024-04-19,,1.0
ED100588,Male,62,No,No,Teacher,South West,Permanent Full-Time,Terminated,1992-04-05,2011-02-19,1.0
ED100589,Female,42,No,No,Teacher,South Metro,Fixed Term,Active,2015-05-24,,1.0
ED100590,Male,37,No,No,Teacher,North Metro,Permanent Part-Time,Active,2018-11-15,,0.6
ED100591,Female,46,No,No,Lead Teacher,South Metro,Permanent Full-Time,Active,2019-02-05,,1.0
ED100592,Female,59,No,No,Teacher,North Metro,Fixed Term,Active,2020-07-30,,1.0
ED100593,Female,41,No,No,Teacher,Great Southern,Fixed Term,Active,2009-04-02,,1.0
ED100594,Male,32,No,No,Aboriginal Education Officer,South Metro,Permanent Part-Time,Active,2025-08-02,,0.6
ED100595,Female,25,No,No,Teacher,South Metro,Permanent Full-Time,Active,2023-07-20,,1.0
ED100596,Female,29,No,No,Principal,South Metro,Permanent Part-Time,Active,2025-09-04,,0.6
ED100597,Female,54,No,No,Teacher,Goldfields,Permanent Full-Time,Active,2000-08-04,,1.0
ED100598,Female,40,No,No,Teacher,Goldfields,Permanent Part-Time,Active,2022-02-02,,0.6
ED100599,Female,36,No,No,Teacher,Kimberley,Fixed Term,Active,2024-11-26,,1.0
ED100600,Female,35,No,No,Teacher,North Metro,Fixed Term,Active,2016-02-23,,1.0
ED100601,Female,45,No,No,Teacher,North Metro,Permanent Full-Time,Active,2003-12-06,,1.0
ED100602,Female,41,No,No,Teacher,North Metro,Fixed Term,Active,2014-02-18,,1.0
ED100603,Male,40,No,No,Teacher,Goldfields,Permanent Full-Time,Active,2011-07-22,,1.0
ED100604,Female,60,No,No,Teacher,North Metro,Permanent Full-Time,Terminated,2023-11-03,2025-09-17,1.0
ED100605,Female,62,No,No,Teacher,South Metro,Permanent Full-Time,Active,1997-07-19,,1.0
ED100606,Female,24,No,No,Teacher,Wheatbelt,Permanent Part-Time,Active,2023-09-20,,0.6
ED100607,Male,47,No,No,Teacher,South West,Permanent Full-Time,Active,2016-11-19,,1.0
ED100608,Male,34,No,No,Teacher,South Metro,Permanent Full-Time,Active,2016-04-02,,1.0
ED100609,Male,41,No,No,Deputy Principal,South Metro,Permanent Full-Time,Active,2008-07-31,,1.0
ED100610,Female,47,No,No,Teacher,North Metro,Permanent Part-Time,Active,2007-01-05,,0.6
ED100611,Male,41,No,No,Education Assistant,Goldfields,Fixed Term,Active,2019-11-23,,1.0
ED100612,Female,46,No,Yes,Lead Teacher,Wheatbelt,Permanent Part-Time,Active,2016-05-17,,0.6
ED100613,Female,52,No,No,Teacher,North Metro,Permanent Full-Time,Active,2000-12-22,,1.0
ED100614,Female,47,No,No,Education Assistant,South Metro,Casual,Active,2001-10-29,,0.2
ED100615,Female,36,No,No,School Administrator,Wheatbelt,Permanent Part-Time,Active,2020-12-22,,0.6
ED100616,Male,36,No,No,Teacher,Wheatbelt,Fixed Term,Active,2013-09-27,,1.0
ED100617,Male,26,No,No,Teacher,North Metro,Permanent Part-Time,Active,2023-10-10,,0.6
ED100618,Female,33,No,No,Education Assistant,South Metro,Casual,Active,2023-06-19,,0.2
ED100619,Female,67,No,Yes,Education Assistant,North Metro,Fixed Term,Active,2021-05-31,,1.0
ED100620,Female,34,No,No,Teacher,North Metro,Permanent Full-Time,Terminated,2014-05-08,2022-10-10,1.0
ED100621,Female,29,No,No,Teacher,South West,Permanent Full-Time,Active,2024-12-20,,1.0
ED100622,Female,47,No,No,Teacher,Wheatbelt,Permanent Part-Time,Active,2024-02-17,,0.6
ED100623,Male,42,No,Yes,Teacher,Pilbara,Permanent Full-Time,Active,2025-01-11,,1.0
ED100624,Male,41,No,No,Lead Teacher,North Metro,Permanent Part-Time,Active,2022-08-07,,0.6
ED100625,Female,60,No,No,Teacher,Wheatbelt,Permanent Full-Time,Terminated,2009-01-13,2020-02-13,1.0
ED100626,Male,50,No,No,Teacher,South Metro,Permanent Full-Time,Active,2016-04-23,,1.0
ED100627,Female,37,No,No,Education Assistant,North Metro,Permanent Full-Time,Active,2011-07-24,,1.0
ED100628,Female,38,No,No,Teacher,South Metro,Fixed Term,Terminated,2021-01-19,2022-01-21,1.0
ED100629,Female,37,No,No,Teacher,North Metro,Permanent Part-Time,Active,2010-12-28,,0.6
ED100630,Female,54,No,No,Deputy Principal,Pilbara,Permanent Full-Time,Active,2004-04-14,,1.0
ED100631,Male,40,No,No,Aboriginal Education Officer,South Metro,Permanent Full-Time,Terminated,2008-02-23,2022-03-30,1.0
ED100632,Female,22,No,No,Teacher,North Metro,Permanent Full-Time,Active,2026-03-29,,1.0
ED100633,Female,43,Yes,Yes,Teacher,North Metro,Permanent Full-Time,Active,2024-11-24,,1.0
ED100634,Female,25,No,No,Teacher,North Metro,Permanent Full-Time,Active,2025-07-17,,1.0
ED100635,Male,67,No,No,Teacher,North Metro,Permanent Part-Time,Active,2013-01-05,,0.6
ED100636,Female,32,No,No,Teacher,South Metro,Fixed Term,Active,2017-01-20,,1.0
ED100637,Male,42,No,No,Teacher,Wheatbelt,Permanent Full-Time,Active,2018-06-10,,1.0
ED100638,Male,47,No,No,Teacher,North Metro,Permanent Full-Time,Active,2004-06-13,,1.0
ED100639,Female,40,No,No,Teacher,North Metro,Permanent Part-Time,Active,2018-01-16,,0.6
ED100640,Female,40,No,No,Teacher,South Metro,Casual,Active,2016-08-01,,0.2
ED100641,Male,49,No,No,Teacher,Mid West,Fixed Term,Active,2011-11-30,,1.0
ED100642,Female,62,No,No,Teacher,North Metro,Permanent Full-Time,Active,2010-05-30,,1.0
ED100643,Male,53,No,No,Teacher,North Metro,Permanent Full-Time,Terminated,2016-03-13,2023-03-03,1.0
ED100644,Female,61,No,No,Teacher,South Metro,Permanent Full-Time,Terminated,2009-12-23,2021-12-30,1.0
ED100645,Female,31,Yes,No,Aboriginal Education Officer,North Metro,Permanent Part-Time,Active,2017-09-04,,0.6
ED100646,Male,47,No,No,Lead Teacher,North Metro,Permanent Part-Time,Active,2023-04-11,,0.6
ED100647,Male,45,No,No,Principal,Pilbara,Permanent Full-Time,Active,2014-05-27,,1.0
ED100648,Non-binary,48,No,No,Education Assistant,South Metro,Fixed Term,Active,2006-12-10,,1.0
ED100649,Female,60,No,No,Teacher,South Metro,Permanent Full-Time,Active,2013-09-15,,1.0
ED100650,Male,41,No,No,Teacher,Pilbara,Casual,Active,2012-01-24,,0.2
ED100651,Male,39,No,No,Teacher,Goldfields,Permanent Full-Time,Active,2020-05-10,,1.0
ED100652,Male,50,No,No,Lead Teacher,North Metro,Permanent Full-Time,Active,2004-09-10,,1.0
ED100653,Female,22,No,No,Education Assistant,South Metro,Permanent Full-Time,Active,2026-01-25,,1.0
ED100654,Female,41,No,No,Teacher,North Metro,Permanent Full-Time,Terminated,2019-06-09,2020-02-06,1.0
ED100655,Male,42,No,No,Teacher,North Metro,Permanent Part-Time,Terminated,2006-11-07,2018-08-17,0.6
ED100656,Female,32,No,Yes,Teacher,Goldfields,Permanent Full-Time,Active,2016-02-23,,1.0
ED100657,Female,56,No,No,Teacher,Wheatbelt,Permanent Part-Time,Active,2007-01-26,,0.6
ED100658,Female,31,No,No,Lead Teacher,Great Southern,Permanent Full-Time,Active,2021-01-01,,1.0
ED100659,Female,42,No,No,Lead Teacher,South Metro,Permanent Full-Time,Active,2025-06-29,,1.0
ED100660,Female,47,No,No,Teacher,North Metro,Fixed Term,Active,2009-08-29,,1.0
ED100661,Female,60,No,No,School Administrator,North Metro,Casual,Active,1997-07-30,,0.2
ED100662,Male,43,No,No,Lead Teacher,Mid West,Permanent Full-Time,Terminated,2017-02-03,2021-08-22,1.0
ED100663,Female,55,No,No,Teacher,South Metro,Casual,Active,2014-04-26,,0.2
ED100664,Female,52,No,No,Teacher,South Metro,Permanent Part-Time,Active,2017-08-05,,0.6
ED100665,Female,45,No,No,Teacher,Mid West,Permanent Full-Time,Active,2005-07-30,,1.0
ED100666,Female,30,No,No,Teacher,Kimberley,Fixed Term,Active,2021-06-14,,1.0
ED100667,Female,26,No,No,Teacher,Wheatbelt,Permanent Full-Time,Active,2022-02-25,,1.0
ED100668,Female,45,No,No,Teacher,North Metro,Permanent Full-Time,Active,2025-09-23,,1.0
ED100669,Female,37,No,No,Teacher,Pilbara,Permanent Part-Time,Terminated,2014-08-21,2025-05-09,0.6
ED100670,Male,55,No,No,Teacher,Wheatbelt,Permanent Full-Time,Active,2000-08-19,,1.0
ED100671,Female,52,No,No,Aboriginal Education Officer,North Metro,Permanent Full-Time,Active,2001-06-26,,1.0
ED100672,Female,41,No,No,Teacher,South Metro,Permanent Full-Time,Active,2010-07-26,,1.0
ED100673,Female,30,No,No,Teacher,North Metro,Permanent Part-Time,Active,2019-07-03,,0.6
ED100674,Female,50,No,No,Teacher,South West,Permanent Part-Time,Active,2014-05-05,,0.6
ED100675,Male,31,No,No,School Administrator,North Metro,Permanent Full-Time,Active,2017-01-01,,1.0
ED100676,Male,34,No,No,Teacher,South Metro,Fixed Term,Active,2025-12-08,,1.0
ED100677,Female,32,No,No,Teacher,North Metro,Permanent Full-Time,Active,2017-06-15,,1.0
ED100678,Female,42,No,Yes,School Administrator,Kimberley,Permanent Part-Time,Active,2020-03-12,,0.6
ED100679,Female,58,No,No,Education Assistant,North Metro,Fixed Term,Active,2005-05-15,,1.0
ED100680,Female,43,No,No,Education Assistant,North Metro,Fixed Term,Active,2005-02-07,,1.0
ED100681,Male,38,No,No,Teacher,South Metro,Permanent Full-Time,Active,2017-01-30,,1.0
ED100682,Female,25,No,No,Teacher,South West,Permanent Part-Time,Active,2025-01-06,,0.6
ED100683,Male,50,No,No,Principal,North Metro,Permanent Full-Time,Active,2007-08-10,,1.0
ED100684,Female,34,No,No,School Administrator,North Metro,Permanent Part-Time,Active,2018-11-25,,0.6
ED100685,Female,45,No,No,Lead Teacher,Pilbara,Permanent Full-Time,Active,2026-01-09,,1.0
ED100686,Female,39,No,No,Lead Teacher,South Metro,Permanent Full-Time,Active,2014-10-07,,1.0
ED100687,Female,54,No,No,Teacher,South West,Permanent Full-Time,Active,2025-04-24,,1.0
ED100688,Male,42,No,No,Education Assistant,North Metro,Permanent Full-Time,Active,2025-04-19,,1.0
ED100689,Female,43,No,No,Teacher,South Metro,Permanent Full-Time,Active,2012-06-21,,1.0
ED100690,Male,49,No,No,Teacher,North Metro,Fixed Term,Active,2011-10-14,,1.0
ED100691,Female,67,No,No,Teacher,North Metro,Permanent Full-Time,Terminated,2011-08-29,2013-10-11,1.0
ED100692,Male,54,No,No,Teacher,Goldfields,Permanent Full-Time,Terminated,2022-05-08,2026-01-15,1.0
ED100693,Female,42,No,No,Teacher,South Metro,Permanent Full-Time,Active,2022-08-21,,1.0
ED100694,Male,44,No,No,Teacher,Pilbara,Permanent Part-Time,Active,2013-08-17,,0.6
ED100695,Male,37,No,No,Lead Teacher,North Metro,Permanent Full-Time,Active,2013-04-14,,1.0
ED100696,Male,32,No,No,Teacher,South Metro,Permanent Full-Time,Active,2018-08-13,,1.0
ED100697,Female,37,No,No,Lead Teacher,South Metro,Permanent Full-Time,Active,2013-01-10,,1.0
ED100698,Male,34,No,No,Teacher,Great Southern,Fixed Term,Active,2020-07-07,,1.0
ED100699,Female,51,No,No,Teacher,North Metro,Permanent Full-Time,Active,2008-11-29,,1.0
ED100700,Female,31,No,No,Teacher,North Metro,Permanent Full-Time,Active,2020-05-12,,1.0
ED100701,Female,59,No,No,Teacher,South Metro,Permanent Part-Time,Active,1991-07-07,,0.6
ED100702,Female,53,No,No,Teacher,South Metro,Permanent Full-Time,Terminated,2020-07-25,2021-07-22,1.0
ED100703,Male,44,No,No,Teacher,North Metro,Permanent Full-Time,Active,2024-07-12,,1.0
ED100704,Female,44,No,No,Teacher,South West,Permanent Full-Time,Active,2013-07-28,,1.0
ED100705,Female,37,Yes,No,School Administrator,North Metro,Casual,Active,2024-08-03,,0.2
ED100706,Female,47,No,No,Teacher,South West,Permanent Full-Time,Active,2015-09-25,,1.0
ED100707,Female,57,No,No,Education Assistant,North Metro,Permanent Full-Time,Active,2008-02-05,,1.0
ED100708,Female,35,No,No,Teacher,Goldfields,Permanent Full-Time,Active,2020-05-09,,1.0
ED100709,Female,25,No,Yes,Deputy Principal,South West,Fixed Term,Terminated,2022-09-03,2023-08-24,1.0
ED100710,Female,52,No,No,Education Assistant,North Metro,Permanent Full-Time,Active,1997-09-12,,1.0
ED100711,Female,47,No,No,Lead Teacher,Great Southern,Permanent Full-Time,Terminated,2008-07-03,2014-06-17,1.0
ED100712,Male,30,No,No,Teacher,South Metro,Fixed Term,Active,2024-07-28,,1.0
ED100713,Male,35,No,No,Teacher,South West,Casual,Active,2024-12-08,,0.2
ED100714,Male,33,No,No,Teacher,Goldfields,Permanent Part-Time,Active,2015-02-24,,0.6
ED100715,Female,35,No,No,School Administrator,North Metro,Permanent Full-Time,Active,2020-05-25,,1.0
ED100716,Female,40,No,No,Education Assistant,North Metro,Permanent Full-Time,Active,2024-11-19,,1.0
ED100717,Female,40,No,No,School Administrator,North Metro,Permanent Full-Time,Active,2010-01-14,,1.0
ED100718,Female,36,No,No,Teacher,North Metro,Permanent Part-Time,Active,2022-02-01,,0.6
ED100719,Female,34,No,No,Education Assistant,North Metro,Permanent Part-Time,Terminated,2022-02-11,2024-07-28,0.6
ED100720,Female,41,No,No,School Administrator,North Metro,Fixed Term,Active,2013-08-01,,1.0
ED100721,Female,46,No,No,Teacher,South Metro,Permanent Full-Time,Active,2024-06-25,,1.0
ED100722,Female,40,No,No,Teacher,Mid West,Permanent Part-Time,Active,2017-05-03,,0.6
ED100723,Male,57,No,No,Education Assistant,North Metro,Fixed Term,Active,2023-03-16,,1.0
ED100724,Female,50,No,No,Lead Teacher,North Metro,Fixed Term,Terminated,2021-03-21,2023-05-19,1.0
ED100725,Female,24,No,No,Education Assistant,South Metro,Permanent Part-Time,Terminated,2024-12-30,2025-09-11,0.6
ED100726,Female,50,No,No,Teacher,North Metro,Permanent Part-Time,Active,2019-09-15,,0.6
ED100727,Female,51,No,No,Education Assistant,North Metro,Permanent Full-Time,Terminated,2014-05-13,2021-03-04,1.0
ED100728,Female,38,No,No,Teacher,North Metro,Permanent Full-Time,Active,2020-10-30,,1.0
ED100729,Female,26,No,No,Teacher,South West,Permanent Full-Time,Terminated,2021-09-11,2026-05-09,1.0
ED100730,Female,44,No,No,Teacher,Wheatbelt,Permanent Full-Time,Active,2007-09-27,,1.0
ED100731,Male,43,No,No,Education Assistant,South Metro,Permanent Full-Time,Active,2025-02-01,,1.0
ED100732,Male,30,Yes,No,Principal,Goldfields,Permanent Full-Time,Terminated,2023-05-07,2026-01-04,1.0
ED100733,Female,26,No,No,Teacher,South Metro,Permanent Part-Time,Active,2021-08-23,,0.6
ED100734,Female,42,No,No,Teacher,Goldfields,Permanent Full-Time,Active,2006-06-17,,1.0
ED100735,Female,41,No,No,Education Assistant,Goldfields,Permanent Full-Time,Active,2014-05-03,,1.0
ED100736,Male,38,No,No,Teacher,South Metro,Permanent Full-Time,Active,2022-01-28,,1.0
ED100737,Female,42,No,No,Education Assistant,North Metro,Permanent Full-Time,Active,2017-07-11,,1.0
ED100738,Female,30,No,No,Teacher,North Metro,Permanent Full-Time,Active,2024-03-12,,1.0
ED100739,Female,38,No,No,Teacher,South Metro,Casual,Active,2023-07-15,,0.2
ED100740,Female,50,No,No,Teacher,South West,Permanent Full-Time,Active,2004-07-12,,1.0
ED100741,Male,39,No,No,Teacher,South Metro,Permanent Full-Time,Active,2017-10-24,,1.0
ED100742,Female,23,No,No,Education Assistant,Wheatbelt,Permanent Full-Time,Active,2024-08-10,,1.0
ED100743,Female,38,No,No,Teacher,Great Southern,Permanent Part-Time,Terminated,2019-04-03,2022-02-23,0.6
ED100744,Female,31,No,No,Teacher,North Metro,Permanent Part-Time,Active,2023-01-10,,0.6
ED100745,Female,47,No,No,Aboriginal Education Officer,Kimberley,Permanent Full-Time,Active,2013-09-13,,1.0
ED100746,Male,47,No,No,Teacher,Goldfields,Fixed Term,Active,2008-12-07,,1.0
ED100747,Male,24,No,No,Teacher,Great Southern,Fixed Term,Active,2025-09-02,,1.0
ED100748,Female,53,No,No,Aboriginal Education Officer,Great Southern,Permanent Full-Time,Active,2018-06-27,,1.0
ED100749,Female,30,No,No,Lead Teacher,Goldfields,Permanent Full-Time,Terminated,2018-09-20,2021-12-08,1.0
ED100750,Female,62,No,No,Teacher,North Metro,Permanent Full-Time,Terminated,2020-07-11,2022-09-15,1.0
ED100751,Female,43,No,No,School Administrator,Mid West,Permanent Full-Time,Active,2008-08-01,,1.0
ED100752,Female,29,No,No,Lead Teacher,North Metro,Fixed Term,Active,2019-09-30,,1.0
ED100753,Female,30,Yes,No,Teacher,Mid West,Permanent Full-Time,Active,2019-07-25,,1.0
ED100754,Female,48,No,No,Teacher,South West,Permanent Full-Time,Active,2002-06-13,,1.0
ED100755,Female,39,No,No,Education Assistant,South Metro,Permanent Full-Time,Active,2025-08-16,,1.0
ED100756,Female,42,No,No,Lead Teacher,South Metro,Permanent Full-Time,Active,2022-07-18,,1.0
ED100757,Male,63,No,No,Teacher,South Metro,Fixed Term,Active,2008-04-05,,1.0
ED100758,Female,35,No,No,Aboriginal Education Officer,South Metro,Permanent Full-Time,Active,2023-04-15,,1.0
ED100759,Female,44,No,No,Education Assistant,North Metro,Permanent Full-Time,Active,2006-11-17,,1.0
ED100760,Female,61,No,No,Teacher,Pilbara,Permanent Part-Time,Active,2004-09-09,,0.6
ED100761,Female,47,No,No,Teacher,South West,Permanent Full-Time,Active,2017-08-09,,1.0
ED100762,Female,24,No,No,Teacher,South West,Permanent Full-Time,Terminated,2024-05-12,2025-10-18,1.0
ED100763,Female,50,No,No,Education Assistant,North Metro,Permanent Full-Time,Active,2011-03-31,,1.0
ED100764,Male,30,No,No,Teacher,Wheatbelt,Permanent Full-Time,Active,2019-07-05,,1.0
ED100765,Female,60,No,No,Lead Teacher,Pilbara,Permanent Full-Time,Active,2024-04-02,,1.0
ED100766,Female,34,No,No,Education Assistant,North Metro,Permanent Full-Time,Active,2025-08-27,,1.0
ED100767,Female,67,No,No,Education Assistant,North Metro,Permanent Full-Time,Active,2018-12-05,,1.0
ED100768,Female,61,No,No,Teacher,North Metro,Permanent Full-Time,Active,2000-04-10,,1.0
ED100769,Female,34,No,No,Education Assistant,South West,Permanent Full-Time,Active,2020-03-14,,1.0
ED100770,Female,44,No,No,Teacher,South Metro,Casual,Active,2006-09-11,,0.2
ED100771,Female,53,No,No,Education Assistant,Kimberley,Permanent Full-Time,Terminated,1995-11-30,2004-05-27,1.0
ED100772,Female,53,No,No,Teacher,North Metro,Permanent Part-Time,Terminated,2021-07-17,2025-09-27,0.6
ED100773,Female,49,No,No,Teacher,Kimberley,Fixed Term,Terminated,2002-08-23,2015-03-24,1.0
ED100774,Female,59,No,No,Education Assistant,North Metro,Permanent Full-Time,Active,1991-06-17,,1.0
ED100775,Female,42,No,No,Teacher,South Metro,Permanent Part-Time,Terminated,2016-09-12,2025-02-14,0.6
ED100776,Female,39,No,No,Teacher,South Metro,Fixed Term,Terminated,2016-09-02,2025-02-16,1.0
ED100777,Male,39,No,No,Deputy Principal,North Metro,Permanent Full-Time,Active,2020-09-21,,1.0
ED100778,Male,54,No,No,Deputy Principal,Wheatbelt,Casual,Active,2022-11-09,,0.2
ED100779,Female,48,No,No,Lead Teacher,North Metro,Permanent Full-Time,Active,2006-06-27,,1.0
ED100780,Male,47,No,No,Deputy Principal,Goldfields,Permanent Full-Time,Active,2005-12-09,,1.0
ED100781,Female,53,No,No,Teacher,South Metro,Permanent Part-Time,Active,2002-10-28,,0.6
ED100782,Male,21,No,No,Teacher,South Metro,Permanent Full-Time,Active,2025-11-01,,1.0
ED100783,Female,47,No,No,Teacher,North Metro,Permanent Part-Time,Active,2025-02-04,,0.6
ED100784,Male,46,No,No,Teacher,North Metro,Fixed Term,Active,2004-11-02,,1.0
ED100785,Female,64,No,No,Aboriginal Education Officer,South West,Casual,Terminated,1993-01-06,2005-09-10,0.2
ED100786,Female,25,No,No,Lead Teacher,North Metro,Permanent Full-Time,Active,2025-03-09,,1.0
ED100787,Female,62,No,No,Teacher,Mid West,Casual,Terminated,2006-10-24,2012-04-25,0.2
ED100788,Female,44,No,No,Teacher,Great Southern,Permanent Full-Time,Active,2008-05-26,,1.0
ED100789,Female,49,No,No,School Administrator,North Metro,Permanent Full-Time,Active,2013-01-31,,1.0
ED100790,Male,64,No,No,Teacher,North Metro,Permanent Full-Time,Active,2020-02-07,,1.0
ED100791,Female,50,No,No,Lead Teacher,Goldfields,Permanent Part-Time,Active,2002-02-12,,0.6
ED100792,Male,48,No,No,Teacher,Great Southern,Permanent Full-Time,Terminated,2000-10-25,2004-05-02,1.0
ED100793,Female,46,No,No,Lead Teacher,South West,Permanent Full-Time,Terminated,2018-06-28,2024-11-22,1.0
ED100794,Female,38,No,No,Teacher,South Metro,Permanent Full-Time,Active,2014-04-07,,1.0
ED100795,Female,43,No,No,Education Assistant,Mid West,Permanent Full-Time,Active,2014-12-15,,1.0
ED100796,Female,35,No,No,School Administrator,North Metro,Casual,Active,2024-05-22,,0.2
ED100797,Female,43,No,No,Lead Teacher,Great Southern,Permanent Full-Time,Active,2021-05-18,,1.0
ED100798,Male,21,No,No,Deputy Principal,Great Southern,Permanent Full-Time,Active,2025-12-31,,1.0
ED100799,Female,49,No,No,School Administrator,North Metro,Permanent Part-Time,Active,2006-06-21,,0.6
ED100800,Female,42,No,No,Deputy Principal,North Metro,Permanent Full-Time,Active,2006-11-10,,1.0
ED100801,Male,39,No,No,Teacher,North Metro,Fixed Term,Active,2011-06-17,,1.0
ED100802,Female,46,No,No,Lead Teacher,North Metro,Permanent Full-Time,Active,2020-08-29,,1.0
ED100803,Male,26,No,No,Lead Teacher,Mid West,Permanent Full-Time,Active,2021-09-07,,1.0
ED100804,Male,67,No,No,Teacher,South Metro,Permanent Full-Time,Active,2003-04-29,,1.0
ED100805,Female,42,No,No,Education Assistant,North Metro,Permanent Full-Time,Active,2023-03-25,,1.0
ED100806,Female,42,No,No,School Administrator,North Metro,Permanent Part-Time,Active,2022-01-18,,0.6
ED100807,Female,32,No,No,School Administrator,Great Southern,Permanent Full-Time,Active,2019-10-02,,1.0
ED100808,Male,44,No,No,Teacher,South Metro,Fixed Term,Active,2012-10-23,,1.0
ED100809,Female,60,Yes,No,Teacher,South Metro,Permanent Full-Time,Terminated,1997-11-09,2006-08-30,1.0
ED100810,Female,56,No,No,School Administrator,North Metro,Permanent Full-Time,Active,2005-03-07,,1.0
ED100811,Male,54,No,No,Education Assistant,Great Southern,Permanent Part-Time,Active,2009-08-13,,0.6
ED100812,Female,50,No,No,Teacher,Wheatbelt,Permanent Part-Time,Active,2002-12-16,,0.6
ED100813,Male,39,No,No,School Administrator,North Metro,Permanent Part-Time,Active,2011-02-10,,0.6
ED100814,Female,26,No,No,Education Assistant,North Metro,Permanent Part-Time,Active,2024-06-26,,0.6
ED100815,Female,41,No,No,Teacher,North Metro,Permanent Full-Time,Terminated,2022-12-07,2024-05-21,1.0
ED100816,Male,41,No,No,Lead Teacher,North Metro,Permanent Part-Time,Active,2021-06-26,,0.6
ED100817,Female,56,No,No,Teacher,South Metro,Permanent Full-Time,Active,2006-01-04,,1.0
ED100818,Female,47,No,No,Teacher,South West,Permanent Full-Time,Active,2013-10-17,,1.0
ED100819,Female,63,No,No,Teacher,South Metro,Fixed Term,Terminated,2000-09-24,2019-06-01,1.0
ED100820,Female,58,No,No,Education Assistant,Wheatbelt,Permanent Full-Time,Active,2006-01-23,,1.0
ED100821,Female,38,No,No,Teacher,South Metro,Permanent Part-Time,Terminated,2014-05-25,2016-06-20,0.6
ED100822,Male,22,No,No,Teacher,Kimberley,Permanent Full-Time,Active,2026-04-21,,1.0
ED100823,Female,60,No,No,Teacher,Pilbara,Permanent Full-Time,Active,1997-03-03,,1.0
ED100824,Female,60,No,No,Teacher,North Metro,Permanent Full-Time,Terminated,1992-09-07,2001-11-06,1.0
ED100825,Female,27,No,No,Aboriginal Education Officer,South Metro,Permanent Full-Time,Terminated,2022-04-04,2022-10-08,1.0
ED100826,Female,62,No,No,Teacher,South Metro,Permanent Full-Time,Active,2025-09-15,,1.0
ED100827,Male,48,No,No,Teacher,North Metro,Permanent Full-Time,Active,2020-09-11,,1.0
ED100828,Male,45,No,No,Education Assistant,South Metro,Fixed Term,Active,2015-08-06,,1.0
ED100829,Female,63,No,No,Teacher,South Metro,Permanent Full-Time,Terminated,2024-04-13,2025-09-24,1.0
ED100830,Female,60,No,No,Teacher,Great Southern,Permanent Full-Time,Terminated,1992-05-21,2015-11-05,1.0
ED100831,Female,51,No,No,Teacher,South Metro,Fixed Term,Active,2024-11-29,,1.0
ED100832,Female,49,No,No,Teacher,Mid West,Fixed Term,Active,2017-10-25,,1.0
ED100833,Female,51,No,No,Teacher,South Metro,Permanent Full-Time,Active,1998-12-22,,1.0
ED100834,Female,39,No,No,Teacher,Mid West,Fixed Term,Active,2026-04-02,,1.0
ED100835,Male,43,No,No,Teacher,South Metro,Permanent Full-Time,Active,2009-11-06,,1.0
ED100836,Female,33,No,Yes,Aboriginal Education Officer,South West,Permanent Full-Time,Active,2021-02-08,,1.0
ED100837,Male,40,No,No,Teacher,South Metro,Fixed Term,Active,2016-08-09,,1.0
ED100838,Female,39,No,No,Lead Teacher,South Metro,Fixed Term,Terminated,2011-06-13,2021-09-22,1.0
ED100839,Female,36,No,No,Lead Teacher,South Metro,Permanent Full-Time,Active,2017-10-11,,1.0
ED100840,Male,45,No,No,Teacher,South Metro,Permanent Full-Time,Active,2025-08-03,,1.0
ED100841,Female,40,No,No,Principal,North Metro,Permanent Full-Time,Terminated,2007-08-12,2013-01-31,1.0
ED100842,Male,50,No,No,Teacher,North Metro,Permanent Full-Time,Active,2025-12-16,,1.0
ED100843,Female,24,No,Yes,School Administrator,North Metro,Permanent Part-Time,Active,2024-07-18,,0.6
ED100844,Female,42,No,No,Teacher,Wheatbelt,Permanent Full-Time,Active,2013-01-08,,1.0
ED100845,Male,45,No,No,Teacher,North Metro,Permanent Full-Time,Active,2017-07-07,,1.0
ED100846,Female,40,No,No,Teacher,North Metro,Permanent Full-Time,Active,2020-01-25,,1.0
ED100847,Male,41,No,No,School Administrator,Pilbara,Fixed Term,Active,2014-11-08,,1.0
ED100848,Male,24,No,No,Teacher,North Metro,Permanent Full-Time,Active,2024-07-25,,1.0
ED100849,Female,48,No,No,Lead Teacher,South Metro,Permanent Part-Time,Active,2020-05-04,,0.6
ED100850,Female,51,No,No,Teacher,North Metro,Fixed Term,Active,2010-10-18,,1.0
ED100851,Female,49,No,No,Education Assistant,South West,Permanent Full-Time,Terminated,2017-01-09,2020-06-03,1.0
ED100852,Female,56,No,No,Teacher,Wheatbelt,Fixed Term,Terminated,2001-06-28,2021-05-17,1.0
ED100853,Male,46,No,No,Aboriginal Education Officer,Wheatbelt,Permanent Part-Time,Active,2002-02-24,,0.6
ED100854,Female,49,No,No,Teacher,South Metro,Permanent Full-Time,Active,1999-11-28,,1.0
ED100855,Female,45,No,No,Teacher,Pilbara,Permanent Full-Time,Active,2024-05-01,,1.0
ED100856,Female,52,No,No,Teacher,North Metro,Permanent Part-Time,Active,2006-06-24,,0.6
ED100857,Female,25,No,Yes,Teacher,North Metro,Permanent Full-Time,Active,2022-10-12,,1.0
ED100858,Male,33,No,No,Lead Teacher,North Metro,Permanent Full-Time,Active,2025-08-23,,1.0
ED100859,Female,63,No,No,Teacher,South Metro,Permanent Full-Time,Active,2013-08-10,,1.0
ED100860,Male,21,No,No,Education Assistant,South Metro,Permanent Part-Time,Active,2025-12-06,,0.6
ED100861,Female,42,No,No,Teacher,South Metro,Permanent Full-Time,Active,2014-11-20,,1.0
ED100862,Female,58,No,No,Teacher,North Metro,Permanent Full-Time,Terminated,2011-01-22,2023-08-20,1.0
ED100863,Female,42,No,No,Teacher,South Metro,Permanent Full-Time,Active,2005-10-14,,1.0
ED100864,Female,39,No,Yes,Teacher,Kimberley,Permanent Part-Time,Active,2022-07-11,,0.6
ED100865,Male,45,No,No,Lead Teacher,South Metro,Permanent Full-Time,Active,2007-08-27,,1.0
ED100866,Female,39,No,No,Teacher,Pilbara,Permanent Full-Time,Active,2021-02-03,,1.0
ED100867,Male,44,No,No,Teacher,North Metro,Permanent Full-Time,Active,2021-07-05,,1.0
ED100868,Female,35,No,No,Education Assistant,Mid West,Permanent Full-Time,Active,2020-12-15,,1.0
ED100869,Female,57,No,No,School Administrator,South Metro,Permanent Full-Time,Active,2024-11-01,,1.0
ED100870,Female,61,No,No,Teacher,North Metro,Permanent Part-Time,Active,1998-12-24,,0.6
ED100871,Female,42,No,No,Teacher,North Metro,Permanent Part-Time,Active,2022-03-19,,0.6
ED100872,Female,27,No,Yes,Lead Teacher,South Metro,Permanent Part-Time,Active,2020-07-02,,0.6
ED100873,Female,37,No,No,Teacher,Wheatbelt,Permanent Full-Time,Active,2022-11-10,,1.0
ED100874,Male,41,No,No,Teacher,South Metro,Permanent Full-Time,Active,2018-01-04,,1.0
ED100875,Female,50,No,No,Teacher,North Metro,Casual,Active,2000-04-07,,0.2
ED100876,Female,31,No,No,Deputy Principal,Wheatbelt,Permanent Full-Time,Active,2019-06-24,,1.0
ED100877,Female,34,No,No,Principal,Goldfields,Permanent Part-Time,Active,2024-09-15,,0.6
ED100878,Female,50,No,No,Teacher,South Metro,Fixed Term,Active,2018-05-17,,1.0
ED100879,Male,55,No,No,Teacher,South Metro,Permanent Part-Time,Active,2024-09-06,,0.6
ED100880,Female,36,No,No,Teacher,North Metro,Permanent Full-Time,Active,2021-09-19,,1.0
ED100881,Female,28,Yes,No,Principal,South Metro,Permanent Full-Time,Active,2026-01-01,,1.0
ED100882,Female,67,No,Yes,Teacher,South Metro,Permanent Full-Time,Active,2014-01-25,,1.0
ED100883,Female,53,Yes,No,Teacher,Great Southern,Permanent Part-Time,Active,1996-09-25,,0.6
ED100884,Female,40,No,No,Education Assistant,South Metro,Permanent Part-Time,Active,2015-06-09,,0.6
ED100885,Female,54,No,No,Teacher,South Metro,Permanent Part-Time,Active,2012-05-27,,0.6
ED100886,Female,42,No,No,Principal,South Metro,Permanent Full-Time,Terminated,2021-07-26,2025-08-01,1.0
ED100887,Female,54,Yes,No,Teacher,South West,Fixed Term,Active,2012-11-26,,1.0
ED100888,Male,45,No,No,Teacher,Mid West,Permanent Part-Time,Active,2023-10-30,,0.6
ED100889,Female,45,No,No,Teacher,South Metro,Permanent Full-Time,Active,2024-12-17,,1.0
ED100890,Male,42,No,No,Deputy Principal,Kimberley,Permanent Full-Time,Active,2008-06-15,,1.0
ED100891,Female,26,No,No,Education Assistant,South Metro,Permanent Part-Time,Active,2024-10-29,,0.6
ED100892,Male,67,No,No,Education Assistant,South Metro,Permanent Full-Time,Terminated,2009-07-08,2013-07-31,1.0
ED100893,Female,32,No,No,Teacher,North Metro,Permanent Full-Time,Active,2025-03-02,,1.0
ED100894,Female,27,No,No,Principal,South Metro,Permanent Full-Time,Active,2024-02-09,,1.0
ED100895,Female,41,Yes,No,Teacher,North Metro,Permanent Part-Time,Active,2017-01-15,,0.6
ED100896,Female,32,No,No,Teacher,South West,Permanent Full-Time,Terminated,2020-10-18,2024-01-25,1.0
ED100897,Female,43,No,No,Aboriginal Education Officer,North Metro,Permanent Full-Time,Active,2023-05-08,,1.0
ED100898,Female,52,No,No,Teacher,South West,Fixed Term,Active,2000-04-13,,1.0
ED100899,Female,55,No,No,Teacher,South Metro,Permanent Part-Time,Terminated,2011-06-11,2017-07-22,0.6
ED100900,Female,53,No,No,Teacher,South Metro,Permanent Part-Time,Active,2016-09-07,,0.6
ED100901,Female,40,No,Yes,Teacher,South Metro,Permanent Full-Time,Active,2009-10-07,,1.0
ED100902,Male,44,No,No,Teacher,North Metro,Permanent Full-Time,Active,2012-04-14,,1.0
ED100903,Female,48,No,No,Lead Teacher,South Metro,Permanent Part-Time,Active,2007-06-04,,0.6
ED100904,Female,22,No,No,Teacher,North Metro,Casual,Active,2025-08-20,,0.2
ED100905,Female,50,No,Yes,Aboriginal Education Officer,South Metro,Permanent Full-Time,Active,2001-08-17,,1.0
ED100906,Female,26,No,No,Education Assistant,South Metro,Permanent Full-Time,Active,2022-11-21,,1.0
ED100907,Female,67,No,No,Teacher,Mid West,Permanent Full-Time,Active,2009-10-12,,1.0
ED100908,Male,39,No,No,Teacher,North Metro,Permanent Part-Time,Active,2020-05-26,,0.6
ED100909,Female,41,No,No,Teacher,North Metro,Permanent Full-Time,Terminated,2016-04-01,2023-08-16,1.0
ED100910,Female,34,No,No,Lead Teacher,South Metro,Permanent Full-Time,Active,2020-01-20,,1.0
ED100911,Female,36,No,No,Teacher,South West,Permanent Full-Time,Active,2023-02-05,,1.0
ED100912,Female,67,No,No,Lead Teacher,Kimberley,Permanent Full-Time,Active,2016-09-17,,1.0
ED100913,Male,55,No,No,Teacher,South Metro,Permanent Full-Time,Active,1995-05-06,,1.0
ED100914,Male,25,No,No,Lead Teacher,South Metro,Casual,Terminated,2024-08-24,2025-05-29,0.2
ED100915,Female,62,No,No,Teacher,North Metro,Permanent Part-Time,Active,1993-10-01,,0.6
ED100916,Female,58,No,Yes,Teacher,Great Southern,Permanent Full-Time,Active,2024-03-02,,1.0
ED100917,Female,40,No,No,School Administrator,Goldfields,Permanent Full-Time,Active,2019-04-28,,1.0
ED100918,Female,47,No,No,Education Assistant,North Metro,Permanent Full-Time,Active,2005-12-25,,1.0
ED100919,Female,43,No,No,Teacher,South Metro,Permanent Part-Time,Active,2017-06-30,,0.6
ED100920,Female,67,No,No,Education Assistant,North Metro,Permanent Full-Time,Active,2010-06-19,,1.0
ED100921,Female,34,No,No,Teacher,Great Southern,Casual,Terminated,2015-01-15,2023-06-21,0.2
ED100922,Female,45,No,No,Aboriginal Education Officer,North Metro,Permanent Part-Time,Active,2007-11-14,,0.6
ED100923,Female,38,No,No,Education Assistant,South Metro,Permanent Full-Time,Active,2015-02-03,,1.0
ED100924,Male,26,No,No,Teacher,North Metro,Fixed Term,Active,2022-11-17,,1.0
ED100925,Female,67,No,No,Teacher,Kimberley,Permanent Part-Time,Active,2024-03-24,,0.6
ED100926,Male,29,No,No,Teacher,Mid West,Permanent Full-Time,Terminated,2024-05-21,2026-03-25,1.0
ED100927,Female,46,No,No,Teacher,Goldfields,Permanent Full-Time,Active,2012-01-18,,1.0
ED100928,Female,23,No,No,Lead Teacher,South Metro,Permanent Full-Time,Active,2024-07-09,,1.0
ED100929,Male,39,No,No,Teacher,South West,Permanent Full-Time,Active,2021-06-08,,1.0
ED100930,Male,49,No,No,Teacher,North Metro,Permanent Full-Time,Active,2024-09-14,,1.0
ED100931,Female,34,No,No,Education Assistant,North Metro,Permanent Full-Time,Active,2015-11-16,,1.0
ED100932,Female,51,No,No,School Administrator,North Metro,Permanent Full-Time,Active,2005-12-06,,1.0
ED100933,Male,40,No,No,Teacher,Great Southern,Permanent Full-Time,Active,2020-03-07,,1.0
ED100934,Female,57,No,No,Teacher,South Metro,Fixed Term,Active,1994-05-03,,1.0
ED100935,Female,60,No,No,Teacher,Pilbara,Permanent Part-Time,Active,2025-08-23,,0.6
ED100936,Male,36,No,No,Teacher,Goldfields,Permanent Part-Time,Active,2016-04-05,,0.6
ED100937,Female,44,No,No,Aboriginal Education Officer,North Metro,Permanent Full-Time,Active,2018-10-07,,1.0
ED100938,Female,46,No,No,Teacher,North Metro,Permanent Part-Time,Active,2005-02-16,,0.6
ED100939,Female,51,Yes,No,Lead Teacher,North Metro,Casual,Active,1999-04-07,,0.2
ED100940,Female,44,No,No,Teacher,South Metro,Permanent Full-Time,Active,2016-11-28,,1.0
ED100941,Female,46,No,No,Lead Teacher,North Metro,Permanent Part-Time,Active,2004-12-29,,0.6
ED100942,Female,41,No,No,Principal,North Metro,Permanent Full-Time,Terminated,2020-08-10,2025-02-24,1.0
ED100943,Female,45,No,Yes,Education Assistant,Wheatbelt,Fixed Term,Active,2011-09-04,,1.0
ED100944,Female,59,No,No,Teacher,Great Southern,Fixed Term,Active,1993-12-16,,1.0
ED100945,Female,51,No,No,Teacher,North Metro,Fixed Term,Active,2009-09-28,,1.0
ED100946,Female,52,No,Yes,Teacher,North Metro,Permanent Full-Time,Active,2002-10-13,,1.0
ED100947,Male,52,No,No,Aboriginal Education Officer,North Metro,Permanent Full-Time,Active,2025-12-12,,1.0
ED100948,Female,42,No,No,Education Assistant,Goldfields,Permanent Full-Time,Active,2006-12-12,,1.0
ED100949,Non-binary,47,No,No,Lead Teacher,Wheatbelt,Permanent Full-Time,Active,2008-04-18,,1.0
ED100950,Female,30,No,No,Lead Teacher,North Metro,Permanent Full-Time,Active,2019-06-01,,1.0
ED100951,Male,59,No,No,Principal,North Metro,Permanent Full-Time,Active,2024-02-09,,1.0
ED100952,Female,21,No,No,Teacher,Mid West,Permanent Part-Time,Active,2026-02-09,,0.6
ED100953,Female,42,No,No,Aboriginal Education Officer,South Metro,Permanent Full-Time,Terminated,2016-05-11,2024-03-06,1.0
ED100954,Male,57,No,No,Teacher,North Metro,Fixed Term,Terminated,2022-12-24,2024-01-24,1.0
ED100955,Male,27,No,No,Teacher,South Metro,Permanent Full-Time,Active,2023-08-27,,1.0
ED100956,Female,48,No,No,Teacher,North Metro,Permanent Full-Time,Active,2014-02-09,,1.0
ED100957,Female,35,No,No,Teacher,South Metro,Permanent Part-Time,Active,2018-11-14,,0.6
ED100958,Female,39,No,No,Teacher,Pilbara,Permanent Part-Time,Active,2024-03-02,,0.6
ED100959,Male,55,No,No,Education Assistant,Mid West,Permanent Full-Time,Active,2014-06-06,,1.0
ED100960,Female,46,Yes,No,Teacher,South Metro,Fixed Term,Active,2018-11-28,,1.0
ED100961,Female,21,No,No,Lead Teacher,South West,Permanent Full-Time,Active,2025-06-09,,1.0
ED100962,Female,32,No,No,Teacher,South Metro,Fixed Term,Active,2022-03-01,,1.0
ED100963,Female,55,No,No,Teacher,Mid West,Fixed Term,Active,1994-11-27,,1.0
ED100964,Male,49,No,No,Teacher,South Metro,Permanent Full-Time,Active,2025-07-06,,1.0
ED100965,Female,64,No,No,Teacher,South West,Fixed Term,Terminated,2016-07-08,2023-11-27,1.0
ED100966,Female,64,No,No,Deputy Principal,South West,Fixed Term,Terminated,2024-11-26,2025-12-28,1.0
ED100967,Female,39,No,No,Teacher,North Metro,Casual,Active,2019-02-01,,0.2
ED100968,Female,67,No,No,Lead Teacher,South West,Fixed Term,Terminated,2024-02-13,2025-04-04,1.0
ED100969,Female,44,No,No,Teacher,Wheatbelt,Fixed Term,Active,2025-01-06,,1.0
ED100970,Female,32,No,No,Principal,Mid West,Permanent Full-Time,Active,2019-11-20,,1.0
ED100971,Male,36,No,No,School Administrator,North Metro,Permanent Full-Time,Active,2025-12-05,,1.0
ED100972,Female,21,No,No,Education Assistant,Mid West,Fixed Term,Active,2026-03-30,,1.0
ED100973,Female,63,No,No,Teacher,Wheatbelt,Permanent Part-Time,Terminated,2001-04-11,2013-11-18,0.6
ED100974,Male,63,No,No,Teacher,North Metro,Permanent Full-Time,Terminated,2011-06-21,2013-09-11,1.0
ED100975,Female,31,No,No,Teacher,South West,Permanent Full-Time,Terminated,2017-01-10,2021-08-02,1.0
ED100976,Male,41,No,No,Lead Teacher,North Metro,Permanent Part-Time,Active,2019-12-19,,0.6
ED100977,Male,45,Yes,No,Teacher,North Metro,Permanent Full-Time,Active,2019-10-10,,1.0
ED100978,Female,32,No,No,Teacher,South Metro,Permanent Full-Time,Active,2025-11-05,,1.0
ED100979,Female,22,No,No,Lead Teacher,South Metro,Permanent Full-Time,Active,2026-04-18,,1.0
ED100980,Female,41,No,No,Teacher,South Metro,Permanent Part-Time,Active,2013-05-26,,0.6
ED100981,Female,40,No,No,Education Assistant,North Metro,Permanent Full-Time,Active,2012-12-27,,1.0
ED100982,Male,39,No,No,Teacher,Great Southern,Permanent Full-Time,Active,2016-09-12,,1.0
ED100983,Female,46,No,No,Teacher,North Metro,Permanent Part-Time,Active,2014-01-18,,0.6
ED100984,Female,61,No,No,Deputy Principal,North Metro,Permanent Part-Time,Active,2013-05-20,,0.6
ED100985,Female,40,No,No,Teacher,North Metro,Permanent Full-Time,Active,2017-05-18,,1.0
ED100986,Female,46,No,No,Deputy Principal,South Metro,Permanent Full-Time,Active,2008-01-09,,1.0
ED100987,Female,52,No,No,Teacher,South West,Permanent Full-Time,Active,2012-10-26,,1.0
ED100988,Male,50,No,No,Teacher,Goldfields,Permanent Part-Time,Active,2013-07-21,,0.6
ED100989,Female,36,No,Yes,Education Assistant,Wheatbelt,Permanent Full-Time,Active,2017-07-06,,1.0
ED100990,Female,45,No,No,Education Assistant,North Metro,Permanent Full-Time,Terminated,2019-01-06,2024-02-17,1.0
ED100991,Female,50,No,No,Deputy Principal,South Metro,Fixed Term,Terminated,2010-12-28,2018-05-19,1.0
ED100992,Male,30,No,No,Teacher,South Metro,Fixed Term,Terminated,2024-01-27,2024-09-07,1.0
ED100993,Female,59,No,No,Lead Teacher,South Metro,Permanent Full-Time,Active,1996-02-01,,1.0
ED100994,Male,61,No,No,Teacher,North Metro,Permanent Full-Time,Terminated,2024-06-14,2026-02-25,1.0
ED100995,Female,35,No,No,Teacher,Goldfields,Permanent Full-Time,Active,2019-12-21,,1.0
ED100996,Male,46,No,No,Aboriginal Education Officer,South Metro,Permanent Full-Time,Terminated,2021-08-06,2023-11-28,1.0
ED100997,Female,51,No,No,Teacher,Pilbara,Permanent Full-Time,Active,2023-10-01,,1.0
ED100998,Female,37,No,No,School Administrator,South Metro,Permanent Full-Time,Active,2011-10-13,,1.0
ED100999,Female,49,No,No,Teacher,North Metro,Permanent Full-Time,Active,2015-01-24,,1.0
ED101000,Female,45,No,No,Teacher,South Metro,Permanent Full-Time,Active,2012-05-31,,1.0
ED101001,Female,26,No,No,Teacher,North Metro,Fixed Term,Active,2023-10-07,,1.0
ED101002,Female,49,Yes,No,Education Assistant,Wheatbelt,Permanent Part-Time,Active,2021-12-07,,0.6
ED101003,Female,30,No,No,Education Assistant,South Metro,Permanent Full-Time,Active,2019-04-11,,1.0
ED101004,Female,55,No,No,Education Assistant,North Metro,Casual,Active,2005-07-11,,0.2
ED101005,Male,35,No,No,Principal,Great Southern,Permanent Part-Time,Active,2019-11-01,,0.6
ED101006,Female,42,No,Yes,Deputy Principal,South Metro,Fixed Term,Active,2018-08-26,,1.0
ED101007,Male,60,No,No,Education Assistant,North Metro,Permanent Full-Time,Active,2015-08-17,,1.0
ED101008,Female,49,No,No,Teacher,South Metro,Permanent Full-Time,Active,2002-07-23,,1.0
ED101009,Female,31,No,No,Teacher,North Metro,Permanent Full-Time,Active,2022-03-07,,1.0
ED101010,Female,31,No,No,Teacher,Mid West,Permanent Full-Time,Active,2026-04-06,,1.0
ED101011,Female,36,No,No,School Administrator,Mid West,Permanent Full-Time,Active,2012-05-30,,1.0
ED101012,Male,48,No,No,School Administrator,Great Southern,Permanent Part-Time,Active,2015-07-07,,0.6
ED101013,Female,48,No,No,Teacher,South Metro,Permanent Full-Time,Active,2009-05-29,,1.0
ED101014,Male,33,No,No,Deputy Principal,South Metro,Permanent Part-Time,Active,2021-05-07,,0.6
ED101015,Male,29,No,No,School Administrator,Pilbara,Permanent Full-Time,Active,2026-01-12,,1.0
ED101016,Female,47,No,No,Teacher,North Metro,Permanent Part-Time,Active,2002-08-05,,0.6
ED101017,Male,41,No,No,Lead Teacher,South Metro,Permanent Full-Time,Active,2017-05-02,,1.0
ED101018,Female,67,No,No,Aboriginal Education Officer,South Metro,Casual,Terminated,2000-06-30,2025-07-28,0.2
ED101019,Male,44,No,No,Teacher,North Metro,Permanent Full-Time,Active,2008-06-15,,1.0
ED101020,Female,65,No,No,Deputy Principal,South Metro,Casual,Active,1999-12-21,,0.2
ED101021,Female,29,Yes,No,Teacher,Wheatbelt,Permanent Full-Time,Active,2024-08-04,,1.0
ED101022,Male,25,Yes,No,School Administrator,Wheatbelt,Permanent Part-Time,Active,2026-04-07,,0.6
ED101023,Female,30,No,No,School Administrator,North Metro,Permanent Full-Time,Active,2019-03-03,,1.0
ED101024,Female,58,No,No,School Administrator,North Metro,Fixed Term,Active,2009-06-07,,1.0
ED101025,Female,65,No,No,Teacher,North Metro,Permanent Part-Time,Active,2012-10-29,,0.6
ED101026,Female,34,No,No,Education Assistant,Wheatbelt,Fixed Term,Active,2014-03-08,,1.0
ED101027,Female,38,No,No,Education Assistant,North Metro,Permanent Full-Time,Active,2018-08-31,,1.0
ED101028,Male,29,No,Yes,Teacher,Kimberley,Fixed Term,Active,2023-04-12,,1.0
ED101029,Female,22,Yes,No,Education Assistant,North Metro,Permanent Full-Time,Active,2026-02-28,,1.0
ED101030,Female,52,No,No,Teacher,South Metro,Permanent Full-Time,Active,1995-07-30,,1.0
ED101031,Female,46,No,No,Lead Teacher,South Metro,Permanent Full-Time,Terminated,2004-02-10,2013-05-09,1.0
ED101032,Female,44,No,No,Teacher,Mid West,Permanent Full-Time,Active,2022-01-02,,1.0
ED101033,Male,27,Yes,No,Teacher,North Metro,Permanent Part-Time,Active,2025-11-07,,0.6
ED101034,Male,63,No,No,Teacher,South Metro,Permanent Full-Time,Terminated,2006-12-10,2007-08-05,1.0
ED101035,Male,37,No,No,Deputy Principal,North Metro,Permanent Full-Time,Active,2019-06-21,,1.0
ED101036,Female,50,No,No,Teacher,Kimberley,Permanent Part-Time,Terminated,2010-09-13,2023-10-27,0.6
ED101037,Female,26,No,No,Deputy Principal,Wheatbelt,Casual,Active,2025-08-02,,0.2
ED101038,Male,41,No,No,Teacher,North Metro,Permanent Part-Time,Active,2012-09-26,,0.6
ED101039,Male,47,No,No,Teacher,Wheatbelt,Permanent Part-Time,Active,2011-08-31,,0.6
ED101040,Female,47,No,Yes,Teacher,South Metro,Permanent Full-Time,Active,2019-09-05,,1.0
ED101041,Female,45,No,No,Education Assistant,North Metro,Permanent Part-Time,Terminated,2002-11-09,2021-12-02,0.6
ED101042,Male,49,No,No,Teacher,South Metro,Casual,Active,2026-01-01,,0.2
ED101043,Female,30,No,No,Lead Teacher,North Metro,Permanent Full-Time,Active,2019-07-19,,1.0
ED101044,Female,46,No,No,Aboriginal Education Officer,Kimberley,Permanent Full-Time,Active,2011-10-25,,1.0
ED101045,Female,45,No,No,Lead Teacher,Pilbara,Fixed Term,Active,2005-07-20,,1.0
ED101046,Female,46,No,No,Teacher,North Metro,Casual,Active,2026-02-12,,0.2
ED101047,Female,44,No,Yes,Teacher,South Metro,Permanent Full-Time,Active,2009-09-04,,1.0
ED101048,Female,28,No,No,Education Assistant,Mid West,Permanent Full-Time,Terminated,2020-02-14,2025-05-09,1.0
ED101049,Female,28,No,No,Teacher,South West,Permanent Part-Time,Active,2021-11-22,,0.6
ED101050,Female,21,No,No,Education Assistant,South Metro,Permanent Full-Time,Active,2025-09-30,,1.0
ED101051,Female,53,No,No,Teacher,South West,Permanent Full-Time,Active,2017-05-19,,1.0
ED101052,Female,53,Yes,No,School Administrator,South Metro,Permanent Part-Time,Active,1998-07-07,,0.6
ED101053,Male,54,No,No,Education Assistant,South Metro,Permanent Full-Time,Terminated,2002-08-15,2016-10-05,1.0
ED101054,Male,47,No,No,School Administrator,Wheatbelt,Permanent Full-Time,Active,2007-09-30,,1.0
ED101055,Female,21,No,No,Teacher,South Metro,Casual,Active,2025-06-16,,0.2
ED101056,Female,31,Yes,No,Education Assistant,South Metro,Permanent Part-Time,Active,2018-11-03,,0.6
ED101057,Male,46,No,No,Teacher,South Metro,Fixed Term,Active,2021-06-29,,1.0
ED101058,Female,45,No,No,Teacher,Wheatbelt,Fixed Term,Terminated,2004-03-07,2005-12-18,1.0
ED101059,Female,41,No,No,Lead Teacher,Wheatbelt,Permanent Part-Time,Active,2006-05-31,,0.6
ED101060,Male,48,No,No,Education Assistant,South Metro,Fixed Term,Active,2017-08-07,,1.0
ED101061,Female,44,No,No,School Administrator,North Metro,Permanent Full-Time,Active,2023-03-05,,1.0
ED101062,Male,45,No,No,Education Assistant,South Metro,Permanent Part-Time,Active,2024-12-15,,0.6
ED101063,Male,36,No,No,Teacher,South Metro,Permanent Full-Time,Active,2013-10-08,,1.0
ED101064,Female,55,Yes,No,Teacher,North Metro,Permanent Part-Time,Active,2002-06-30,,0.6
ED101065,Female,38,No,No,Education Assistant,Mid West,Permanent Full-Time,Active,2010-03-20,,1.0
ED101066,Female,28,No,No,Teacher,South Metro,Permanent Full-Time,Active,2024-11-06,,1.0
ED101067,Female,34,No,No,Teacher,North Metro,Permanent Full-Time,Terminated,2020-10-19,2023-04-22,1.0
ED101068,Female,39,No,No,Teacher,North Metro,Permanent Part-Time,Active,2010-03-26,,0.6
ED101069,Female,55,No,No,Teacher,North Metro,Casual,Active,1997-06-14,,0.2
ED101070,Female,43,No,No,Teacher,South West,Casual,Active,2024-07-27,,0.2
ED101071,Male,41,No,No,Teacher,North Metro,Permanent Full-Time,Active,2013-12-11,,1.0
ED101072,Female,29,No,No,Teacher,North Metro,Permanent Full-Time,Terminated,2019-08-21,2025-10-06,1.0
ED101073,Female,53,No,No,Teacher,South Metro,Permanent Full-Time,Active,2010-06-01,,1.0
ED101074,Female,36,No,No,School Administrator,North Metro,Permanent Full-Time,Active,2011-11-29,,1.0
ED101075,Female,42,No,No,Teacher,North Metro,Fixed Term,Active,2006-06-13,,1.0
ED101076,Female,61,No,No,Teacher,North Metro,Fixed Term,Active,2011-01-21,,1.0
ED101077,Female,50,No,No,Principal,South Metro,Permanent Full-Time,Active,2005-10-04,,1.0
ED101078,Female,24,No,No,Teacher,South Metro,Permanent Full-Time,Active,2023-06-17,,1.0
ED101079,Male,22,No,No,School Administrator,South Metro,Permanent Full-Time,Active,2025-08-05,,1.0
ED101080,Non-binary,43,No,Yes,Education Assistant,South Metro,Permanent Full-Time,Active,2009-04-07,,1.0
ED101081,Female,29,No,No,Teacher,Great Southern,Fixed Term,Active,2020-10-06,,1.0
ED101082,Female,51,No,No,Teacher,South Metro,Permanent Part-Time,Active,2011-04-23,,0.6
ED101083,Female,44,No,No,Education Assistant,North Metro,Permanent Part-Time,Active,2025-09-29,,0.6
ED101084,Female,45,No,No,School Administrator,North Metro,Permanent Full-Time,Active,2021-05-09,,1.0
ED101085,Female,35,No,No,Teacher,South Metro,Permanent Full-Time,Terminated,2012-09-10,2019-11-15,1.0
ED101086,Male,64,No,No,Lead Teacher,Pilbara,Permanent Full-Time,Terminated,1991-09-29,1998-07-10,1.0
ED101087,Female,67,No,No,Teacher,North Metro,Permanent Full-Time,Active,2012-10-24,,1.0
ED101088,Female,40,No,No,School Administrator,Kimberley,Permanent Part-Time,Active,2018-03-16,,0.6
ED101089,Female,48,No,No,Teacher,North Metro,Fixed Term,Active,2013-11-01,,1.0
ED101090,Male,45,No,No,School Administrator,South Metro,Permanent Part-Time,Active,2008-05-10,,0.6
ED101091,Male,40,No,No,Lead Teacher,Mid West,Permanent Full-Time,Active,2009-03-10,,1.0
ED101092,Female,34,No,No,Lead Teacher,North Metro,Permanent Part-Time,Active,2018-06-10,,0.6
ED101093,Female,30,No,No,Teacher,South Metro,Permanent Full-Time,Active,2022-02-02,,1.0
ED101094,Female,30,No,No,Teacher,North Metro,Permanent Full-Time,Active,2021-03-07,,1.0
ED101095,Female,48,No,No,Teacher,Pilbara,Permanent Full-Time,Active,2009-06-26,,1.0
ED101096,Female,37,No,No,Teacher,North Metro,Permanent Full-Time,Active,2021-09-17,,1.0
ED101097,Male,21,Yes,No,Teacher,Wheatbelt,Fixed Term,Active,2025-07-10,,1.0
ED101098,Male,49,No,No,Education Assistant,North Metro,Permanent Part-Time,Active,2013-05-12,,0.6
ED101099,Male,43,No,No,Teacher,Wheatbelt,Permanent Full-Time,Active,2015-01-04,,1.0
ED101100,Female,60,No,No,Teacher,South Metro,Permanent Full-Time,Active,2003-03-19,,1.0
ED101101,Male,48,No,No,School Administrator,Kimberley,Permanent Full-Time,Active,2026-01-09,,1.0
ED101102,Male,26,No,No,Aboriginal Education Officer,North Metro,Permanent Full-Time,Active,2026-04-08,,1.0
ED101103,Female,21,No,No,School Administrator,South West,Permanent Full-Time,Active,2025-10-26,,1.0
ED101104,Male,35,No,No,School Administrator,North Metro,Permanent Part-Time,Terminated,2013-02-07,2024-09-29,0.6
ED101105,Female,36,No,No,Teacher,North Metro,Permanent Full-Time,Active,2013-01-27,,1.0
ED101106,Male,55,No,Yes,Teacher,South Metro,Fixed Term,Active,2025-12-14,,1.0
ED101107,Female,43,No,No,Education Assistant,North Metro,Permanent Full-Time,Terminated,2009-09-07,2024-08-29,1.0
ED101108,Female,57,No,No,Deputy Principal,North Metro,Permanent Full-Time,Active,2023-10-09,,1.0
ED101109,Female,28,No,No,Teacher,South West,Permanent Full-Time,Active,2021-08-01,,1.0
ED101110,Female,55,No,No,Education Assistant,Great Southern,Permanent Part-Time,Active,2012-04-28,,0.6
ED101111,Female,52,No,No,Teacher,South Metro,Permanent Full-Time,Active,2013-03-18,,1.0
ED101112,Female,21,No,No,Teacher,South West,Permanent Full-Time,Active,2025-07-17,,1.0
ED101113,Female,59,No,No,Teacher,South Metro,Fixed Term,Terminated,1997-10-22,2015-06-04,1.0
ED101114,Female,45,No,No,Lead Teacher,North Metro,Permanent Full-Time,Active,2014-08-24,,1.0
ED101115,Male,48,Yes,No,Lead Teacher,Kimberley,Fixed Term,Terminated,2008-12-15,2014-06-22,1.0
ED101116,Male,33,No,No,Teacher,Goldfields,Permanent Full-Time,Active,2020-08-23,,1.0
ED101117,Female,59,No,No,Education Assistant,Great Southern,Permanent Part-Time,Active,2009-03-10,,0.6
ED101118,Male,29,No,No,Teacher,North Metro,Permanent Full-Time,Active,2025-12-15,,1.0
ED101119,Female,53,No,No,Teacher,Goldfields,Permanent Full-Time,Active,2008-04-26,,1.0
ED101120,Male,53,No,No,Aboriginal Education Officer,North Metro,Permanent Full-Time,Active,2025-05-14,,1.0
ED101121,Female,32,No,No,School Administrator,North Metro,Permanent Full-Time,Active,2022-09-12,,1.0
ED101122,Female,67,No,No,Education Assistant,North Metro,Permanent Part-Time,Terminated,2007-01-16,2013-06-01,0.6
ED101123,Female,46,No,No,Education Assistant,Great Southern,Fixed Term,Active,2009-10-04,,1.0
ED101124,Female,51,No,No,Principal,Mid West,Permanent Full-Time,Terminated,2017-02-12,2018-08-31,1.0
ED101125,Male,25,No,No,Lead Teacher,Mid West,Permanent Full-Time,Active,2025-12-06,,1.0
ED101126,Male,67,No,No,Teacher,South Metro,Permanent Full-Time,Terminated,2021-07-22,2022-04-14,1.0
ED101127,Female,29,No,No,Teacher,North Metro,Permanent Part-Time,Active,2023-11-25,,0.6
ED101128,Female,56,No,No,Teacher,North Metro,Permanent Full-Time,Active,2011-09-20,,1.0
ED101129,Male,32,No,No,Teacher,North Metro,Permanent Full-Time,Active,2016-04-17,,1.0
ED101130,Male,36,No,No,Deputy Principal,South Metro,Permanent Part-Time,Active,2025-07-24,,0.6
ED101131,Female,53,No,No,Teacher,Pilbara,Permanent Full-Time,Active,2017-10-31,,1.0
ED101132,Female,56,No,No,Teacher,South Metro,Permanent Full-Time,Active,2019-08-10,,1.0
ED101133,Female,28,No,No,Teacher,North Metro,Permanent Full-Time,Active,2022-09-06,,1.0
ED101134,Female,57,No,No,Deputy Principal,North Metro,Permanent Part-Time,Active,2006-07-26,,0.6
ED101135,Female,56,No,No,Teacher,North Metro,Permanent Full-Time,Active,1997-12-24,,1.0
ED101136,Female,32,No,Yes,Education Assistant,South Metro,Fixed Term,Active,2022-11-11,,1.0
ED101137,Male,63,No,No,Teacher,South West,Permanent Full-Time,Active,2013-07-03,,1.0
ED101138,Female,26,No,No,Teacher,South Metro,Permanent Full-Time,Active,2021-05-26,,1.0
ED101139,Male,36,No,No,Lead Teacher,Mid West,Permanent Part-Time,Active,2014-03-12,,0.6
ED101140,Male,49,No,No,Education Assistant,South Metro,Permanent Full-Time,Terminated,2018-12-25,2019-07-06,1.0
ED101141,Male,33,No,No,Teacher,South Metro,Permanent Full-Time,Active,2017-12-07,,1.0
ED101142,Female,47,No,No,Principal,North Metro,Permanent Full-Time,Active,2013-10-17,,1.0
ED101143,Male,46,No,No,Lead Teacher,Wheatbelt,Permanent Full-Time,Active,2017-08-05,,1.0
ED101144,Female,41,No,No,Teacher,Mid West,Permanent Part-Time,Active,2013-12-20,,0.6
ED101145,Female,53,No,No,Education Assistant,North Metro,Permanent Full-Time,Active,2015-05-19,,1.0
ED101146,Female,41,No,No,Education Assistant,South Metro,Permanent Part-Time,Active,2019-01-06,,0.6
ED101147,Female,46,No,No,Principal,South Metro,Permanent Part-Time,Active,2021-02-25,,0.6
ED101148,Male,57,No,No,Education Assistant,South Metro,Permanent Part-Time,Terminated,1992-03-09,2019-09-23,0.6
ED101149,Male,53,No,No,Education Assistant,South West,Permanent Part-Time,Active,2010-12-22,,0.6
ED101150,Female,53,No,No,Deputy Principal,South Metro,Permanent Part-Time,Active,1999-12-15,,0.6
ED101151,Female,30,No,No,Education Assistant,South Metro,Permanent Full-Time,Active,2025-11-25,,1.0
ED101152,Female,50,No,No,Deputy Principal,North Metro,Permanent Full-Time,Terminated,2020-04-14,2022-05-29,1.0
ED101153,Female,33,No,No,Deputy Principal,North Metro,Permanent Full-Time,Active,2015-08-08,,1.0
ED101154,Male,28,No,No,Lead Teacher,North Metro,Permanent Part-Time,Active,2022-03-22,,0.6
ED101155,Female,43,No,No,Education Assistant,North Metro,Permanent Part-Time,Active,2007-10-04,,0.6
ED101156,Male,33,No,No,Teacher,Pilbara,Permanent Full-Time,Active,2015-09-27,,1.0
ED101157,Female,53,No,No,Aboriginal Education Officer,Kimberley,Fixed Term,Active,2008-10-19,,1.0
ED101158,Female,53,No,No,Education Assistant,North Metro,Permanent Full-Time,Active,2017-04-13,,1.0
ED101159,Female,21,No,No,Teacher,Wheatbelt,Permanent Full-Time,Active,2026-04-14,,1.0
ED101160,Female,34,No,No,Education Assistant,North Metro,Permanent Full-Time,Active,2022-02-19,,1.0
ED101161,Female,26,No,No,Teacher,North Metro,Permanent Full-Time,Active,2025-11-10,,1.0
ED101162,Male,38,No,No,Teacher,North Metro,Permanent Part-Time,Active,2021-09-25,,0.6
ED101163,Male,49,No,No,Education Assistant,South Metro,Permanent Full-Time,Active,2003-11-25,,1.0
ED101164,Female,41,No,No,Teacher,North Metro,Permanent Full-Time,Active,2008-12-07,,1.0
ED101165,Female,36,No,No,Education Assistant,South Metro,Casual,Active,2015-08-24,,0.2
ED101166,Female,59,No,No,Education Assistant,South Metro,Permanent Part-Time,Active,2015-11-10,,0.6
ED101167,Female,21,No,No,Teacher,Great Southern,Permanent Full-Time,Active,2025-09-10,,1.0
ED101168,Female,58,No,No,Teacher,North Metro,Permanent Full-Time,Active,1997-10-27,,1.0
ED101169,Female,37,No,No,Teacher,North Metro,Permanent Full-Time,Active,2024-09-18,,1.0
ED101170,Male,43,No,No,Lead Teacher,North Metro,Casual,Active,2004-11-25,,0.2
ED101171,Female,37,Yes,No,School Administrator,South Metro,Fixed Term,Active,2016-07-26,,1.0
ED101172,Male,62,No,No,Lead Teacher,North Metro,Permanent Part-Time,Terminated,2019-10-14,2025-06-07,0.6
ED101173,Female,29,No,No,Teacher,Wheatbelt,Permanent Full-Time,Active,2026-04-20,,1.0
ED101174,Male,44,No,No,Lead Teacher,South Metro,Permanent Full-Time,Active,2014-11-15,,1.0
ED101175,Female,50,No,No,Teacher,South Metro,Permanent Full-Time,Active,2014-01-12,,1.0
ED101176,Female,24,No,Yes,Education Assistant,South Metro,Permanent Full-Time,Active,2025-09-16,,1.0
ED101177,Male,32,No,No,Teacher,North Metro,Permanent Full-Time,Terminated,2019-07-01,2024-11-18,1.0
ED101178,Female,42,No,No,Education Assistant,North Metro,Permanent Part-Time,Active,2011-08-12,,0.6
ED101179,Female,33,No,No,Teacher,North Metro,Permanent Full-Time,Active,2023-06-15,,1.0
ED101180,Male,34,No,No,School Administrator,South Metro,Permanent Full-Time,Active,2018-04-09,,1.0
ED101181,Male,39,No,No,Teacher,North Metro,Permanent Part-Time,Active,2020-08-07,,0.6
ED101182,Male,51,No,No,Lead Teacher,North Metro,Permanent Full-Time,Active,2013-03-23,,1.0
ED101183,Female,39,No,No,School Administrator,Great Southern,Fixed Term,Active,2022-10-06,,1.0
ED101184,Female,56,No,No,Teacher,North Metro,Permanent Full-Time,Active,2013-04-23,,1.0
ED101185,Non-binary,32,No,Yes,School Administrator,Mid West,Permanent Full-Time,Active,2018-02-08,,1.0
ED101186,Female,28,No,No,Deputy Principal,Mid West,Permanent Full-Time,Active,2022-03-29,,1.0
ED101187,Female,67,No,No,Teacher,North Metro,Casual,Terminated,2002-11-07,2009-02-06,0.2
ED101188,Female,36,Yes,No,Teacher,North Metro,Permanent Part-Time,Active,2026-04-06,,0.6
ED101189,Female,28,No,No,Deputy Principal,North Metro,Permanent Full-Time,Active,2025-08-29,,1.0
ED101190,Female,23,No,No,Teacher,Kimberley,Permanent Full-Time,Active,2025-02-14,,1.0
ED101191,Female,56,No,No,Lead Teacher,South Metro,Permanent Part-Time,Active,2011-06-21,,0.6
ED101192,Female,39,No,Yes,Teacher,Mid West,Permanent Full-Time,Active,2023-07-14,,1.0
ED101193,Female,40,No,No,Lead Teacher,South West,Casual,Active,2022-02-27,,0.2
ED101194,Female,42,No,No,Teacher,Kimberley,Casual,Active,2025-03-04,,0.2
ED101195,Female,56,No,No,Education Assistant,North Metro,Permanent Part-Time,Active,2013-12-15,,0.6
ED101196,Male,41,No,No,School Administrator,North Metro,Casual,Active,2012-08-28,,0.2
ED101197,Female,67,No,No,School Administrator,Wheatbelt,Permanent Full-Time,Active,2011-08-09,,1.0
ED101198,Female,45,Yes,No,Education Assistant,North Metro,Permanent Full-Time,Active,2008-06-14,,1.0
ED101199,Male,56,Yes,No,Teacher,North Metro,Permanent Full-Time,Active,2025-01-28,,1.0
ED101200,Female,53,No,No,Education Assistant,Kimberley,Permanent Full-Time,Active,1995-03-08,,1.0
ED101201,Female,43,No,No,Teacher,South Metro,Casual,Active,2008-02-28,,0.2
ED101202,Female,36,No,No,Teacher,South West,Permanent Full-Time,Terminated,2019-03-11,2023-11-22,1.0
ED101203,Male,47,No,Yes,Teacher,Goldfields,Fixed Term,Active,2017-08-19,,1.0
ED101204,Male,50,No,No,Teacher,North Metro,Permanent Part-Time,Active,2021-02-12,,0.6
ED101205,Male,37,No,No,Education Assistant,South West,Permanent Full-Time,Active,2022-04-27,,1.0
ED101206,Male,45,No,No,Deputy Principal,North Metro,Permanent Full-Time,Active,2021-07-07,,1.0
ED101207,Female,58,No,No,Teacher,North Metro,Permanent Full-Time,Active,2008-07-18,,1.0
ED101208,Female,67,No,No,Teacher,South Metro,Permanent Full-Time,Active,2017-05-02,,1.0
ED101209,Female,54,No,No,School Administrator,North Metro,Permanent Full-Time,Active,2009-04-10,,1.0
ED101210,Female,66,No,No,Teacher,South Metro,Permanent Full-Time,Active,1996-09-11,,1.0
ED101211,Female,36,No,Yes,Teacher,North Metro,Permanent Full-Time,Active,2017-11-17,,1.0
ED101212,Female,52,No,No,Teacher,South Metro,Permanent Part-Time,Active,2013-05-11,,0.6
ED101213,Female,60,No,No,Education Assistant,South Metro,Permanent Full-Time,Active,2008-01-19,,1.0
ED101214,Male,33,No,No,Deputy Principal,Mid West,Permanent Full-Time,Active,2017-05-28,,1.0
ED101215,Female,38,No,No,Teacher,Mid West,Fixed Term,Active,2021-07-07,,1.0
ED101216,Female,64,No,No,Teacher,North Metro,Permanent Full-Time,Terminated,2016-12-01,2024-07-27,1.0
ED101217,Female,32,No,No,Deputy Principal,South Metro,Permanent Full-Time,Active,2022-11-26,,1.0
ED101218,Female,27,No,No,Principal,South Metro,Permanent Part-Time,Active,2025-06-08,,0.6
ED101219,Female,62,No,No,Teacher,North Metro,Fixed Term,Active,2019-06-05,,1.0
ED101220,Female,58,No,No,School Administrator,Mid West,Fixed Term,Active,2012-02-14,,1.0
ED101221,Female,49,No,No,Teacher,Kimberley,Permanent Full-Time,Active,2017-03-29,,1.0
ED101222,Male,43,No,No,Teacher,North Metro,Permanent Full-Time,Active,2022-01-28,,1.0
ED101223,Male,38,No,No,School Administrator,South Metro,Permanent Full-Time,Active,2022-03-18,,1.0
ED101224,Female,47,No,No,Teacher,North Metro,Casual,Active,2011-08-21,,0.2
ED101225,Female,62,No,No,Lead Teacher,South Metro,Permanent Full-Time,Active,1997-10-13,,1.0
ED101226,Female,46,No,No,Teacher,North Metro,Permanent Full-Time,Active,2013-02-27,,1.0
ED101227,Male,67,Yes,No,Teacher,Great Southern,Fixed Term,Terminated,2021-12-13,2024-09-30,1.0
ED101228,Female,33,No,No,School Administrator,Mid West,Casual,Active,2016-04-25,,0.2
ED101229,Female,43,No,No,Teacher,South Metro,Permanent Part-Time,Terminated,2022-01-08,2024-06-27,0.6
ED101230,Male,39,No,No,Aboriginal Education Officer,South Metro,Permanent Full-Time,Active,2021-05-14,,1.0
ED101231,Female,30,No,No,Teacher,South West,Permanent Full-Time,Active,2017-10-22,,1.0
ED101232,Female,42,No,No,Teacher,South Metro,Fixed Term,Terminated,2007-05-15,2025-07-12,1.0
ED101233,Female,49,No,Yes,Teacher,North Metro,Permanent Full-Time,Active,2014-09-13,,1.0
ED101234,Female,50,No,No,Principal,South Metro,Permanent Full-Time,Active,2023-11-12,,1.0
ED101235,Female,67,No,No,Teacher,Wheatbelt,Permanent Full-Time,Terminated,1994-02-23,2014-09-22,1.0
ED101236,Female,49,No,No,Education Assistant,South Metro,Fixed Term,Active,2006-03-08,,1.0
ED101237,Male,57,No,No,Teacher,Goldfields,Permanent Full-Time,Active,2022-10-01,,1.0
ED101238,Female,44,No,No,School Administrator,Wheatbelt,Permanent Part-Time,Active,2021-10-05,,0.6
ED101239,Female,64,No,No,Teacher,South West,Permanent Full-Time,Terminated,2005-06-01,2015-08-28,1.0
ED101240,Female,67,No,No,Education Assistant,South West,Permanent Full-Time,Active,2021-07-04,,1.0
ED101241,Male,50,No,No,Education Assistant,North Metro,Casual,Active,2007-05-05,,0.2
ED101242,Female,32,No,No,Education Assistant,South Metro,Permanent Full-Time,Active,2024-04-19,,1.0
ED101243,Female,37,No,No,Education Assistant,Pilbara,Permanent Part-Time,Active,2022-08-08,,0.6
ED101244,Female,47,No,No,Education Assistant,Pilbara,Permanent Full-Time,Active,2019-06-01,,1.0
ED101245,Male,49,Yes,No,Lead Teacher,South Metro,Permanent Full-Time,Active,2017-03-13,,1.0
ED101246,Female,52,No,No,Teacher,North Metro,Permanent Part-Time,Active,2009-07-16,,0.6
ED101247,Female,49,No,No,Teacher,Mid West,Fixed Term,Active,2025-08-19,,1.0
ED101248,Female,44,No,No,School Administrator,Kimberley,Permanent Part-Time,Terminated,2017-09-18,2023-07-08,0.6
ED101249,Male,36,No,No,Lead Teacher,North Metro,Permanent Full-Time,Active,2018-03-04,,1.0
ED101250,Female,48,No,Yes,Education Assistant,South Metro,Permanent Full-Time,Active,2025-05-16,,1.0
ED101251,Female,66,No,No,Teacher,North Metro,Fixed Term,Active,2013-05-12,,1.0
ED101252,Male,56,No,No,Teacher,North Metro,Permanent Full-Time,Active,1998-12-17,,1.0
ED101253,Male,50,No,No,Teacher,North Metro,Fixed Term,Active,2019-10-12,,1.0
ED101254,Female,56,No,No,Deputy Principal,South Metro,Permanent Full-Time,Active,2010-02-05,,1.0
ED101255,Male,39,No,No,Teacher,South Metro,Fixed Term,Active,2011-05-03,,1.0
ED101256,Female,37,No,No,Teacher,South Metro,Fixed Term,Terminated,2019-01-28,2021-07-23,1.0
ED101257,Female,35,No,No,Teacher,Goldfields,Permanent Full-Time,Terminated,2014-06-13,2015-07-08,1.0
ED101258,Male,42,No,No,Teacher,Wheatbelt,Permanent Part-Time,Active,2025-07-11,,0.6
ED101259,Female,38,No,No,Lead Teacher,North Metro,Permanent Full-Time,Active,2024-12-15,,1.0
ED101260,Female,58,No,Yes,Teacher,North Metro,Permanent Full-Time,Active,2018-05-30,,1.0
ED101261,Female,38,No,No,Education Assistant,Wheatbelt,Permanent Full-Time,Active,2024-11-16,,1.0
ED101262,Female,34,No,No,Teacher,North Metro,Permanent Full-Time,Active,2016-11-10,,1.0
ED101263,Female,67,No,No,Teacher,Great Southern,Permanent Full-Time,Terminated,2004-08-20,2016-03-10,1.0
ED101264,Male,38,No,No,Teacher,Wheatbelt,Permanent Full-Time,Active,2010-02-18,,1.0
ED101265,Male,45,No,No,Teacher,South Metro,Permanent Full-Time,Active,2022-09-17,,1.0
ED101266,Female,49,No,No,Teacher,Great Southern,Permanent Full-Time,Active,2023-08-26,,1.0
ED101267,Female,30,No,No,Teacher,North Metro,Permanent Full-Time,Active,2017-12-22,,1.0
ED101268,Male,58,No,No,Lead Teacher,North Metro,Permanent Full-Time,Active,2017-08-02,,1.0
ED101269,Female,51,No,No,Teacher,South Metro,Permanent Part-Time,Active,2000-01-18,,0.6
ED101270,Female,62,No,No,Deputy Principal,South Metro,Permanent Part-Time,Terminated,1994-08-03,1995-08-16,0.6
ED101271,Female,35,No,No,Education Assistant,South West,Fixed Term,Active,2017-05-31,,1.0
ED101272,Female,45,No,No,Education Assistant,North Metro,Permanent Full-Time,Active,2007-10-29,,1.0
ED101273,Female,44,No,No,Teacher,South Metro,Permanent Full-Time,Terminated,2015-04-05,2020-06-22,1.0
ED101274,Female,47,No,No,Teacher,South Metro,Permanent Part-Time,Active,2015-06-11,,0.6
ED101275,Female,26,Yes,No,Teacher,Goldfields,Permanent Part-Time,Terminated,2023-01-11,2025-08-15,0.6
ED101276,Female,45,No,No,Teacher,North Metro,Permanent Full-Time,Terminated,2009-05-27,2011-10-28,1.0
ED101277,Female,26,Yes,No,School Administrator,South Metro,Permanent Part-Time,Active,2021-06-19,,0.6
ED101278,Male,48,No,No,Teacher,Wheatbelt,Permanent Full-Time,Active,2005-02-23,,1.0
ED101279,Male,21,No,No,Teacher,North Metro,Permanent Full-Time,Active,2025-07-12,,1.0
ED101280,Female,21,No,No,Lead Teacher,Wheatbelt,Permanent Part-Time,Active,2025-10-22,,0.6
ED101281,Female,53,No,No,Deputy Principal,South Metro,Permanent Full-Time,Terminated,2003-03-03,2011-09-20,1.0
ED101282,Male,37,No,No,Lead Teacher,Pilbara,Permanent Full-Time,Active,2021-12-17,,1.0
ED101283,Female,32,No,No,Teacher,Kimberley,Permanent Full-Time,Terminated,2025-03-09,2025-12-17,1.0
ED101284,Male,59,No,No,Teacher,North Metro,Permanent Full-Time,Terminated,2019-10-03,2026-05-09,1.0
ED101285,Female,47,No,No,Teacher,South Metro,Permanent Full-Time,Terminated,2001-08-26,2026-05-19,1.0
ED101286,Male,54,No,No,Teacher,Wheatbelt,Permanent Full-Time,Active,2012-07-04,,1.0
ED101287,Female,42,No,No,Teacher,South Metro,Casual,Active,2023-04-08,,0.2
ED101288,Female,67,No,No,Teacher,Great Southern,Permanent Part-Time,Terminated,2000-09-15,2006-06-06,0.6
ED101289,Female,36,No,No,Teacher,South Metro,Permanent Full-Time,Active,2016-04-10,,1.0
ED101290,Female,64,No,No,Teacher,North Metro,Permanent Full-Time,Terminated,2017-08-27,2022-01-11,1.0
ED101291,Female,43,No,No,Teacher,South Metro,Permanent Full-Time,Active,2007-02-14,,1.0
ED101292,Female,24,No,No,Lead Teacher,South West,Permanent Part-Time,Active,2024-06-06,,0.6
ED101293,Male,49,No,No,Deputy Principal,North Metro,Permanent Full-Time,Active,2004-09-30,,1.0
ED101294,Female,47,No,No,Education Assistant,Wheatbelt,Permanent Full-Time,Active,2002-03-23,,1.0
ED101295,Female,31,No,No,Teacher,South West,Permanent Full-Time,Active,2017-08-03,,1.0
ED101296,Female,32,No,No,Teacher,South Metro,Permanent Full-Time,Active,2025-12-02,,1.0
ED101297,Female,43,No,No,Teacher,North Metro,Permanent Part-Time,Active,2020-07-24,,0.6
ED101298,Female,48,No,No,Lead Teacher,Kimberley,Permanent Part-Time,Active,2011-07-21,,0.6
ED101299,Female,21,No,No,Deputy Principal,North Metro,Fixed Term,Active,2025-10-19,,1.0
ED101300,Female,56,No,No,Teacher,Mid West,Permanent Full-Time,Active,1998-01-19,,1.0
ED101301,Female,38,No,No,School Administrator,South Metro,Permanent Part-Time,Active,2023-08-23,,0.6
ED101302,Female,28,No,No,Teacher,South Metro,Permanent Full-Time,Active,2026-01-27,,1.0
ED101303,Female,55,No,No,Teacher,Mid West,Permanent Full-Time,Active,2000-04-19,,1.0
ED101304,Female,43,No,No,Deputy Principal,South Metro,Permanent Full-Time,Active,2010-05-17,,1.0
ED101305,Female,58,No,No,Education Assistant,South Metro,Permanent Full-Time,Active,2004-11-15,,1.0
ED101306,Male,49,No,No,Deputy Principal,South Metro,Permanent Full-Time,Active,2013-07-15,,1.0
ED101307,Female,43,No,No,Education Assistant,South Metro,Fixed Term,Active,2007-02-09,,1.0
ED101308,Female,42,No,No,Teacher,South Metro,Permanent Full-Time,Active,2008-11-10,,1.0
ED101309,Female,49,No,No,Education Assistant,Mid West,Permanent Full-Time,Active,2014-08-17,,1.0
ED101310,Female,39,No,No,Teacher,South Metro,Fixed Term,Terminated,2022-12-15,2024-05-18,1.0
ED101311,Female,33,No,No,Aboriginal Education Officer,South Metro,Permanent Full-Time,Active,2019-02-21,,1.0
ED101312,Female,51,No,No,Teacher,Goldfields,Permanent Part-Time,Active,2020-10-05,,0.6
ED101313,Male,42,No,No,Education Assistant,North Metro,Fixed Term,Terminated,2010-08-03,2021-03-10,1.0
ED101314,Male,44,No,No,Teacher,North Metro,Permanent Full-Time,Active,2008-07-06,,1.0
ED101315,Male,57,No,No,Lead Teacher,South West,Permanent Full-Time,Active,2003-12-20,,1.0
ED101316,Female,42,No,No,Teacher,Kimberley,Permanent Part-Time,Active,2008-06-19,,0.6
ED101317,Female,44,No,No,Education Assistant,South Metro,Permanent Part-Time,Active,2023-07-12,,0.6
ED101318,Female,36,No,No,Teacher,South Metro,Permanent Full-Time,Terminated,2019-03-27,2023-11-12,1.0
ED101319,Male,49,No,No,Teacher,North Metro,Permanent Full-Time,Active,2021-07-20,,1.0
ED101320,Female,48,No,No,Teacher,South Metro,Permanent Full-Time,Active,2017-12-27,,1.0
ED101321,Female,54,No,No,Teacher,South Metro,Fixed Term,Active,2021-08-05,,1.0
ED101322,Female,37,No,No,Education Assistant,South Metro,Permanent Full-Time,Active,2013-06-07,,1.0
ED101323,Female,38,No,No,Teacher,South Metro,Fixed Term,Active,2014-03-15,,1.0
ED101324,Male,53,No,No,School Administrator,North Metro,Casual,Active,2003-04-13,,0.2
ED101325,Female,47,No,No,Teacher,North Metro,Permanent Part-Time,Active,2012-03-28,,0.6
ED101326,Female,33,No,No,Teacher,South West,Permanent Part-Time,Active,2021-03-25,,0.6
ED101327,Female,59,No,No,Education Assistant,South Metro,Permanent Full-Time,Active,2014-03-15,,1.0
ED101328,Male,23,No,No,Principal,South Metro,Permanent Full-Time,Active,2025-11-16,,1.0
ED101329,Female,53,No,No,Teacher,North Metro,Permanent Full-Time,Active,1999-06-10,,1.0
ED101330,Male,28,No,Yes,Lead Teacher,North Metro,Permanent Full-Time,Terminated,2021-05-21,2022-04-12,1.0
ED101331,Female,66,No,No,Deputy Principal,Kimberley,Permanent Full-Time,Terminated,2002-06-22,2019-05-10,1.0
ED101332,Male,25,No,No,Teacher,South Metro,Permanent Part-Time,Active,2025-03-06,,0.6
ED101333,Male,57,No,No,School Administrator,South Metro,Permanent Full-Time,Active,2001-10-13,,1.0
ED101334,Female,43,No,No,School Administrator,North Metro,Permanent Part-Time,Active,2020-10-26,,0.6
ED101335,Female,39,No,No,Principal,Pilbara,Permanent Full-Time,Terminated,2021-05-19,2025-10-31,1.0
ED101336,Female,46,No,No,Teacher,North Metro,Permanent Full-Time,Active,2025-12-12,,1.0
ED101337,Female,51,No,No,Deputy Principal,North Metro,Permanent Full-Time,Terminated,2010-12-30,2024-06-12,1.0
ED101338,Male,33,No,No,Teacher,South Metro,Casual,Active,2020-09-16,,0.2
ED101339,Female,34,No,No,Teacher,North Metro,Fixed Term,Active,2014-03-02,,1.0
ED101340,Female,51,No,No,Teacher,North Metro,Permanent Full-Time,Active,2011-10-20,,1.0
ED101341,Female,23,No,Yes,Teacher,South Metro,Permanent Full-Time,Active,2025-01-16,,1.0
ED101342,Female,36,No,No,Education Assistant,Goldfields,Fixed Term,Active,2015-11-13,,1.0
ED101343,Male,67,No,No,Deputy Principal,Wheatbelt,Permanent Full-Time,Active,1997-12-17,,1.0
ED101344,Female,32,No,No,Education Assistant,South Metro,Permanent Full-Time,Active,2021-06-30,,1.0
ED101345,Male,57,No,No,Teacher,North Metro,Permanent Full-Time,Terminated,2024-11-15,2025-10-15,1.0
ED101346,Male,36,No,No,Teacher,North Metro,Permanent Full-Time,Terminated,2025-05-12,2026-02-19,1.0
ED101347,Female,50,No,No,Teacher,Great Southern,Permanent Full-Time,Active,1999-03-25,,1.0
ED101348,Female,51,No,No,School Administrator,South Metro,Permanent Full-Time,Active,2005-01-06,,1.0
ED101349,Male,57,No,Yes,Teacher,Kimberley,Permanent Part-Time,Active,2018-05-31,,0.6
ED101350,Female,41,No,No,Education Assistant,North Metro,Permanent Full-Time,Active,2007-12-10,,1.0
ED101351,Female,67,No,No,Lead Teacher,South Metro,Permanent Part-Time,Active,2001-01-17,,0.6
ED101352,Female,36,No,No,Teacher,North Metro,Permanent Full-Time,Active,2019-08-13,,1.0
ED101353,Female,46,No,No,Deputy Principal,South Metro,Permanent Full-Time,Active,2013-05-07,,1.0
ED101354,Male,46,No,No,Teacher,South West,Permanent Full-Time,Active,2008-05-19,,1.0
ED101355,Female,30,No,No,Education Assistant,Great Southern,Permanent Part-Time,Active,2025-12-05,,0.6
ED101356,Female,40,No,No,Aboriginal Education Officer,South Metro,Permanent Full-Time,Active,2018-07-01,,1.0
ED101357,Male,45,No,No,Teacher,South Metro,Permanent Full-Time,Active,2022-11-18,,1.0
ED101358,Male,38,No,No,Teacher,South West,Permanent Full-Time,Active,2023-07-13,,1.0
ED101359,Female,67,No,Yes,Lead Teacher,Goldfields,Permanent Part-Time,Terminated,1995-01-29,2002-03-22,0.6
ED101360,Male,33,No,Yes,Aboriginal Education Officer,North Metro,Permanent Full-Time,Active,2022-12-08,,1.0
ED101361,Female,58,No,No,Teacher,South Metro,Permanent Full-Time,Active,2015-04-16,,1.0
ED101362,Male,54,No,No,Lead Teacher,North Metro,Permanent Full-Time,Terminated,2005-12-15,2006-07-03,1.0
ED101363,Female,43,No,No,Lead Teacher,South Metro,Permanent Part-Time,Active,2011-11-28,,0.6
ED101364,Female,33,No,No,Education Assistant,South Metro,Permanent Full-Time,Active,2025-01-21,,1.0
ED101365,Male,34,No,No,Teacher,South Metro,Permanent Part-Time,Active,2018-02-06,,0.6
ED101366,Female,37,No,No,Deputy Principal,South Metro,Permanent Part-Time,Active,2023-05-26,,0.6
ED101367,Male,22,Yes,No,Aboriginal Education Officer,North Metro,Fixed Term,Active,2025-12-16,,1.0
ED101368,Female,31,No,No,Teacher,South Metro,Permanent Full-Time,Active,2021-12-14,,1.0
ED101369,Male,26,No,No,Teacher,Wheatbelt,Permanent Full-Time,Active,2026-03-07,,1.0
ED101370,Male,60,Yes,No,School Administrator,Goldfields,Fixed Term,Active,2005-05-13,,1.0
ED101371,Female,51,No,No,Teacher,North Metro,Permanent Full-Time,Active,2006-06-18,,1.0
ED101372,Male,53,No,No,Education Assistant,South West,Permanent Full-Time,Active,2014-05-05,,1.0
ED101373,Female,51,No,No,Teacher,South West,Permanent Full-Time,Active,2014-06-17,,1.0
ED101374,Male,46,No,No,Teacher,North Metro,Fixed Term,Terminated,2021-11-21,2025-05-07,1.0
ED101375,Female,61,No,No,Education Assistant,North Metro,Permanent Full-Time,Terminated,2017-04-18,2025-02-20,1.0
ED101376,Male,36,No,No,Teacher,Pilbara,Permanent Full-Time,Active,2016-09-05,,1.0
ED101377,Female,45,No,No,Teacher,Wheatbelt,Permanent Part-Time,Active,2017-12-30,,0.6
ED101378,Female,52,No,No,Teacher,Great Southern,Permanent Full-Time,Terminated,1995-08-09,2009-08-30,1.0
ED101379,Female,28,No,No,Lead Teacher,South West,Fixed Term,Active,2019-09-26,,1.0
ED101380,Female,67,No,No,Teacher,South Metro,Permanent Full-Time,Terminated,1996-03-30,2025-10-29,1.0
ED101381,Male,44,No,No,Teacher,South Metro,Permanent Part-Time,Active,2018-10-23,,0.6
ED101382,Female,45,No,No,School Administrator,North Metro,Permanent Full-Time,Active,2009-03-23,,1.0
ED101383,Female,59,No,No,Teacher,North Metro,Fixed Term,Active,1994-03-07,,1.0
ED101384,Female,54,No,No,Principal,South Metro,Fixed Term,Active,2026-04-04,,1.0
ED101385,Female,44,No,No,Teacher,South Metro,Permanent Part-Time,Active,2021-03-28,,0.6
ED101386,Female,45,No,No,Education Assistant,South Metro,Fixed Term,Active,2026-01-12,,1.0
ED101387,Male,25,No,Yes,Teacher,Pilbara,Permanent Full-Time,Active,2026-04-05,,1.0
ED101388,Male,37,No,No,School Administrator,North Metro,Fixed Term,Active,2011-06-06,,1.0
ED101389,Female,50,No,Yes,Teacher,South Metro,Permanent Part-Time,Active,2020-12-14,,0.6
ED101390,Female,49,Yes,No,Teacher,North Metro,Fixed Term,Active,2005-08-27,,1.0
ED101391,Female,58,No,No,Teacher,South Metro,Permanent Part-Time,Terminated,1999-04-04,2021-08-19,0.6
ED101392,Female,42,No,No,Teacher,Pilbara,Permanent Full-Time,Active,2007-12-03,,1.0
ED101393,Female,27,No,No,Teacher,Kimberley,Permanent Part-Time,Active,2023-01-27,,0.6
ED101394,Male,56,No,No,Teacher,Great Southern,Permanent Full-Time,Terminated,2024-08-26,2025-05-21,1.0
ED101395,Female,61,No,No,Education Assistant,North Metro,Permanent Part-Time,Active,1998-05-17,,0.6
ED101396,Male,54,No,No,Teacher,South Metro,Permanent Full-Time,Active,2025-10-02,,1.0
ED101397,Female,42,No,No,Teacher,North Metro,Permanent Full-Time,Active,2025-08-23,,1.0
ED101398,Female,56,Yes,No,Lead Teacher,South Metro,Casual,Terminated,2016-01-25,2023-08-15,0.2
ED101399,Female,67,Yes,No,Deputy Principal,Wheatbelt,Fixed Term,Active,2002-01-27,,1.0
ED101400,Female,45,No,Yes,Teacher,Goldfields,Fixed Term,Active,2003-03-16,,1.0
ED101401,Female,28,No,No,Teacher,South West,Permanent Part-Time,Active,2022-01-13,,0.6
ED101402,Male,36,No,No,Teacher,North Metro,Permanent Part-Time,Active,2011-07-02,,0.6
ED101403,Female,51,No,No,Education Assistant,Wheatbelt,Permanent Part-Time,Active,1996-08-03,,0.6
ED101404,Male,24,No,No,Principal,North Metro,Permanent Full-Time,Active,2024-11-11,,1.0
ED101405,Female,46,No,No,Teacher,South West,Fixed Term,Active,2018-10-08,,1.0
ED101406,Female,48,No,No,Education Assistant,North Metro,Fixed Term,Terminated,2018-03-17,2026-03-12,1.0
ED101407,Female,62,No,No,Education Assistant,North Metro,Permanent Part-Time,Active,1998-09-02,,0.6
ED101408,Female,59,No,No,Lead Teacher,South Metro,Fixed Term,Active,2020-06-02,,1.0
ED101409,Female,54,No,No,Education Assistant,South West,Permanent Full-Time,Active,2018-12-23,,1.0
ED101410,Female,21,No,No,Teacher,North Metro,Permanent Full-Time,Active,2026-04-16,,1.0
ED101411,Female,55,No,No,Teacher,South Metro,Casual,Active,1999-08-25,,0.2
ED101412,Female,52,No,No,Teacher,Wheatbelt,Permanent Full-Time,Active,2020-08-02,,1.0
ED101413,Female,47,No,No,Teacher,South Metro,Permanent Part-Time,Terminated,2010-11-29,2022-12-05,0.6
ED101414,Female,23,No,No,Teacher,North Metro,Permanent Full-Time,Active,2024-10-26,,1.0
ED101415,Female,34,No,No,School Administrator,South Metro,Permanent Part-Time,Terminated,2015-03-31,2025-06-26,0.6
ED101416,Male,29,No,No,Teacher,South Metro,Permanent Part-Time,Active,2019-12-16,,0.6
ED101417,Female,21,No,No,Teacher,South West,Permanent Part-Time,Active,2025-08-05,,0.6
ED101418,Male,43,No,No,Teacher,Pilbara,Permanent Full-Time,Active,2025-08-02,,1.0
ED101419,Female,34,No,No,School Administrator,South Metro,Permanent Full-Time,Active,2020-04-06,,1.0
ED101420,Female,67,No,No,Teacher,Great Southern,Permanent Part-Time,Terminated,2023-12-16,2025-03-01,0.6
ED101421,Female,41,No,No,Teacher,South Metro,Fixed Term,Active,2026-03-02,,1.0
ED101422,Male,59,No,No,Teacher,North Metro,Permanent Full-Time,Active,2004-09-04,,1.0
ED101423,Female,25,No,No,Teacher,North Metro,Permanent Full-Time,Active,2025-07-09,,1.0
ED101424,Male,37,No,No,School Administrator,South Metro,Permanent Full-Time,Active,2012-07-02,,1.0
ED101425,Female,45,No,No,School Administrator,North Metro,Fixed Term,Terminated,2012-01-15,2025-07-03,1.0
ED101426,Female,33,No,No,Teacher,South West,Permanent Part-Time,Active,2015-08-17,,0.6
ED101427,Female,38,No,No,School Administrator,Pilbara,Casual,Active,2012-10-19,,0.2
ED101428,Female,41,No,No,Lead Teacher,North Metro,Permanent Full-Time,Active,2022-01-24,,1.0
ED101429,Female,41,Yes,No,Education Assistant,South Metro,Permanent Full-Time,Active,2019-01-03,,1.0
ED101430,Female,66,No,No,Teacher,Kimberley,Permanent Part-Time,Active,2022-01-06,,0.6
ED101431,Female,48,No,No,Teacher,South West,Permanent Full-Time,Active,2001-03-03,,1.0
ED101432,Male,49,Yes,No,Teacher,South West,Permanent Full-Time,Active,2019-09-21,,1.0
ED101433,Female,50,No,No,Principal,South Metro,Permanent Full-Time,Active,1998-05-18,,1.0
ED101434,Male,51,No,No,Teacher,Mid West,Permanent Full-Time,Active,2002-08-10,,1.0
ED101435,Female,43,No,No,Teacher,South Metro,Permanent Full-Time,Active,2014-07-21,,1.0
ED101436,Female,40,No,No,Teacher,South Metro,Permanent Full-Time,Active,2010-01-23,,1.0
ED101437,Male,46,No,No,Deputy Principal,North Metro,Permanent Full-Time,Active,2009-09-06,,1.0
ED101438,Male,57,No,No,Teacher,North Metro,Permanent Full-Time,Active,2026-04-16,,1.0
ED101439,Male,57,No,No,Principal,South Metro,Permanent Part-Time,Active,1994-12-31,,0.6
ED101440,Female,41,No,No,School Administrator,North Metro,Permanent Full-Time,Active,2010-09-14,,1.0
ED101441,Female,53,No,Yes,Teacher,North Metro,Permanent Full-Time,Active,2001-08-28,,1.0
ED101442,Female,41,No,No,Principal,Kimberley,Permanent Full-Time,Active,2022-12-11,,1.0
ED101443,Female,44,No,No,Teacher,North Metro,Permanent Full-Time,Terminated,2004-03-06,2008-01-01,1.0
ED101444,Female,38,No,No,Education Assistant,South Metro,Permanent Part-Time,Active,2025-05-25,,0.6
ED101445,Male,41,No,No,Teacher,South Metro,Fixed Term,Active,2019-03-10,,1.0
ED101446,Male,60,No,No,Deputy Principal,Great Southern,Fixed Term,Terminated,2020-02-10,2025-03-08,1.0
ED101447,Female,45,No,No,Education Assistant,South Metro,Permanent Full-Time,Active,2019-11-02,,1.0
ED101448,Female,45,No,No,School Administrator,North Metro,Permanent Full-Time,Active,2016-09-20,,1.0
ED101449,Male,26,No,No,Deputy Principal,South Metro,Permanent Full-Time,Terminated,2025-05-09,2026-03-29,1.0
ED101450,Female,40,No,No,Teacher,Wheatbelt,Casual,Active,2007-07-04,,0.2
ED101451,Female,41,No,No,Lead Teacher,Great Southern,Permanent Part-Time,Active,2008-10-08,,0.6
ED101452,Female,34,No,No,Education Assistant,South Metro,Permanent Full-Time,Active,2016-08-23,,1.0
ED101453,Female,44,No,No,Lead Teacher,North Metro,Permanent Full-Time,Active,2005-02-14,,1.0
ED101454,Male,38,No,No,Teacher,South West,Permanent Full-Time,Active,2015-01-30,,1.0
ED101455,Female,44,No,No,School Administrator,North Metro,Permanent Full-Time,Active,2025-11-26,,1.0
ED101456,Female,45,No,No,Deputy Principal,South Metro,Fixed Term,Active,2018-01-12,,1.0
ED101457,Female,32,No,No,Principal,South Metro,Permanent Full-Time,Active,2016-10-27,,1.0
ED101458,Male,39,No,No,Teacher,North Metro,Permanent Part-Time,Active,2015-10-21,,0.6
ED101459,Male,44,No,No,Principal,North Metro,Permanent Full-Time,Active,2013-12-03,,1.0
ED101460,Female,58,No,No,Teacher,North Metro,Permanent Full-Time,Active,1992-12-24,,1.0
ED101461,Female,47,No,No,Principal,Goldfields,Permanent Full-Time,Active,2019-03-13,,1.0
ED101462,Female,36,No,No,Teacher,South West,Permanent Part-Time,Active,2022-09-28,,0.6
ED101463,Female,48,No,No,Principal,North Metro,Permanent Full-Time,Active,2021-02-13,,1.0
ED101464,Female,64,No,No,School Administrator,Mid West,Permanent Full-Time,Active,2023-04-30,,1.0
ED101465,Female,55,No,No,Teacher,North Metro,Fixed Term,Active,2005-07-19,,1.0
ED101466,Female,50,No,No,School Administrator,South Metro,Permanent Full-Time,Active,2009-04-15,,1.0
ED101467,Female,52,No,No,Teacher,North Metro,Permanent Full-Time,Terminated,2024-04-08,2024-12-22,1.0
ED101468,Female,61,Yes,Yes,Education Assistant,South West,Permanent Full-Time,Terminated,2005-08-26,2014-07-28,1.0
ED101469,Male,56,No,No,Education Assistant,Pilbara,Permanent Part-Time,Active,2001-06-18,,0.6
ED101470,Female,50,No,No,Lead Teacher,Goldfields,Permanent Full-Time,Active,2007-07-03,,1.0
ED101471,Female,56,No,No,Education Assistant,Wheatbelt,Permanent Part-Time,Active,2015-10-23,,0.6
ED101472,Non-binary,31,No,No,Education Assistant,South Metro,Permanent Full-Time,Active,2017-10-12,,1.0
ED101473,Female,25,No,No,Teacher,Great Southern,Permanent Full-Time,Active,2024-11-09,,1.0
ED101474,Female,45,No,No,Teacher,Kimberley,Permanent Part-Time,Terminated,2010-09-09,2013-07-29,0.6
ED101475,Female,44,No,No,Principal,South West,Permanent Part-Time,Terminated,2014-05-18,2021-03-27,0.6
ED101476,Female,37,No,No,Education Assistant,South Metro,Fixed Term,Active,2021-08-01,,1.0
ED101477,Male,53,No,No,Education Assistant,North Metro,Permanent Full-Time,Active,2019-11-11,,1.0
ED101478,Female,21,No,Yes,Education Assistant,South Metro,Permanent Full-Time,Active,2026-03-16,,1.0
ED101479,Male,37,No,No,Teacher,North Metro,Permanent Part-Time,Active,2019-10-02,,0.6
ED101480,Female,38,No,No,Education Assistant,South Metro,Permanent Full-Time,Active,2026-03-12,,1.0
ED101481,Female,24,No,No,Teacher,South Metro,Permanent Full-Time,Active,2026-02-05,,1.0
ED101482,Female,61,No,No,Teacher,South Metro,Permanent Full-Time,Terminated,2018-06-17,2022-07-17,1.0
ED101483,Female,27,Yes,No,Teacher,North Metro,Permanent Full-Time,Active,2024-07-07,,1.0
ED101484,Female,36,No,No,Teacher,North Metro,Permanent Full-Time,Terminated,2016-04-06,2020-06-20,1.0
ED101485,Female,54,No,No,Teacher,South Metro,Fixed Term,Active,2013-01-21,,1.0
ED101486,Female,51,No,No,Teacher,South West,Fixed Term,Active,2025-07-12,,1.0
ED101487,Female,30,No,No,Deputy Principal,South Metro,Fixed Term,Terminated,2017-12-10,2019-12-01,1.0
ED101488,Male,52,No,No,Teacher,South Metro,Casual,Active,1997-09-07,,0.2
ED101489,Female,47,No,No,Teacher,Kimberley,Permanent Full-Time,Active,2003-04-17,,1.0
ED101490,Male,67,No,No,Teacher,South Metro,Permanent Full-Time,Active,1997-09-01,,1.0
ED101491,Female,48,No,No,Teacher,North Metro,Permanent Full-Time,Active,2021-04-11,,1.0
ED101492,Female,42,No,No,Teacher,South Metro,Fixed Term,Active,2012-04-16,,1.0
ED101493,Male,33,No,No,Teacher,North Metro,Permanent Full-Time,Active,2016-03-14,,1.0
ED101494,Female,35,No,No,Lead Teacher,Great Southern,Permanent Full-Time,Active,2024-02-12,,1.0
ED101495,Female,34,No,No,Principal,North Metro,Permanent Full-Time,Active,2016-05-14,,1.0
ED101496,Female,60,No,No,Lead Teacher,South Metro,Permanent Full-Time,Active,2012-05-21,,1.0
ED101497,Female,44,No,Yes,Teacher,North Metro,Permanent Full-Time,Active,2010-12-09,,1.0
ED101498,Female,50,No,No,Teacher,North Metro,Permanent Full-Time,Active,2008-06-18,,1.0
ED101499,Non-binary,62,No,No,Education Assistant,Mid West,Fixed Term,Active,1995-03-24,,1.0
ED101500,Female,21,No,No,Teacher,North Metro,Permanent Full-Time,Active,2025-12-14,,1.0
ED101501,Male,59,No,No,Teacher,North Metro,Casual,Active,1999-06-18,,0.2
ED101502,Female,44,No,No,Teacher,South Metro,Permanent Full-Time,Active,2018-07-06,,1.0
ED101503,Female,49,No,No,Teacher,North Metro,Fixed Term,Active,2018-11-27,,1.0
ED101504,Female,34,No,No,Teacher,North Metro,Permanent Full-Time,Active,2017-02-20,,1.0
ED101505,Male,34,No,No,Teacher,Mid West,Permanent Part-Time,Active,2023-10-17,,0.6
ED101506,Male,49,No,No,Lead Teacher,Mid West,Permanent Full-Time,Terminated,2025-04-11,2026-03-29,1.0
ED101507,Female,67,No,No,Teacher,South West,Permanent Part-Time,Active,1999-04-22,,0.6
ED101508,Female,56,No,No,Lead Teacher,Wheatbelt,Fixed Term,Active,1994-09-13,,1.0
ED101509,Female,59,No,No,Education Assistant,Goldfields,Permanent Full-Time,Active,2008-07-20,,1.0
ED101510,Female,41,No,No,Education Assistant,North Metro,Permanent Full-Time,Terminated,2021-06-21,2022-10-30,1.0
ED101511,Female,36,No,No,Deputy Principal,Mid West,Permanent Full-Time,Active,2015-06-03,,1.0
ED101512,Male,34,No,No,School Administrator,Wheatbelt,Permanent Full-Time,Active,2017-06-04,,1.0
ED101513,Female,38,No,No,Teacher,Mid West,Permanent Full-Time,Active,2016-04-11,,1.0
ED101514,Male,21,No,No,Teacher,South Metro,Permanent Part-Time,Active,2025-08-02,,0.6
ED101515,Female,35,No,No,Teacher,North Metro,Permanent Full-Time,Active,2014-07-02,,1.0
ED101516,Female,37,No,No,Lead Teacher,Wheatbelt,Permanent Part-Time,Active,2013-11-12,,0.6
ED101517,Female,41,No,No,Aboriginal Education Officer,Kimberley,Fixed Term,Active,2023-11-16,,1.0
ED101518,Female,45,No,No,Teacher,Great Southern,Permanent Part-Time,Active,2025-03-26,,0.6
ED101519,Male,48,No,No,School Administrator,North Metro,Permanent Full-Time,Active,2005-04-24,,1.0
ED101520,Female,43,No,No,Teacher,North Metro,Permanent Full-Time,Active,2008-03-30,,1.0
ED101521,Female,37,No,No,School Administrator,North Metro,Permanent Full-Time,Active,2018-06-23,,1.0
ED101522,Female,21,No,No,Teacher,Mid West,Permanent Full-Time,Active,2025-10-12,,1.0
ED101523,Female,37,No,No,Teacher,North Metro,Permanent Full-Time,Active,2015-12-25,,1.0
ED101524,Female,32,No,No,Teacher,North Metro,Fixed Term,Active,2025-11-25,,1.0
ED101525,Male,49,No,No,Teacher,Great Southern,Permanent Part-Time,Terminated,2007-06-16,2018-12-01,0.6
ED101526,Female,54,No,No,Teacher,North Metro,Permanent Full-Time,Active,1993-06-12,,1.0
ED101527,Male,55,No,No,Teacher,Wheatbelt,Permanent Full-Time,Active,2013-08-06,,1.0
ED101528,Female,53,No,No,Education Assistant,South Metro,Permanent Full-Time,Active,2018-10-12,,1.0
ED101529,Female,42,No,No,Teacher,Wheatbelt,Casual,Active,2006-04-03,,0.2
ED101530,Male,37,Yes,No,Teacher,South Metro,Casual,Active,2018-12-07,,0.2
ED101531,Female,35,No,No,Lead Teacher,South West,Permanent Full-Time,Active,2020-01-08,,1.0
ED101532,Male,25,No,No,Deputy Principal,South West,Permanent Full-Time,Active,2024-10-14,,1.0
ED101533,Female,55,No,No,Teacher,North Metro,Permanent Full-Time,Terminated,2005-08-05,2014-03-17,1.0
ED101534,Female,41,No,No,Teacher,North Metro,Permanent Full-Time,Active,2013-07-15,,1.0
ED101535,Male,29,No,No,Teacher,North Metro,Permanent Full-Time,Active,2023-02-11,,1.0
ED101536,Male,34,No,No,Teacher,Goldfields,Permanent Part-Time,Active,2018-01-27,,0.6
ED101537,Female,33,No,No,Deputy Principal,South West,Permanent Full-Time,Active,2025-10-12,,1.0
ED101538,Female,44,No,No,Teacher,South Metro,Permanent Part-Time,Active,2015-01-10,,0.6
ED101539,Female,56,No,No,Teacher,South Metro,Permanent Full-Time,Active,1992-01-27,,1.0
ED101540,Male,39,No,No,Deputy Principal,North Metro,Permanent Part-Time,Active,2014-05-13,,0.6
ED101541,Female,21,No,No,Teacher,Mid West,Permanent Part-Time,Active,2025-11-08,,0.6
ED101542,Male,41,No,No,Lead Teacher,Great Southern,Permanent Full-Time,Active,2020-01-10,,1.0
ED101543,Female,42,No,No,Teacher,North Metro,Permanent Part-Time,Active,2023-06-25,,0.6
ED101544,Female,41,No,No,School Administrator,South Metro,Permanent Full-Time,Active,2012-04-22,,1.0
ED101545,Female,36,No,No,Teacher,North Metro,Permanent Full-Time,Active,2019-01-25,,1.0
ED101546,Female,46,No,No,Education Assistant,South Metro,Permanent Full-Time,Active,2015-02-28,,1.0
ED101547,Male,44,No,No,Lead Teacher,South Metro,Permanent Full-Time,Terminated,2003-10-08,2025-12-30,1.0
ED101548,Female,43,No,No,Teacher,North Metro,Permanent Full-Time,Active,2008-08-05,,1.0
ED101549,Male,48,No,No,Lead Teacher,South Metro,Permanent Part-Time,Active,2006-01-09,,0.6
ED101550,Female,38,No,No,School Administrator,North Metro,Permanent Full-Time,Active,2018-03-09,,1.0
ED101551,Male,38,No,No,Lead Teacher,South Metro,Permanent Full-Time,Active,2012-04-24,,1.0
ED101552,Male,60,No,No,Education Assistant,South Metro,Fixed Term,Active,2015-11-30,,1.0
ED101553,Female,50,No,No,Aboriginal Education Officer,North Metro,Permanent Part-Time,Active,2004-11-11,,0.6
ED101554,Female,53,No,No,Teacher,Pilbara,Permanent Full-Time,Active,1997-12-15,,1.0
ED101555,Female,58,No,No,Teacher,Kimberley,Permanent Full-Time,Active,1995-10-11,,1.0
ED101556,Male,50,No,No,Lead Teacher,South Metro,Permanent Full-Time,Active,2019-01-30,,1.0
ED101557,Male,55,No,No,Teacher,North Metro,Permanent Full-Time,Terminated,2005-04-05,2020-10-12,1.0
ED101558,Female,25,No,No,Education Assistant,Pilbara,Fixed Term,Active,2024-03-21,,1.0
ED101559,Male,46,No,No,Aboriginal Education Officer,South West,Permanent Full-Time,Active,2021-04-27,,1.0
ED101560,Female,41,No,No,Teacher,North Metro,Permanent Full-Time,Active,2010-05-09,,1.0
ED101561,Female,64,No,No,Teacher,North Metro,Casual,Active,1999-07-08,,0.2
ED101562,Male,55,No,No,Education Assistant,North Metro,Permanent Part-Time,Active,2000-10-23,,0.6
ED101563,Female,36,No,No,Teacher,South Metro,Permanent Full-Time,Active,2019-08-17,,1.0
ED101564,Male,48,No,No,Education Assistant,North Metro,Permanent Part-Time,Active,2016-11-18,,0.6
ED101565,Female,46,No,No,Teacher,South Metro,Fixed Term,Active,2023-01-01,,1.0
ED101566,Female,49,No,No,Principal,Kimberley,Permanent Full-Time,Active,2003-09-17,,1.0
ED101567,Female,31,No,No,Teacher,South Metro,Fixed Term,Active,2020-03-18,,1.0
ED101568,Female,48,No,No,Lead Teacher,South Metro,Permanent Full-Time,Active,2000-11-29,,1.0
ED101569,Male,41,No,No,Teacher,South Metro,Fixed Term,Terminated,2019-02-23,2025-03-23,1.0
ED101570,Female,47,No,No,Lead Teacher,South Metro,Casual,Terminated,2002-09-06,2023-01-19,0.2
ED101571,Female,35,No,No,Teacher,North Metro,Permanent Full-Time,Active,2022-12-01,,1.0
ED101572,Female,36,No,No,Education Assistant,North Metro,Permanent Part-Time,Active,2020-02-09,,0.6
ED101573,Female,58,No,No,Education Assistant,South West,Permanent Part-Time,Active,2021-05-25,,0.6
ED101574,Male,31,No,No,Teacher,North Metro,Permanent Part-Time,Active,2016-09-01,,0.6
ED101575,Female,32,No,No,Teacher,Kimberley,Fixed Term,Active,2020-12-02,,1.0
ED101576,Female,43,No,Yes,Teacher,South West,Permanent Full-Time,Active,2018-07-31,,1.0
ED101577,Male,34,No,No,Lead Teacher,North Metro,Permanent Part-Time,Active,2016-01-24,,0.6
ED101578,Female,33,No,No,Lead Teacher,South Metro,Permanent Part-Time,Active,2014-06-23,,0.6
ED101579,Male,45,No,No,Teacher,South Metro,Permanent Part-Time,Active,2007-08-07,,0.6
ED101580,Female,25,No,No,Teacher,South West,Permanent Part-Time,Terminated,2023-04-19,2026-05-20,0.6
ED101581,Female,31,No,Yes,Teacher,South West,Permanent Full-Time,Active,2025-10-18,,1.0
ED101582,Male,67,No,No,Lead Teacher,Pilbara,Permanent Full-Time,Active,2008-09-25,,1.0
ED101583,Female,49,No,No,Teacher,North Metro,Fixed Term,Active,2020-08-26,,1.0
ED101584,Female,35,No,No,School Administrator,Goldfields,Fixed Term,Terminated,2018-02-24,2020-06-02,1.0
ED101585,Female,49,No,No,Teacher,South Metro,Permanent Full-Time,Active,2003-11-24,,1.0
ED101586,Female,50,No,No,Deputy Principal,South Metro,Permanent Full-Time,Terminated,1998-06-29,2016-09-19,1.0
ED101587,Female,55,No,No,Teacher,North Metro,Fixed Term,Active,1998-11-07,,1.0
ED101588,Male,42,No,No,Teacher,North Metro,Permanent Part-Time,Active,2009-06-12,,0.6
ED101589,Female,55,No,No,Deputy Principal,Mid West,Permanent Part-Time,Terminated,2004-07-27,2022-02-20,0.6
ED101590,Female,21,No,No,Deputy Principal,South Metro,Permanent Full-Time,Active,2025-05-25,,1.0
ED101591,Male,31,No,No,School Administrator,North Metro,Permanent Part-Time,Terminated,2020-09-27,2021-05-18,0.6
ED101592,Female,45,No,No,Teacher,South Metro,Permanent Part-Time,Terminated,2003-01-01,2022-01-14,0.6
ED101593,Female,47,No,No,Teacher,Wheatbelt,Permanent Part-Time,Terminated,2010-02-04,2015-04-16,0.6
ED101594,Male,33,No,Yes,Deputy Principal,Pilbara,Permanent Part-Time,Active,2016-08-09,,0.6
ED101595,Male,47,No,Yes,Lead Teacher,North Metro,Permanent Full-Time,Active,2016-08-01,,1.0
ED101596,Female,36,Yes,No,Teacher,North Metro,Casual,Active,2018-04-27,,0.2
ED101597,Female,40,No,No,Teacher,North Metro,Permanent Part-Time,Active,2022-07-30,,0.6
ED101598,Female,56,No,No,Teacher,South West,Permanent Full-Time,Active,2005-11-15,,1.0
ED101599,Female,54,No,No,Aboriginal Education Officer,South Metro,Fixed Term,Active,2019-02-10,,1.0
ED101600,Female,32,No,No,Teacher,South Metro,Fixed Term,Active,2017-10-31,,1.0
ED101601,Male,31,No,No,Teacher,South Metro,Fixed Term,Active,2018-04-14,,1.0
ED101602,Male,39,No,No,Teacher,South Metro,Permanent Full-Time,Active,2010-02-03,,1.0
ED101603,Male,43,No,No,Teacher,Mid West,Permanent Full-Time,Active,2006-09-14,,1.0
ED101604,Female,36,No,No,Teacher,South Metro,Permanent Full-Time,Active,2016-11-25,,1.0
ED101605,Male,56,No,No,Teacher,North Metro,Permanent Full-Time,Active,2017-12-30,,1.0
ED101606,Female,48,No,No,Teacher,North Metro,Permanent Full-Time,Active,2002-06-13,,1.0
ED101607,Female,48,No,No,Education Assistant,South Metro,Permanent Full-Time,Terminated,2010-12-17,2018-05-21,1.0
ED101608,Female,28,No,No,Teacher,South West,Permanent Full-Time,Active,2024-01-22,,1.0
ED101609,Female,58,No,No,Teacher,North Metro,Fixed Term,Active,2025-01-12,,1.0
ED101610,Male,21,No,No,Aboriginal Education Officer,Wheatbelt,Permanent Full-Time,Active,2025-11-14,,1.0
ED101611,Female,54,No,No,Principal,Pilbara,Permanent Full-Time,Terminated,2003-07-25,2011-12-01,1.0
ED101612,Female,55,No,No,Teacher,North Metro,Permanent Full-Time,Active,1998-02-06,,1.0
ED101613,Male,38,No,No,Teacher,North Metro,Permanent Full-Time,Active,2018-12-10,,1.0
ED101614,Female,59,No,No,Teacher,North Metro,Fixed Term,Active,2018-01-11,,1.0
ED101615,Male,43,No,No,Principal,Kimberley,Permanent Full-Time,Active,2007-08-27,,1.0
ED101616,Female,44,No,No,School Administrator,North Metro,Permanent Part-Time,Active,2009-09-16,,0.6
ED101617,Female,48,No,No,Principal,South Metro,Permanent Part-Time,Active,2012-10-13,,0.6
ED101618,Male,67,No,No,Lead Teacher,South Metro,Permanent Full-Time,Active,2006-10-05,,1.0
ED101619,Female,60,No,No,Education Assistant,Kimberley,Permanent Full-Time,Active,2006-07-12,,1.0
ED101620,Female,52,No,No,Teacher,North Metro,Permanent Full-Time,Active,1996-07-30,,1.0
ED101621,Female,33,No,No,Teacher,South Metro,Permanent Full-Time,Active,2023-07-02,,1.0
ED101622,Female,45,No,No,Lead Teacher,South Metro,Permanent Full-Time,Active,2021-05-18,,1.0
ED101623,Female,34,No,No,School Administrator,South Metro,Permanent Part-Time,Active,2025-04-27,,0.6
ED101624,Female,53,Yes,No,Teacher,Mid West,Permanent Full-Time,Terminated,2017-01-02,2020-02-10,1.0
ED101625,Female,45,No,No,Deputy Principal,North Metro,Permanent Full-Time,Active,2016-04-25,,1.0
ED101626,Male,30,No,No,Teacher,Mid West,Permanent Full-Time,Active,2023-09-20,,1.0
ED101627,Female,44,No,No,Teacher,Kimberley,Permanent Part-Time,Active,2010-11-15,,0.6
ED101628,Female,33,No,No,Teacher,South Metro,Permanent Full-Time,Terminated,2017-01-03,2021-05-18,1.0
ED101629,Female,45,No,No,Teacher,Kimberley,Permanent Full-Time,Terminated,2004-10-24,2022-03-16,1.0
ED101630,Male,33,No,Yes,Education Assistant,South Metro,Permanent Part-Time,Active,2020-12-08,,0.6
ED101631,Male,44,No,No,Teacher,North Metro,Permanent Full-Time,Terminated,2014-12-21,2022-03-20,1.0
ED101632,Female,53,No,No,Principal,Goldfields,Permanent Full-Time,Active,2013-05-29,,1.0
ED101633,Male,43,No,No,Education Assistant,South Metro,Permanent Full-Time,Terminated,2021-08-26,2026-03-12,1.0
ED101634,Female,39,No,No,School Administrator,South Metro,Fixed Term,Active,2013-08-19,,1.0
ED101635,Female,46,No,No,Teacher,North Metro,Permanent Full-Time,Active,2008-06-29,,1.0
ED101636,Female,52,No,No,Teacher,South West,Permanent Full-Time,Active,1996-12-31,,1.0
ED101637,Female,30,No,No,Teacher,South Metro,Casual,Active,2022-02-10,,0.2
ED101638,Female,47,No,No,School Administrator,North Metro,Permanent Full-Time,Active,2002-01-29,,1.0
ED101639,Female,59,No,No,School Administrator,South Metro,Permanent Part-Time,Active,2011-12-24,,0.6
ED101640,Male,50,No,No,Teacher,Pilbara,Permanent Full-Time,Active,2010-06-13,,1.0
ED101641,Male,44,No,No,Education Assistant,Mid West,Permanent Full-Time,Active,2018-07-10,,1.0
ED101642,Female,51,No,No,Teacher,South Metro,Permanent Part-Time,Active,2017-06-10,,0.6
ED101643,Male,49,No,No,Lead Teacher,South West,Fixed Term,Active,2018-12-11,,1.0
ED101644,Female,53,No,No,Teacher,North Metro,Permanent Full-Time,Active,2017-03-08,,1.0
ED101645,Female,21,No,No,Education Assistant,South Metro,Permanent Part-Time,Active,2026-01-17,,0.6
ED101646,Female,25,No,No,Teacher,South West,Permanent Part-Time,Active,2023-10-29,,0.6
ED101647,Female,56,No,No,Education Assistant,South West,Permanent Full-Time,Terminated,2000-08-14,2005-08-22,1.0
ED101648,Female,25,No,No,Education Assistant,Goldfields,Permanent Part-Time,Terminated,2024-07-04,2025-11-30,0.6
ED101649,Male,48,No,No,Deputy Principal,Wheatbelt,Permanent Full-Time,Active,2001-03-04,,1.0
ED101650,Female,39,No,No,Teacher,North Metro,Permanent Full-Time,Active,2017-07-02,,1.0
ED101651,Female,32,No,No,Teacher,Wheatbelt,Permanent Full-Time,Active,2017-07-23,,1.0
ED101652,Female,48,No,No,Teacher,North Metro,Fixed Term,Terminated,2001-08-06,2016-11-10,1.0
ED101653,Female,46,No,No,Teacher,North Metro,Permanent Full-Time,Active,2020-12-07,,1.0
ED101654,Male,67,No,No,Teacher,North Metro,Permanent Part-Time,Terminated,2008-09-01,2015-07-06,0.6
ED101655,Female,36,No,No,School Administrator,South Metro,Permanent Full-Time,Terminated,2017-06-09,2023-02-10,1.0
ED101656,Male,61,No,No,Lead Teacher,North Metro,Permanent Full-Time,Terminated,2008-10-06,2019-10-07,1.0
ED101657,Non-binary,48,No,No,Teacher,North Metro,Permanent Part-Time,Active,2005-09-30,,0.6
ED101658,Female,36,No,No,Teacher,North Metro,Permanent Part-Time,Active,2020-09-08,,0.6
ED101659,Female,53,No,No,Teacher,North Metro,Permanent Full-Time,Active,1998-09-04,,1.0
ED101660,Male,50,Yes,No,Lead Teacher,South Metro,Permanent Full-Time,Terminated,2022-10-28,2025-07-22,1.0
ED101661,Non-binary,44,No,No,Teacher,South Metro,Fixed Term,Active,2013-01-24,,1.0
ED101662,Female,47,No,No,Aboriginal Education Officer,North Metro,Permanent Full-Time,Active,2014-10-08,,1.0
ED101663,Male,36,No,No,Teacher,Pilbara,Permanent Part-Time,Active,2020-02-24,,0.6
ED101664,Male,34,No,No,School Administrator,South West,Permanent Part-Time,Active,2019-11-01,,0.6
ED101665,Female,53,No,Yes,Education Assistant,Pilbara,Permanent Part-Time,Active,2023-04-01,,0.6
ED101666,Female,41,No,No,Teacher,North Metro,Fixed Term,Active,2017-08-24,,1.0
ED101667,Male,43,No,No,School Administrator,Pilbara,Permanent Part-Time,Active,2019-07-28,,0.6
ED101668,Female,47,No,No,Teacher,North Metro,Permanent Full-Time,Active,2016-02-15,,1.0
ED101669,Female,47,No,No,Education Assistant,North Metro,Permanent Full-Time,Active,2019-11-11,,1.0
ED101670,Female,26,No,No,Teacher,North Metro,Permanent Full-Time,Active,2025-10-30,,1.0
ED101671,Female,59,No,No,Education Assistant,Mid West,Permanent Full-Time,Terminated,1995-06-29,1997-10-27,1.0
ED101672,Female,45,No,Yes,Education Assistant,North Metro,Fixed Term,Active,2024-05-29,,1.0
ED101673,Male,41,No,No,Education Assistant,North Metro,Permanent Full-Time,Active,2023-03-27,,1.0
ED101674,Female,49,No,No,Education Assistant,North Metro,Permanent Part-Time,Active,2019-03-14,,0.6
ED101675,Female,46,No,No,Teacher,Wheatbelt,Permanent Part-Time,Active,2001-09-25,,0.6
ED101676,Female,53,No,No,Teacher,South Metro,Fixed Term,Active,2022-02-14,,1.0
ED101677,Female,50,No,Yes,Teacher,North Metro,Permanent Full-Time,Active,1999-01-21,,1.0
ED101678,Female,52,No,No,Teacher,South Metro,Permanent Part-Time,Active,2012-06-25,,0.6
ED101679,Female,60,No,No,Deputy Principal,South Metro,Permanent Full-Time,Terminated,2023-04-22,2023-12-13,1.0
ED101680,Female,54,No,No,Teacher,Goldfields,Permanent Part-Time,Terminated,2018-10-19,2019-11-06,0.6
ED101681,Female,42,No,No,School Administrator,North Metro,Permanent Full-Time,Active,2016-04-12,,1.0
ED101682,Female,30,No,No,Lead Teacher,Wheatbelt,Fixed Term,Active,2019-01-23,,1.0
ED101683,Female,64,No,No,Education Assistant,North Metro,Permanent Full-Time,Active,2009-11-20,,1.0
ED101684,Male,41,No,No,Teacher,Kimberley,Permanent Full-Time,Active,2016-07-11,,1.0
ED101685,Female,38,No,No,Education Assistant,North Metro,Permanent Full-Time,Active,2019-11-13,,1.0
ED101686,Female,23,No,No,School Administrator,South Metro,Permanent Part-Time,Active,2025-12-19,,0.6
ED101687,Male,48,No,No,Teacher,South Metro,Permanent Part-Time,Active,2003-08-29,,0.6
ED101688,Female,45,No,No,Lead Teacher,South Metro,Permanent Full-Time,Active,2025-10-30,,1.0
ED101689,Female,25,No,No,Education Assistant,North Metro,Permanent Full-Time,Active,2025-05-10,,1.0
ED101690,Female,49,No,No,Teacher,Mid West,Permanent Full-Time,Active,2022-01-15,,1.0
ED101691,Female,38,No,No,Teacher,North Metro,Permanent Full-Time,Active,2013-02-10,,1.0
ED101692,Male,67,No,No,Teacher,Goldfields,Permanent Full-Time,Active,1993-06-30,,1.0
ED101693,Male,37,No,No,Teacher,Mid West,Permanent Full-Time,Active,2023-04-30,,1.0
ED101694,Female,38,No,No,Teacher,South Metro,Permanent Part-Time,Terminated,2023-08-06,2024-06-15,0.6
ED101695,Female,33,No,No,Teacher,Pilbara,Permanent Full-Time,Active,2024-01-24,,1.0
ED101696,Female,59,No,No,Teacher,Goldfields,Fixed Term,Active,2016-05-24,,1.0
ED101697,Male,39,No,No,Teacher,South Metro,Permanent Full-Time,Active,2016-12-02,,1.0
ED101698,Male,35,No,No,School Administrator,Mid West,Permanent Part-Time,Active,2013-06-21,,0.6
ED101699,Female,52,No,No,Teacher,North Metro,Permanent Part-Time,Active,2021-01-14,,0.6
ED101700,Female,27,No,No,School Administrator,South Metro,Permanent Full-Time,Terminated,2022-02-24,2025-10-25,1.0
ED101701,Female,51,No,No,Teacher,Pilbara,Permanent Full-Time,Active,2019-01-13,,1.0
ED101702,Female,65,No,No,Teacher,South Metro,Permanent Full-Time,Active,1998-12-01,,1.0
ED101703,Female,50,No,No,Teacher,North Metro,Permanent Full-Time,Active,1997-07-26,,1.0
ED101704,Female,51,No,No,Teacher,South Metro,Permanent Full-Time,Active,2000-06-06,,1.0
ED101705,Female,54,No,No,Teacher,Mid West,Permanent Full-Time,Active,2008-05-10,,1.0
ED101706,Male,64,No,No,Lead Teacher,South West,Permanent Full-Time,Terminated,1996-06-29,2012-01-21,1.0
ED101707,Non-binary,58,No,No,Teacher,South Metro,Permanent Full-Time,Terminated,2009-09-16,2012-01-08,1.0
ED101708,Female,49,No,No,Lead Teacher,Goldfields,Permanent Full-Time,Active,2011-09-11,,1.0
ED101709,Female,54,No,No,Principal,South West,Permanent Full-Time,Terminated,2023-01-25,2025-02-18,1.0
ED101710,Male,33,No,No,Teacher,North Metro,Permanent Full-Time,Active,2019-02-06,,1.0
ED101711,Female,53,No,No,Teacher,North Metro,Permanent Part-Time,Active,2021-02-18,,0.6
ED101712,Female,31,No,No,Education Assistant,Kimberley,Permanent Part-Time,Active,2017-10-08,,0.6
ED101713,Female,39,No,No,Teacher,Wheatbelt,Fixed Term,Active,2025-11-16,,1.0
ED101714,Female,21,No,No,Teacher,Wheatbelt,Permanent Full-Time,Active,2025-07-08,,1.0
ED101715,Female,48,No,No,School Administrator,South Metro,Permanent Full-Time,Active,2005-09-21,,1.0
ED101716,Female,36,No,No,Teacher,North Metro,Permanent Full-Time,Active,2019-11-20,,1.0
ED101717,Female,57,No,No,Deputy Principal,South Metro,Permanent Full-Time,Active,2021-10-04,,1.0
ED101718,Female,48,No,No,School Administrator,North Metro,Permanent Part-Time,Active,2023-04-27,,0.6
ED101719,Female,57,No,No,Teacher,North Metro,Permanent Full-Time,Active,2010-08-05,,1.0
ED101720,Female,30,No,No,Teacher,Mid West,Permanent Part-Time,Active,2023-05-24,,0.6
ED101721,Male,56,No,No,Teacher,North Metro,Permanent Part-Time,Active,2018-01-19,,0.6
ED101722,Female,67,No,No,Teacher,Wheatbelt,Casual,Terminated,2022-05-24,2022-12-09,0.2
ED101723,Female,53,Yes,No,Teacher,South Metro,Permanent Full-Time,Active,1998-09-26,,1.0
ED101724,Female,53,No,No,Deputy Principal,South Metro,Permanent Full-Time,Active,2006-03-20,,1.0
ED101725,Female,46,No,No,Teacher,North Metro,Permanent Full-Time,Active,2007-06-14,,1.0
ED101726,Female,37,No,No,Teacher,North Metro,Permanent Full-Time,Active,2025-06-26,,1.0
ED101727,Male,53,Yes,No,School Administrator,North Metro,Fixed Term,Active,2011-08-02,,1.0
ED101728,Female,25,No,No,Education Assistant,Great Southern,Permanent Full-Time,Terminated,2025-05-05,2025-11-14,1.0
ED101729,Female,38,No,No,Lead Teacher,Mid West,Permanent Full-Time,Active,2018-04-26,,1.0
ED101730,Female,22,No,No,Teacher,South Metro,Permanent Full-Time,Active,2025-08-19,,1.0
ED101731,Female,35,No,No,Lead Teacher,North Metro,Permanent Full-Time,Active,2017-11-15,,1.0
ED101732,Female,51,No,No,Teacher,South West,Permanent Full-Time,Active,2004-12-22,,1.0
ED101733,Female,50,No,No,Teacher,North Metro,Permanent Full-Time,Active,2011-09-12,,1.0
ED101734,Female,44,No,No,Teacher,North Metro,Permanent Part-Time,Active,2018-07-17,,0.6
ED101735,Female,46,No,No,Aboriginal Education Officer,South Metro,Casual,Active,2020-07-05,,0.2
ED101736,Female,21,No,No,Teacher,South West,Permanent Full-Time,Active,2026-04-21,,1.0
ED101737,Female,39,No,No,Teacher,North Metro,Permanent Full-Time,Active,2018-11-13,,1.0
ED101738,Female,35,No,No,Teacher,North Metro,Permanent Full-Time,Active,2019-03-19,,1.0
ED101739,Female,36,No,No,Teacher,South West,Fixed Term,Terminated,2018-09-22,2019-04-11,1.0
ED101740,Female,51,No,No,Education Assistant,North Metro,Permanent Full-Time,Active,2022-01-04,,1.0
ED101741,Female,33,No,Yes,Education Assistant,North Metro,Fixed Term,Active,2024-10-02,,1.0
ED101742,Female,36,No,No,Education Assistant,South Metro,Permanent Full-Time,Terminated,2016-09-17,2024-06-06,1.0
ED101743,Male,21,No,No,Teacher,Wheatbelt,Permanent Full-Time,Active,2026-03-14,,1.0
ED101744,Male,40,No,No,Teacher,South Metro,Permanent Full-Time,Active,2008-09-21,,1.0
ED101745,Female,30,No,No,Teacher,Great Southern,Casual,Active,2026-03-06,,0.2
ED101746,Female,44,No,No,Teacher,Goldfields,Permanent Full-Time,Active,2011-07-13,,1.0
ED101747,Female,32,No,No,Teacher,North Metro,Permanent Full-Time,Active,2019-03-11,,1.0
ED101748,Female,45,No,No,Education Assistant,Great Southern,Permanent Full-Time,Active,2003-05-18,,1.0
ED101749,Female,42,No,No,Teacher,South Metro,Permanent Full-Time,Active,2020-11-18,,1.0
ED101750,Female,64,No,No,Teacher,North Metro,Permanent Full-Time,Active,2013-05-06,,1.0
ED101751,Male,49,No,No,Teacher,South Metro,Permanent Part-Time,Active,2015-02-03,,0.6
ED101752,Male,21,No,No,Teacher,North Metro,Fixed Term,Active,2025-09-28,,1.0
ED101753,Female,28,No,No,Teacher,North Metro,Fixed Term,Active,2020-03-28,,1.0
ED101754,Female,44,No,No,School Administrator,North Metro,Permanent Full-Time,Active,2009-02-25,,1.0
ED101755,Female,32,No,No,Education Assistant,South Metro,Permanent Full-Time,Active,2024-07-23,,1.0
ED101756,Male,21,Yes,No,School Administrator,Wheatbelt,Permanent Full-Time,Active,2025-12-22,,1.0
ED101757,Male,60,No,No,Teacher,South Metro,Permanent Full-Time,Active,2012-07-08,,1.0
ED101758,Male,52,No,Yes,Teacher,Great Southern,Fixed Term,Active,2014-06-02,,1.0
ED101759,Female,50,No,No,Teacher,North Metro,Permanent Full-Time,Active,1999-08-24,,1.0
ED101760,Female,36,No,No,Teacher,North Metro,Fixed Term,Active,2011-12-14,,1.0
ED101761,Female,49,No,No,Education Assistant,North Metro,Fixed Term,Active,2012-06-20,,1.0
ED101762,Female,35,No,No,Teacher,North Metro,Permanent Full-Time,Terminated,2021-04-22,2025-05-19,1.0
ED101763,Female,46,No,No,Teacher,North Metro,Permanent Part-Time,Active,2009-01-27,,0.6
ED101764,Female,32,No,No,Teacher,Mid West,Permanent Full-Time,Active,2015-11-15,,1.0
ED101765,Female,62,No,No,Teacher,South West,Permanent Full-Time,Terminated,2011-05-12,2021-06-26,1.0
ED101766,Female,25,No,No,Education Assistant,Great Southern,Permanent Full-Time,Active,2023-08-16,,1.0
ED101767,Female,58,No,No,Teacher,North Metro,Fixed Term,Active,1996-10-26,,1.0
ED101768,Female,44,No,No,Teacher,South West,Permanent Full-Time,Active,2024-07-16,,1.0
ED101769,Female,38,No,No,Teacher,North Metro,Permanent Part-Time,Active,2011-03-20,,0.6
ED101770,Female,46,No,No,Teacher,North Metro,Permanent Part-Time,Active,2016-07-13,,0.6
ED101771,Female,52,No,No,Education Assistant,Wheatbelt,Permanent Part-Time,Terminated,2013-03-16,2026-01-14,0.6
ED101772,Female,60,No,Yes,Aboriginal Education Officer,South Metro,Permanent Part-Time,Active,2022-10-19,,0.6
ED101773,Female,47,No,No,School Administrator,North Metro,Permanent Full-Time,Active,2023-09-08,,1.0
ED101774,Male,33,No,No,Education Assistant,South Metro,Permanent Part-Time,Active,2024-03-21,,0.6
ED101775,Female,44,No,No,Teacher,North Metro,Permanent Full-Time,Active,2009-02-28,,1.0
ED101776,Female,65,No,No,Deputy Principal,Pilbara,Permanent Full-Time,Active,1996-09-23,,1.0
ED101777,Female,60,No,No,Teacher,South Metro,Permanent Full-Time,Terminated,2022-08-19,2024-06-03,1.0
ED101778,Male,54,No,No,Teacher,Great Southern,Permanent Full-Time,Active,2005-01-29,,1.0
ED101779,Female,53,No,No,Education Assistant,North Metro,Fixed Term,Active,2007-06-30,,1.0
ED101780,Female,52,No,Yes,Teacher,South Metro,Permanent Full-Time,Active,2001-10-20,,1.0
ED101781,Female,57,No,No,Aboriginal Education Officer,South Metro,Permanent Full-Time,Active,1998-08-10,,1.0
ED101782,Female,38,No,No,Teacher,South Metro,Permanent Full-Time,Active,2016-05-23,,1.0
ED101783,Male,27,No,No,Lead Teacher,North Metro,Permanent Full-Time,Active,2024-04-29,,1.0
ED101784,Female,44,No,No,Principal,Kimberley,Permanent Full-Time,Active,2024-03-17,,1.0
ED101785,Male,34,No,No,Aboriginal Education Officer,Wheatbelt,Permanent Full-Time,Active,2020-05-23,,1.0
ED101786,Male,31,No,No,Lead Teacher,South West,Fixed Term,Active,2025-10-30,,1.0
ED101787,Female,35,No,No,Lead Teacher,Mid West,Permanent Full-Time,Active,2020-12-11,,1.0
ED101788,Female,67,No,No,Teacher,Wheatbelt,Permanent Full-Time,Terminated,2001-02-26,2020-07-26,1.0
ED101789,Female,45,No,No,Teacher,South Metro,Permanent Full-Time,Active,2015-09-16,,1.0
ED101790,Male,48,No,No,Teacher,Wheatbelt,Permanent Full-Time,Active,2000-07-13,,1.0
ED101791,Female,29,No,No,Education Assistant,North Metro,Fixed Term,Active,2022-04-07,,1.0
ED101792,Non-binary,21,No,No,Teacher,South Metro,Permanent Full-Time,Active,2025-10-25,,1.0
ED101793,Female,34,No,No,Deputy Principal,North Metro,Permanent Full-Time,Active,2024-01-26,,1.0
ED101794,Female,61,No,No,Teacher,South Metro,Permanent Full-Time,Terminated,2005-10-22,2025-01-12,1.0
ED101795,Male,48,No,No,Teacher,North Metro,Permanent Part-Time,Active,2016-03-30,,0.6
ED101796,Female,51,No,No,Deputy Principal,Great Southern,Permanent Full-Time,Active,2019-05-29,,1.0
ED101797,Female,52,No,No,Teacher,North Metro,Permanent Full-Time,Active,2012-07-27,,1.0
ED101798,Female,36,No,No,Teacher,North Metro,Permanent Full-Time,Terminated,2014-10-08,2023-06-19,1.0
ED101799,Female,60,No,No,Teacher,South Metro,Fixed Term,Active,2001-10-23,,1.0
ED101800,Female,36,No,No,School Administrator,North Metro,Fixed Term,Active,2015-02-22,,1.0
ED101801,Female,60,No,No,Education Assistant,North Metro,Permanent Full-Time,Active,1992-08-02,,1.0
ED101802,Female,49,No,No,Teacher,North Metro,Fixed Term,Terminated,2012-08-14,2023-07-05,1.0
ED101803,Non-binary,22,No,No,Teacher,South Metro,Permanent Full-Time,Active,2026-03-28,,1.0
ED101804,Non-binary,35,No,No,Teacher,South Metro,Permanent Full-Time,Active,2015-07-16,,1.0
ED101805,Female,22,No,No,Education Assistant,Mid West,Permanent Full-Time,Active,2025-10-28,,1.0
ED101806,Male,57,No,No,Principal,Pilbara,Permanent Part-Time,Active,2004-01-20,,0.6
ED101807,Female,43,No,No,Teacher,South Metro,Permanent Full-Time,Active,2007-04-02,,1.0
ED101808,Female,21,No,No,Teacher,North Metro,Permanent Part-Time,Active,2026-04-04,,0.6
ED101809,Female,48,No,No,Teacher,North Metro,Permanent Full-Time,Active,2022-11-08,,1.0
ED101810,Male,37,No,No,Principal,Mid West,Permanent Part-Time,Active,2018-05-28,,0.6
ED101811,Male,26,No,Yes,Education Assistant,North Metro,Permanent Full-Time,Active,2025-07-04,,1.0
ED101812,Female,64,No,No,Teacher,North Metro,Permanent Full-Time,Terminated,2004-06-26,2016-11-30,1.0
ED101813,Female,45,No,No,Teacher,Mid West,Permanent Full-Time,Active,2020-11-19,,1.0
ED101814,Female,40,No,No,Teacher,South Metro,Permanent Full-Time,Terminated,2025-03-18,2025-11-06,1.0
ED101815,Female,39,No,No,School Administrator,North Metro,Permanent Full-Time,Active,2022-12-25,,1.0
ED101816,Female,25,No,No,Teacher,North Metro,Permanent Full-Time,Active,2022-11-28,,1.0
ED101817,Female,28,No,No,Education Assistant,South West,Casual,Active,2019-11-17,,0.2
ED101818,Male,59,No,No,Lead Teacher,Wheatbelt,Permanent Full-Time,Active,2008-11-25,,1.0
ED101819,Female,38,Yes,No,Teacher,Kimberley,Permanent Full-Time,Terminated,2025-04-14,2026-01-06,1.0
ED101820,Male,44,No,No,Teacher,South Metro,Permanent Full-Time,Terminated,2016-08-25,2017-12-18,1.0
ED101821,Female,21,No,No,Teacher,South Metro,Permanent Full-Time,Active,2025-07-06,,1.0
ED101822,Female,28,No,No,Lead Teacher,Great Southern,Permanent Full-Time,Active,2019-07-04,,1.0
ED101823,Male,51,No,No,Education Assistant,Great Southern,Permanent Part-Time,Active,2019-09-09,,0.6
ED101824,Male,48,No,No,Lead Teacher,North Metro,Permanent Full-Time,Active,2014-01-17,,1.0
ED101825,Female,65,No,No,Teacher,Mid West,Permanent Part-Time,Active,2013-08-30,,0.6
ED101826,Female,60,No,No,Teacher,North Metro,Permanent Full-Time,Active,2016-06-10,,1.0
ED101827,Male,41,No,No,School Administrator,North Metro,Casual,Active,2024-12-07,,0.2
ED101828,Female,49,No,No,Education Assistant,Goldfields,Permanent Full-Time,Active,2022-11-19,,1.0
ED101829,Female,40,No,No,Teacher,South Metro,Permanent Full-Time,Active,2019-12-16,,1.0
ED101830,Female,67,No,No,School Administrator,South West,Permanent Full-Time,Terminated,2017-07-23,2021-04-29,1.0
ED101831,Male,57,No,No,Lead Teacher,North Metro,Casual,Active,2017-05-05,,0.2
ED101832,Male,46,No,No,Lead Teacher,South Metro,Permanent Part-Time,Active,2017-12-17,,0.6
ED101833,Male,46,No,No,Education Assistant,South West,Permanent Full-Time,Active,2018-04-05,,1.0
ED101834,Female,61,No,Yes,Education Assistant,South West,Permanent Full-Time,Active,2002-05-26,,1.0
ED101835,Female,50,No,No,Principal,North Metro,Fixed Term,Active,2002-09-20,,1.0
ED101836,Female,62,No,No,Teacher,South Metro,Permanent Full-Time,Active,2014-11-14,,1.0
ED101837,Male,21,No,No,Teacher,South Metro,Permanent Full-Time,Active,2025-07-17,,1.0
ED101838,Female,49,No,No,School Administrator,North Metro,Fixed Term,Terminated,2021-03-16,2022-09-12,1.0
ED101839,Female,37,No,Yes,Teacher,Great Southern,Fixed Term,Active,2012-01-14,,1.0
ED101840,Female,65,No,No,Teacher,South West,Permanent Part-Time,Terminated,2010-11-26,2014-04-29,0.6
ED101841,Female,62,No,No,Teacher,North Metro,Casual,Active,2021-07-04,,0.2
ED101842,Male,44,No,No,Teacher,North Metro,Permanent Full-Time,Active,2008-11-22,,1.0
ED101843,Female,62,No,No,Lead Teacher,North Metro,Permanent Full-Time,Active,1994-05-01,,1.0
ED101844,Male,65,No,No,School Administrator,South West,Permanent Part-Time,Active,2022-07-04,,0.6
ED101845,Female,44,No,No,Teacher,North Metro,Permanent Part-Time,Active,2016-02-16,,0.6
ED101846,Male,67,No,Yes,Teacher,South Metro,Permanent Part-Time,Terminated,2007-05-18,2024-05-12,0.6
ED101847,Male,43,No,No,Teacher,South Metro,Fixed Term,Terminated,2015-04-16,2023-10-03,1.0
ED101848,Female,41,No,No,Aboriginal Education Officer,South Metro,Permanent Full-Time,Active,2025-09-18,,1.0
ED101849,Male,54,No,No,Lead Teacher,North Metro,Permanent Full-Time,Active,2025-10-19,,1.0
ED101850,Female,39,Yes,No,Teacher,North Metro,Permanent Full-Time,Terminated,2024-01-20,2024-12-25,1.0
ED101851,Male,45,No,No,Education Assistant,South West,Permanent Part-Time,Active,2003-05-18,,0.6
ED101852,Male,60,No,No,Education Assistant,South West,Permanent Full-Time,Active,2015-12-30,,1.0
ED101853,Male,44,No,No,Education Assistant,Mid West,Fixed Term,Active,2019-08-22,,1.0
ED101854,Female,23,No,No,Aboriginal Education Officer,North Metro,Permanent Full-Time,Active,2025-06-09,,1.0
ED101855,Female,48,No,No,Teacher,North Metro,Permanent Full-Time,Active,2017-05-25,,1.0
ED101856,Female,35,No,No,Education Assistant,South Metro,Permanent Full-Time,Terminated,2023-05-13,2025-08-16,1.0
ED101857,Female,54,No,No,Teacher,North Metro,Permanent Part-Time,Active,1998-10-13,,0.6
ED101858,Male,52,No,No,Education Assistant,South West,Permanent Full-Time,Active,2004-11-02,,1.0
ED101859,Male,61,Yes,No,Deputy Principal,South Metro,Permanent Part-Time,Active,2008-11-09,,0.6
ED101860,Male,54,No,No,Education Assistant,North Metro,Permanent Full-Time,Active,2004-05-05,,1.0
ED101861,Female,57,No,No,Principal,South West,Permanent Full-Time,Active,2014-09-14,,1.0
ED101862,Male,35,No,No,Teacher,South West,Permanent Full-Time,Active,2014-07-12,,1.0
ED101863,Male,53,No,No,Teacher,North Metro,Permanent Part-Time,Active,2009-08-16,,0.6
ED101864,Male,67,No,No,School Administrator,South Metro,Permanent Full-Time,Terminated,2003-07-20,2021-04-27,1.0
ED101865,Female,35,No,No,School Administrator,North Metro,Fixed Term,Active,2017-09-01,,1.0
ED101866,Female,65,No,No,Teacher,South Metro,Permanent Full-Time,Active,2018-07-18,,1.0
ED101867,Female,37,No,No,Teacher,North Metro,Permanent Full-Time,Active,2019-10-11,,1.0
ED101868,Female,33,No,No,Teacher,South Metro,Permanent Full-Time,Active,2014-07-20,,1.0
ED101869,Female,47,No,No,Deputy Principal,South West,Permanent Full-Time,Active,2022-04-28,,1.0
ED101870,Male,52,No,No,Education Assistant,South Metro,Permanent Full-Time,Active,2021-02-17,,1.0
ED101871,Female,54,No,No,Teacher,North Metro,Permanent Full-Time,Active,2002-02-06,,1.0
ED101872,Female,32,No,No,Teacher,South Metro,Permanent Part-Time,Terminated,2020-07-09,2021-02-20,0.6
ED101873,Female,49,No,No,Education Assistant,North Metro,Permanent Full-Time,Active,2004-04-09,,1.0
ED101874,Male,35,No,No,Education Assistant,Wheatbelt,Permanent Full-Time,Active,2020-02-19,,1.0
ED101875,Male,26,No,No,Teacher,South Metro,Permanent Full-Time,Active,2022-06-13,,1.0
ED101876,Male,32,No,No,Lead Teacher,North Metro,Permanent Full-Time,Active,2020-08-14,,1.0
ED101877,Female,34,No,No,Teacher,North Metro,Permanent Full-Time,Active,2023-07-01,,1.0
ED101878,Female,50,No,No,Teacher,Pilbara,Casual,Active,2013-12-30,,0.2
ED101879,Male,57,No,No,Lead Teacher,North Metro,Permanent Part-Time,Active,1998-04-21,,0.6
ED101880,Female,26,No,No,Deputy Principal,Pilbara,Permanent Part-Time,Active,2023-12-27,,0.6
ED101881,Female,48,No,No,Education Assistant,North Metro,Permanent Full-Time,Active,1999-10-14,,1.0
ED101882,Female,29,No,No,Lead Teacher,North Metro,Permanent Full-Time,Active,2019-07-10,,1.0
ED101883,Female,51,No,No,Education Assistant,South Metro,Permanent Full-Time,Terminated,2003-09-08,2020-05-22,1.0
ED101884,Female,36,No,No,Teacher,South West,Permanent Full-Time,Active,2025-08-10,,1.0
ED101885,Female,31,No,No,Teacher,South West,Permanent Full-Time,Active,2023-11-03,,1.0
ED101886,Female,53,No,No,Teacher,North Metro,Permanent Full-Time,Active,2003-07-01,,1.0
ED101887,Female,36,No,No,Teacher,South Metro,Fixed Term,Active,2022-05-07,,1.0
ED101888,Female,40,No,No,Deputy Principal,North Metro,Casual,Active,2014-12-02,,0.2
ED101889,Female,21,Yes,No,School Administrator,South Metro,Permanent Full-Time,Active,2025-06-04,,1.0
ED101890,Female,55,No,No,Teacher,South Metro,Permanent Part-Time,Terminated,2022-06-06,2023-01-18,0.6
ED101891,Female,53,No,No,Teacher,South West,Permanent Part-Time,Active,2012-09-19,,0.6
ED101892,Female,44,No,No,Education Assistant,South West,Permanent Full-Time,Active,2019-03-28,,1.0
ED101893,Female,25,No,No,Teacher,South Metro,Fixed Term,Active,2024-01-29,,1.0
ED101894,Female,58,No,No,Lead Teacher,South Metro,Permanent Full-Time,Active,2012-06-08,,1.0
ED101895,Female,36,No,No,Education Assistant,South West,Permanent Part-Time,Active,2015-10-22,,0.6
ED101896,Female,38,No,No,Lead Teacher,Mid West,Permanent Full-Time,Active,2017-03-22,,1.0
ED101897,Male,67,No,No,Teacher,North Metro,Permanent Full-Time,Active,2019-11-14,,1.0
ED101898,Female,35,No,No,Teacher,North Metro,Permanent Full-Time,Active,2022-07-28,,1.0
ED101899,Female,52,No,No,Education Assistant,South Metro,Fixed Term,Active,2025-07-30,,1.0
ED101900,Female,50,No,No,Lead Teacher,North Metro,Permanent Full-Time,Active,2000-05-26,,1.0
ED101901,Male,48,No,No,Teacher,North Metro,Permanent Full-Time,Active,2026-02-14,,1.0
ED101902,Female,47,No,No,Education Assistant,North Metro,Permanent Full-Time,Active,2024-06-09,,1.0
ED101903,Female,48,No,No,Teacher,South Metro,Permanent Full-Time,Active,2017-09-18,,1.0
ED101904,Female,47,No,No,Education Assistant,North Metro,Permanent Part-Time,Active,2017-07-28,,0.6
ED101905,Male,43,No,No,Teacher,North Metro,Permanent Part-Time,Active,2006-03-05,,0.6
ED101906,Male,62,No,No,School Administrator,North Metro,Fixed Term,Active,1995-07-04,,1.0
ED101907,Female,28,No,No,Teacher,Mid West,Permanent Part-Time,Active,2022-09-23,,0.6
ED101908,Female,56,No,No,Teacher,Wheatbelt,Fixed Term,Active,2019-03-15,,1.0
ED101909,Female,53,No,No,Teacher,South Metro,Permanent Part-Time,Active,2022-12-21,,0.6
ED101910,Male,52,No,No,Teacher,South Metro,Fixed Term,Active,2013-06-26,,1.0
ED101911,Female,57,No,No,Education Assistant,Great Southern,Permanent Full-Time,Active,2005-01-23,,1.0
ED101912,Female,42,No,No,School Administrator,North Metro,Permanent Full-Time,Active,2023-03-28,,1.0
ED101913,Male,21,No,No,Teacher,North Metro,Casual,Active,2025-09-12,,0.2
ED101914,Male,43,No,No,Teacher,North Metro,Permanent Part-Time,Active,2012-10-31,,0.6
ED101915,Male,32,No,No,Deputy Principal,North Metro,Fixed Term,Active,2016-01-25,,1.0
ED101916,Male,35,No,No,Aboriginal Education Officer,South Metro,Permanent Full-Time,Terminated,2018-04-08,2022-02-12,1.0
ED101917,Non-binary,29,No,No,Lead Teacher,South West,Fixed Term,Active,2019-12-30,,1.0
ED101918,Female,38,No,No,Teacher,South Metro,Permanent Part-Time,Active,2024-01-07,,0.6
ED101919,Male,36,No,No,Teacher,South Metro,Permanent Full-Time,Active,2013-11-06,,1.0
ED101920,Male,21,No,No,Deputy Principal,South West,Permanent Full-Time,Active,2026-04-04,,1.0
ED101921,Female,52,No,No,Teacher,North Metro,Permanent Full-Time,Active,2012-05-31,,1.0
ED101922,Female,67,No,No,Lead Teacher,North Metro,Fixed Term,Terminated,2014-05-28,2022-12-29,1.0
ED101923,Male,51,No,No,Teacher,South Metro,Permanent Part-Time,Active,2003-04-11,,0.6
ED101924,Female,41,No,No,Education Assistant,South Metro,Fixed Term,Active,2013-07-24,,1.0
ED101925,Male,43,No,No,Teacher,North Metro,Permanent Full-Time,Active,2015-11-18,,1.0
ED101926,Female,38,No,No,Lead Teacher,South Metro,Fixed Term,Active,2010-04-29,,1.0
ED101927,Female,45,No,No,Teacher,South Metro,Permanent Full-Time,Terminated,2020-02-11,2023-06-14,1.0
ED101928,Female,43,No,No,Lead Teacher,Kimberley,Permanent Full-Time,Active,2007-08-20,,1.0
ED101929,Female,33,Yes,No,Teacher,South Metro,Permanent Full-Time,Active,2020-01-24,,1.0
ED101930,Female,64,No,No,Lead Teacher,North Metro,Casual,Terminated,1998-12-10,2021-08-30,0.2
ED101931,Female,26,No,No,Lead Teacher,North Metro,Permanent Full-Time,Active,2022-04-23,,1.0
ED101932,Female,52,No,No,Lead Teacher,South Metro,Permanent Full-Time,Terminated,2021-12-22,2026-04-17,1.0
ED101933,Female,42,No,No,Lead Teacher,North Metro,Permanent Full-Time,Active,2025-01-20,,1.0
ED101934,Female,66,No,No,Principal,South West,Permanent Full-Time,Active,2018-08-04,,1.0
ED101935,Female,48,No,No,Education Assistant,South Metro,Fixed Term,Active,2000-01-04,,1.0
ED101936,Male,39,No,No,Teacher,North Metro,Permanent Full-Time,Active,2011-07-23,,1.0
ED101937,Female,41,No,No,Education Assistant,Pilbara,Permanent Part-Time,Active,2012-02-10,,0.6
ED101938,Female,44,No,No,Teacher,South Metro,Fixed Term,Active,2026-01-01,,1.0
ED101939,Female,30,No,Yes,Teacher,North Metro,Permanent Full-Time,Active,2017-09-05,,1.0
ED101940,Female,34,No,No,Teacher,Mid West,Fixed Term,Active,2020-12-25,,1.0
ED101941,Female,22,No,No,Teacher,Wheatbelt,Permanent Full-Time,Active,2026-01-21,,1.0
ED101942,Female,32,No,Yes,Education Assistant,Goldfields,Casual,Active,2025-10-19,,0.2
ED101943,Male,45,No,No,Deputy Principal,North Metro,Permanent Full-Time,Active,2006-01-26,,1.0
ED101944,Male,47,No,No,Education Assistant,South Metro,Permanent Part-Time,Active,2023-02-08,,0.6
ED101945,Male,21,No,No,Teacher,Pilbara,Permanent Part-Time,Active,2026-03-30,,0.6
ED101946,Female,42,No,No,Teacher,North Metro,Permanent Full-Time,Active,2026-03-18,,1.0
ED101947,Female,50,No,No,Teacher,North Metro,Permanent Full-Time,Terminated,2006-09-21,2023-06-15,1.0
ED101948,Female,42,No,No,Teacher,South West,Permanent Full-Time,Active,2019-07-24,,1.0
ED101949,Male,36,No,No,Teacher,North Metro,Permanent Full-Time,Active,2025-03-15,,1.0
ED101950,Non-binary,39,No,No,Teacher,Pilbara,Permanent Full-Time,Active,2019-02-25,,1.0
ED101951,Female,37,No,No,Teacher,South Metro,Casual,Terminated,2011-08-14,2017-12-02,0.2
ED101952,Female,36,No,No,Lead Teacher,South Metro,Permanent Full-Time,Active,2023-02-05,,1.0
ED101953,Female,46,No,No,Education Assistant,North Metro,Permanent Full-Time,Active,2012-04-07,,1.0
ED101954,Male,67,No,No,School Administrator,Mid West,Permanent Full-Time,Active,2019-03-23,,1.0
ED101955,Male,35,No,No,School Administrator,South Metro,Permanent Full-Time,Active,2014-11-13,,1.0
ED101956,Female,40,No,No,Lead Teacher,South Metro,Permanent Full-Time,Active,2008-10-12,,1.0
ED101957,Male,43,No,No,Teacher,Goldfields,Casual,Active,2010-01-25,,0.2
ED101958,Female,35,No,No,Lead Teacher,Kimberley,Fixed Term,Active,2024-07-14,,1.0
ED101959,Male,57,No,No,Education Assistant,South West,Permanent Full-Time,Terminated,2016-10-03,2024-11-08,1.0
ED101960,Male,21,No,No,Teacher,South Metro,Permanent Full-Time,Active,2026-04-04,,1.0
ED101961,Male,37,No,No,Teacher,South Metro,Permanent Full-Time,Active,2017-11-01,,1.0
ED101962,Female,53,No,No,Education Assistant,South West,Permanent Part-Time,Active,2015-10-30,,0.6
ED101963,Female,40,No,No,Teacher,South Metro,Permanent Part-Time,Active,2022-01-28,,0.6
ED101964,Female,34,No,No,Lead Teacher,North Metro,Permanent Part-Time,Terminated,2024-01-27,2024-12-15,0.6
ED101965,Female,49,No,No,Lead Teacher,North Metro,Permanent Full-Time,Active,2010-01-30,,1.0
ED101966,Male,54,No,No,Teacher,Wheatbelt,Fixed Term,Active,1993-12-12,,1.0
ED101967,Female,46,No,No,Teacher,South Metro,Permanent Full-Time,Active,2017-01-27,,1.0
ED101968,Female,34,No,No,Teacher,Goldfields,Permanent Full-Time,Active,2020-04-13,,1.0
ED101969,Male,49,No,No,Teacher,South Metro,Fixed Term,Active,2007-06-09,,1.0
ED101970,Female,39,No,No,Teacher,North Metro,Permanent Full-Time,Active,2022-02-10,,1.0
ED101971,Female,52,No,No,Education Assistant,South Metro,Permanent Full-Time,Active,2015-08-26,,1.0
ED101972,Female,61,No,Yes,Teacher,North Metro,Permanent Full-Time,Terminated,1996-10-06,2008-04-21,1.0
ED101973,Female,21,No,No,Teacher,South Metro,Permanent Full-Time,Active,2026-02-02,,1.0
ED101974,Female,45,No,No,Teacher,South Metro,Permanent Full-Time,Terminated,2009-01-09,2021-06-13,1.0
ED101975,Male,23,No,No,School Administrator,South Metro,Permanent Full-Time,Active,2024-11-09,,1.0
ED101976,Female,67,No,No,Teacher,Pilbara,Permanent Full-Time,Terminated,2015-03-21,2021-05-06,1.0
ED101977,Male,38,No,No,Teacher,Wheatbelt,Fixed Term,Active,2012-02-25,,1.0
ED101978,Female,52,No,No,Education Assistant,Mid West,Permanent Full-Time,Active,2022-01-01,,1.0
ED101979,Female,43,No,No,Education Assistant,North Metro,Permanent Part-Time,Active,2010-11-21,,0.6
ED101980,Female,34,No,Yes,Teacher,North Metro,Permanent Full-Time,Active,2015-03-03,,1.0
ED101981,Female,32,No,No,Education Assistant,South Metro,Permanent Full-Time,Active,2020-07-20,,1.0
ED101982,Female,63,No,No,Teacher,South West,Permanent Full-Time,Terminated,2003-08-18,2026-05-20,1.0
ED101983,Female,55,No,No,Teacher,Wheatbelt,Permanent Part-Time,Active,1998-07-01,,0.6
ED101984,Female,67,No,No,Teacher,Wheatbelt,Permanent Part-Time,Active,1997-12-14,,0.6
ED101985,Female,44,No,No,Teacher,North Metro,Permanent Full-Time,Active,2017-03-26,,1.0
ED101986,Female,47,No,No,Deputy Principal,South Metro,Fixed Term,Active,2015-03-26,,1.0
ED101987,Female,40,No,No,Teacher,South Metro,Fixed Term,Terminated,2022-10-23,2025-10-24,1.0
ED101988,Male,40,Yes,No,Teacher,North Metro,Permanent Full-Time,Active,2025-06-25,,1.0
ED101989,Male,31,Yes,No,Deputy Principal,North Metro,Permanent Part-Time,Active,2024-03-11,,0.6
ED101990,Female,45,No,No,Education Assistant,South West,Permanent Full-Time,Active,2003-11-22,,1.0
ED101991,Female,34,No,No,Teacher,North Metro,Permanent Full-Time,Active,2026-02-20,,1.0
ED101992,Male,49,No,No,Lead Teacher,North Metro,Permanent Full-Time,Active,2022-08-21,,1.0
ED101993,Female,46,Yes,No,Teacher,North Metro,Casual,Active,2001-08-22,,0.2
ED101994,Male,47,No,No,Education Assistant,South West,Permanent Full-Time,Terminated,2012-07-29,2023-01-25,1.0
ED101995,Female,64,No,No,Principal,South Metro,Fixed Term,Active,2017-04-06,,1.0
ED101996,Male,43,No,Yes,School Administrator,Goldfields,Permanent Part-Time,Active,2020-09-19,,0.6
ED101997,Female,53,No,No,Teacher,South West,Permanent Full-Time,Active,2023-05-15,,1.0
ED101998,Male,67,No,No,Teacher,North Metro,Permanent Full-Time,Active,2011-08-06,,1.0
ED101999,Female,59,Yes,No,Teacher,South Metro,Permanent Part-Time,Active,2021-02-25,,0.6
ED102000,Female,57,Yes,No,Teacher,North Metro,Permanent Full-Time,Active,2007-01-05,,1.0
ED102001,Female,40,No,No,Teacher,North Metro,Permanent Full-Time,Active,2023-09-09,,1.0
ED102002,Female,46,Yes,No,Aboriginal Education Officer,Wheatbelt,Permanent Part-Time,Terminated,2016-08-16,2019-12-02,0.6
ED102003,Male,28,No,No,Teacher,Pilbara,Fixed Term,Active,2022-09-28,,1.0
ED102004,Female,49,No,No,Teacher,South Metro,Permanent Part-Time,Active,2025-06-20,,0.6
ED102005,Male,47,No,No,Education Assistant,South Metro,Permanent Full-Time,Active,2016-10-17,,1.0
ED102006,Female,44,No,No,Teacher,South Metro,Permanent Full-Time,Active,2005-05-07,,1.0
ED102007,Male,56,No,No,Education Assistant,North Metro,Casual,Terminated,2022-06-20,2023-01-20,0.2
ED102008,Female,29,No,No,Teacher,North Metro,Fixed Term,Active,2020-07-05,,1.0
ED102009,Male,63,No,No,Teacher,North Metro,Permanent Full-Time,Terminated,2009-10-18,2023-02-28,1.0
ED102010,Male,54,No,No,Teacher,North Metro,Fixed Term,Active,2011-03-29,,1.0
ED102011,Female,43,No,No,Teacher,Mid West,Permanent Full-Time,Active,2008-10-20,,1.0
ED102012,Male,42,No,No,Aboriginal Education Officer,North Metro,Permanent Full-Time,Active,2020-07-30,,1.0
ED102013,Male,49,No,No,Teacher,North Metro,Permanent Full-Time,Active,2001-03-14,,1.0
ED102014,Female,62,No,No,Teacher,South Metro,Permanent Full-Time,Terminated,1997-04-08,2011-04-08,1.0
ED102015,Female,45,No,No,Teacher,Wheatbelt,Fixed Term,Active,2023-08-22,,1.0
ED102016,Female,45,No,No,Teacher,North Metro,Permanent Full-Time,Active,2012-02-08,,1.0
ED102017,Male,44,No,No,Aboriginal Education Officer,North Metro,Permanent Full-Time,Active,2005-11-06,,1.0
ED102018,Female,65,No,No,Teacher,South Metro,Fixed Term,Terminated,2023-07-12,2026-03-14,1.0
ED102019,Female,39,No,No,Principal,Pilbara,Fixed Term,Active,2017-09-06,,1.0
ED102020,Female,43,No,No,School Administrator,South Metro,Permanent Full-Time,Active,2004-11-15,,1.0
ED102021,Female,61,No,No,Lead Teacher,Mid West,Permanent Part-Time,Active,1991-09-15,,0.6
ED102022,Male,45,No,No,School Administrator,South West,Permanent Part-Time,Active,2008-04-07,,0.6
ED102023,Male,57,No,Yes,Teacher,Mid West,Permanent Part-Time,Active,2009-04-15,,0.6
ED102024,Female,33,No,No,Teacher,South Metro,Permanent Part-Time,Active,2015-01-13,,0.6
ED102025,Female,41,No,No,Teacher,South Metro,Permanent Full-Time,Active,2023-03-17,,1.0
ED102026,Male,61,No,No,Education Assistant,North Metro,Permanent Full-Time,Active,2022-04-04,,1.0
ED102027,Female,35,No,No,School Administrator,Great Southern,Fixed Term,Active,2015-04-12,,1.0
ED102028,Female,42,No,No,Teacher,South Metro,Fixed Term,Active,2021-01-18,,1.0
ED102029,Female,47,No,No,Principal,North Metro,Permanent Full-Time,Active,2000-12-11,,1.0
ED102030,Female,32,No,No,Teacher,Goldfields,Permanent Full-Time,Active,2021-01-05,,1.0
ED102031,Female,39,No,No,Lead Teacher,North Metro,Fixed Term,Active,2020-10-14,,1.0
ED102032,Male,45,No,No,Teacher,South Metro,Permanent Full-Time,Terminated,2006-09-18,2017-12-26,1.0
ED102033,Female,44,No,No,School Administrator,South Metro,Permanent Full-Time,Active,2017-05-18,,1.0
ED102034,Male,59,No,No,Lead Teacher,South Metro,Permanent Full-Time,Active,1997-07-29,,1.0
ED102035,Female,62,No,No,Teacher,Wheatbelt,Permanent Full-Time,Active,1992-02-26,,1.0
ED102036,Female,33,No,No,Teacher,North Metro,Permanent Full-Time,Active,2014-10-09,,1.0
ED102037,Male,45,No,No,Teacher,South Metro,Permanent Full-Time,Active,2004-04-11,,1.0
ED102038,Female,52,No,No,Teacher,South Metro,Permanent Full-Time,Active,2008-03-26,,1.0
ED102039,Female,62,No,No,Teacher,Goldfields,Casual,Terminated,2006-11-04,2011-08-27,0.2
ED102040,Female,52,No,No,Education Assistant,Mid West,Fixed Term,Active,2020-12-02,,1.0
ED102041,Female,47,No,No,Lead Teacher,South Metro,Fixed Term,Active,2012-05-25,,1.0
ED102042,Male,51,No,No,Teacher,South Metro,Fixed Term,Terminated,2017-09-28,2021-05-07,1.0
ED102043,Female,52,No,No,Teacher,North Metro,Permanent Part-Time,Active,2010-05-14,,0.6
ED102044,Male,32,No,No,Education Assistant,South West,Permanent Full-Time,Active,2015-08-20,,1.0
ED102045,Female,46,No,No,Deputy Principal,South Metro,Permanent Full-Time,Active,2022-08-17,,1.0
ED102046,Female,61,No,No,Teacher,Kimberley,Permanent Full-Time,Terminated,2013-07-11,2018-11-20,1.0
ED102047,Male,41,No,No,Deputy Principal,North Metro,Permanent Full-Time,Active,2017-10-23,,1.0
ED102048,Male,45,No,No,Teacher,North Metro,Permanent Full-Time,Active,2017-11-07,,1.0
ED102049,Female,41,No,No,Teacher,South Metro,Casual,Active,2012-02-24,,0.2
ED102050,Female,21,No,No,Teacher,Wheatbelt,Permanent Full-Time,Active,2025-06-24,,1.0
ED102051,Female,44,No,No,Teacher,South Metro,Permanent Full-Time,Active,2007-12-31,,1.0
ED102052,Female,47,No,No,Teacher,South West,Permanent Part-Time,Active,2025-05-07,,0.6
ED102053,Male,37,No,No,School Administrator,South Metro,Permanent Full-Time,Active,2025-10-04,,1.0
ED102054,Male,30,No,No,Education Assistant,South Metro,Fixed Term,Active,2017-12-06,,1.0
ED102055,Female,33,No,No,Principal,North Metro,Permanent Full-Time,Active,2015-07-21,,1.0
ED102056,Male,53,No,No,Teacher,Mid West,Permanent Full-Time,Active,2003-02-04,,1.0
ED102057,Female,67,No,No,Teacher,North Metro,Fixed Term,Active,1998-12-18,,1.0
ED102058,Female,60,No,No,Principal,South West,Permanent Part-Time,Terminated,2003-08-03,2021-02-11,0.6
ED102059,Female,27,No,No,Teacher,South West,Permanent Full-Time,Active,2024-04-12,,1.0
ED102060,Male,54,No,No,Teacher,South West,Permanent Full-Time,Active,2025-04-27,,1.0
ED102061,Male,36,No,No,Teacher,South Metro,Permanent Part-Time,Active,2022-05-03,,0.6
ED102062,Female,37,No,No,Education Assistant,Goldfields,Permanent Full-Time,Terminated,2010-06-20,2019-11-27,1.0
ED102063,Female,38,No,No,Teacher,Mid West,Fixed Term,Active,2024-10-03,,1.0
ED102064,Male,52,No,No,Teacher,North Metro,Casual,Active,1997-01-22,,0.2
ED102065,Female,55,No,No,Education Assistant,South Metro,Permanent Full-Time,Active,2019-06-12,,1.0
ED102066,Female,42,No,No,Teacher,North Metro,Permanent Part-Time,Active,2014-03-27,,0.6
ED102067,Male,43,No,No,Teacher,South Metro,Fixed Term,Active,2017-03-12,,1.0
ED102068,Male,49,No,No,Teacher,North Metro,Permanent Full-Time,Active,2024-08-25,,1.0
ED102069,Female,50,No,No,Teacher,North Metro,Casual,Active,2000-06-23,,0.2
ED102070,Female,58,No,No,Education Assistant,South Metro,Permanent Part-Time,Active,2006-01-13,,0.6
ED102071,Female,28,No,No,Teacher,South Metro,Permanent Full-Time,Active,2021-02-08,,1.0
ED102072,Female,44,No,No,Teacher,South Metro,Permanent Part-Time,Active,2010-10-05,,0.6
ED102073,Male,31,No,No,Education Assistant,North Metro,Permanent Full-Time,Active,2020-10-29,,1.0
ED102074,Female,43,No,No,Education Assistant,South Metro,Permanent Full-Time,Active,2024-05-13,,1.0
ED102075,Male,41,No,No,Education Assistant,North Metro,Permanent Part-Time,Active,2025-03-11,,0.6
ED102076,Female,43,No,No,Teacher,South Metro,Permanent Full-Time,Active,2016-06-21,,1.0
ED102077,Female,34,No,No,Teacher,South Metro,Permanent Part-Time,Active,2015-06-20,,0.6
ED102078,Female,26,No,No,School Administrator,South Metro,Permanent Full-Time,Terminated,2022-03-24,2023-01-02,1.0
ED102079,Male,21,No,No,Education Assistant,Pilbara,Permanent Full-Time,Active,2025-09-01,,1.0
ED102080,Female,42,No,No,Teacher,North Metro,Permanent Part-Time,Active,2008-03-09,,0.6
ED102081,Female,38,No,No,Teacher,Pilbara,Casual,Active,2011-10-27,,0.2
ED102082,Female,35,No,No,Teacher,South Metro,Fixed Term,Active,2015-07-07,,1.0
ED102083,Female,59,No,No,Aboriginal Education Officer,South Metro,Fixed Term,Active,2004-04-02,,1.0
ED102084,Female,33,Yes,No,Teacher,South Metro,Permanent Full-Time,Active,2025-10-03,,1.0
ED102085,Female,61,No,No,Teacher,North Metro,Fixed Term,Terminated,1996-08-12,2023-05-04,1.0
ED102086,Female,63,No,No,Teacher,Goldfields,Permanent Full-Time,Active,2002-06-05,,1.0
ED102087,Female,21,No,No,Principal,South Metro,Permanent Full-Time,Active,2025-10-03,,1.0
ED102088,Female,45,No,No,Education Assistant,North Metro,Permanent Full-Time,Active,2017-01-28,,1.0
ED102089,Female,39,No,Yes,Teacher,North Metro,Fixed Term,Active,2011-05-06,,1.0
ED102090,Female,21,No,No,Education Assistant,North Metro,Permanent Full-Time,Active,2025-06-29,,1.0
ED102091,Female,26,No,No,School Administrator,South West,Permanent Full-Time,Terminated,2021-06-12,2026-02-14,1.0
ED102092,Female,53,No,No,Teacher,Goldfields,Permanent Full-Time,Active,1994-09-03,,1.0
ED102093,Male,67,No,No,Teacher,North Metro,Permanent Full-Time,Terminated,2001-03-08,2020-04-06,1.0
ED102094,Female,54,Yes,No,Teacher,South Metro,Fixed Term,Active,2023-06-21,,1.0
ED102095,Female,47,No,Yes,Education Assistant,South Metro,Permanent Full-Time,Active,2020-03-14,,1.0
ED102096,Female,43,No,No,Lead Teacher,Wheatbelt,Permanent Full-Time,Active,2004-07-25,,1.0
ED102097,Male,64,No,No,Lead Teacher,North Metro,Permanent Full-Time,Active,1996-06-19,,1.0
ED102098,Male,67,No,No,Education Assistant,North Metro,Permanent Full-Time,Active,2011-02-19,,1.0
ED102099,Female,36,No,No,Teacher,South West,Permanent Full-Time,Terminated,2016-05-25,2019-09-11,1.0
ED102100,Female,21,No,No,Aboriginal Education Officer,North Metro,Permanent Full-Time,Active,2026-03-06,,1.0
ED102101,Female,21,No,No,Teacher,North Metro,Permanent Full-Time,Active,2025-10-08,,1.0
ED102102,Male,59,No,No,Teacher,South West,Permanent Full-Time,Active,2009-09-06,,1.0
ED102103,Male,43,No,No,Deputy Principal,South Metro,Fixed Term,Active,2017-04-04,,1.0
ED102104,Female,46,No,No,Education Assistant,North Metro,Casual,Active,2013-03-06,,0.2
ED102105,Male,22,No,No,Teacher,North Metro,Permanent Full-Time,Active,2026-01-23,,1.0
ED102106,Male,34,No,No,Education Assistant,North Metro,Permanent Full-Time,Active,2023-01-16,,1.0
ED102107,Female,40,No,No,Aboriginal Education Officer,North Metro,Permanent Part-Time,Active,2018-02-01,,0.6
ED102108,Female,46,No,No,Teacher,South West,Permanent Full-Time,Active,2019-05-02,,1.0
ED102109,Female,39,No,No,School Administrator,South Metro,Permanent Full-Time,Active,2009-01-06,,1.0
ED102110,Female,31,No,No,Teacher,Kimberley,Permanent Full-Time,Active,2019-06-30,,1.0
ED102111,Male,34,No,No,Teacher,South West,Fixed Term,Active,2015-02-27,,1.0
ED102112,Female,58,Yes,No,Teacher,South Metro,Permanent Part-Time,Active,2022-06-30,,0.6
ED102113,Male,46,No,No,Aboriginal Education Officer,North Metro,Permanent Full-Time,Active,2025-05-17,,1.0
ED102114,Non-binary,51,No,No,Principal,South Metro,Permanent Full-Time,Active,2018-06-22,,1.0
ED102115,Female,33,No,No,Teacher,South West,Permanent Full-Time,Active,2023-01-03,,1.0
ED102116,Female,21,No,No,Teacher,Mid West,Permanent Full-Time,Active,2025-06-04,,1.0
ED102117,Male,37,No,No,Lead Teacher,North Metro,Permanent Full-Time,Active,2010-06-11,,1.0
ED102118,Male,33,No,No,Teacher,Kimberley,Fixed Term,Active,2022-02-02,,1.0
ED102119,Male,48,No,No,Aboriginal Education Officer,South Metro,Permanent Full-Time,Terminated,2016-06-29,2020-04-16,1.0
ED102120,Female,67,No,No,Education Assistant,South West,Permanent Full-Time,Terminated,2021-01-12,2025-05-16,1.0
ED102121,Female,52,No,No,Teacher,North Metro,Permanent Full-Time,Active,2005-08-21,,1.0
ED102122,Female,67,No,No,School Administrator,South Metro,Permanent Full-Time,Active,2021-08-06,,1.0
ED102123,Male,50,No,No,Teacher,Wheatbelt,Casual,Active,2024-12-12,,0.2
ED102124,Female,36,No,No,School Administrator,South Metro,Permanent Full-Time,Active,2022-06-19,,1.0
ED102125,Male,48,No,No,Principal,South Metro,Permanent Full-Time,Active,2018-11-20,,1.0
ED102126,Female,65,No,No,Lead Teacher,North Metro,Permanent Full-Time,Active,2010-10-13,,1.0
ED102127,Male,65,No,No,Teacher,North Metro,Permanent Full-Time,Terminated,2016-06-11,2022-06-20,1.0
ED102128,Female,37,No,No,Aboriginal Education Officer,North Metro,Fixed Term,Active,2012-07-10,,1.0
ED102129,Female,47,No,No,Teacher,South West,Permanent Full-Time,Active,2012-10-03,,1.0
ED102130,Female,26,No,No,Teacher,North Metro,Permanent Full-Time,Active,2024-08-14,,1.0
ED102131,Female,53,No,No,Teacher,South Metro,Permanent Full-Time,Active,2006-07-26,,1.0
ED102132,Female,62,No,No,Lead Teacher,Goldfields,Permanent Part-Time,Active,2026-02-16,,0.6
ED102133,Female,44,No,No,Teacher,North Metro,Permanent Part-Time,Active,2025-10-17,,0.6
ED102134,Female,35,No,No,Deputy Principal,South Metro,Permanent Part-Time,Active,2013-07-06,,0.6
ED102135,Female,48,No,No,Aboriginal Education Officer,Pilbara,Permanent Full-Time,Active,2013-01-03,,1.0
ED102136,Male,49,No,No,Teacher,Wheatbelt,Fixed Term,Active,2001-04-29,,1.0
ED102137,Female,44,No,No,Education Assistant,South Metro,Permanent Full-Time,Active,2015-10-05,,1.0
ED102138,Female,46,No,No,Teacher,Goldfields,Permanent Full-Time,Active,2024-08-13,,1.0
ED102139,Male,41,No,No,Education Assistant,North Metro,Permanent Part-Time,Active,2024-02-20,,0.6
ED102140,Female,55,No,No,Education Assistant,South West,Permanent Full-Time,Active,2019-08-13,,1.0
ED102141,Male,52,No,No,Teacher,North Metro,Permanent Full-Time,Active,2022-08-11,,1.0
ED102142,Female,32,Yes,No,Deputy Principal,Mid West,Permanent Full-Time,Active,2020-01-29,,1.0
ED102143,Female,31,No,No,Teacher,North Metro,Permanent Full-Time,Active,2021-01-21,,1.0
ED102144,Female,40,No,No,Teacher,South West,Permanent Full-Time,Active,2020-08-14,,1.0
ED102145,Female,52,No,No,Education Assistant,Kimberley,Permanent Part-Time,Active,2001-10-10,,0.6
ED102146,Female,45,No,No,Teacher,Pilbara,Permanent Full-Time,Terminated,2006-12-17,2020-07-15,1.0
ED102147,Female,36,No,No,Teacher,North Metro,Permanent Part-Time,Active,2017-05-23,,0.6
ED102148,Female,47,No,No,Teacher,South Metro,Fixed Term,Terminated,2001-03-13,2009-05-26,1.0
ED102149,Female,40,No,No,Education Assistant,South Metro,Permanent Full-Time,Active,2024-02-22,,1.0
ED102150,Female,54,No,No,Teacher,Pilbara,Permanent Full-Time,Active,2004-01-23,,1.0
ED102151,Female,47,No,No,Teacher,North Metro,Fixed Term,Terminated,2005-11-07,2009-06-05,1.0
ED102152,Female,40,No,No,Deputy Principal,Great Southern,Permanent Part-Time,Terminated,2021-07-07,2023-10-19,0.6
ED102153,Female,46,No,No,Education Assistant,South West,Permanent Full-Time,Active,2006-04-21,,1.0
ED102154,Female,59,No,No,Teacher,North Metro,Permanent Full-Time,Active,2001-10-27,,1.0
ED102155,Female,37,No,No,Teacher,Wheatbelt,Permanent Part-Time,Active,2022-12-07,,0.6
ED102156,Female,48,No,No,Teacher,South Metro,Permanent Full-Time,Active,2001-07-12,,1.0
ED102157,Female,43,No,No,Teacher,South Metro,Permanent Part-Time,Active,2012-06-12,,0.6
ED102158,Female,49,No,No,Teacher,North Metro,Permanent Full-Time,Active,2005-05-17,,1.0
ED102159,Female,36,No,No,Education Assistant,South Metro,Permanent Part-Time,Terminated,2012-06-29,2013-08-22,0.6
ED102160,Female,45,No,No,Principal,Kimberley,Permanent Full-Time,Active,2005-12-09,,1.0
ED102161,Female,57,No,No,Lead Teacher,South Metro,Permanent Part-Time,Active,2014-10-08,,0.6
ED102162,Female,32,Yes,No,Teacher,South Metro,Casual,Active,2020-10-15,,0.2
ED102163,Female,28,No,No,Education Assistant,Kimberley,Permanent Full-Time,Active,2025-11-11,,1.0
ED102164,Female,28,No,No,Teacher,Kimberley,Permanent Part-Time,Active,2026-03-23,,0.6
ED102165,Female,29,No,No,School Administrator,North Metro,Permanent Full-Time,Active,2020-06-14,,1.0
ED102166,Male,51,No,No,Lead Teacher,Wheatbelt,Permanent Full-Time,Terminated,2016-05-25,2019-01-21,1.0
ED102167,Male,27,No,No,Teacher,South Metro,Fixed Term,Active,2024-11-30,,1.0
ED102168,Female,40,No,No,Principal,North Metro,Permanent Full-Time,Active,2013-01-25,,1.0
ED102169,Female,51,No,No,Teacher,North Metro,Permanent Full-Time,Active,2014-06-12,,1.0
ED102170,Female,48,Yes,No,Deputy Principal,South Metro,Permanent Full-Time,Active,2005-01-07,,1.0
ED102171,Male,39,No,No,Teacher,South West,Permanent Full-Time,Active,2017-11-25,,1.0
ED102172,Female,46,No,No,Teacher,South Metro,Permanent Part-Time,Terminated,2025-01-09,2025-09-07,0.6
ED102173,Male,45,No,No,Education Assistant,Pilbara,Permanent Full-Time,Active,2006-04-07,,1.0
ED102174,Female,41,No,No,Teacher,North Metro,Permanent Full-Time,Active,2013-04-21,,1.0
ED102175,Female,41,No,No,Education Assistant,South Metro,Permanent Full-Time,Active,2012-06-26,,1.0
ED102176,Female,67,No,No,Teacher,Great Southern,Permanent Full-Time,Active,1996-01-22,,1.0
ED102177,Female,53,No,No,Lead Teacher,Mid West,Permanent Full-Time,Active,2001-05-20,,1.0
ED102178,Female,67,No,No,Deputy Principal,North Metro,Permanent Part-Time,Terminated,1994-10-29,2021-07-04,0.6
ED102179,Female,38,No,No,Teacher,South Metro,Permanent Full-Time,Active,2012-06-19,,1.0
ED102180,Female,42,No,No,Teacher,North Metro,Permanent Full-Time,Active,2006-04-19,,1.0
ED102181,Male,28,No,No,Teacher,South Metro,Permanent Part-Time,Active,2021-01-24,,0.6
ED102182,Female,34,No,No,Teacher,Mid West,Permanent Full-Time,Active,2018-08-13,,1.0
ED102183,Female,66,No,No,Teacher,Mid West,Permanent Full-Time,Terminated,1995-01-24,2012-01-30,1.0
ED102184,Female,37,No,No,Principal,North Metro,Permanent Part-Time,Active,2010-10-13,,0.6
ED102185,Female,67,No,No,School Administrator,South West,Permanent Full-Time,Active,2009-07-12,,1.0
ED102186,Female,29,No,No,Education Assistant,South Metro,Permanent Full-Time,Terminated,2018-08-26,2020-06-24,1.0
ED102187,Female,31,No,No,Education Assistant,South Metro,Permanent Full-Time,Active,2022-05-22,,1.0
ED102188,Female,39,No,No,Education Assistant,South Metro,Permanent Full-Time,Active,2020-02-15,,1.0
ED102189,Female,43,No,No,Principal,South Metro,Permanent Full-Time,Active,2022-11-19,,1.0
ED102190,Female,55,No,No,Teacher,South Metro,Casual,Active,1993-01-13,,0.2
ED102191,Female,49,No,Yes,Aboriginal Education Officer,South Metro,Permanent Full-Time,Active,2001-03-01,,1.0
ED102192,Male,39,No,Yes,Principal,South Metro,Permanent Part-Time,Active,2014-04-01,,0.6
ED102193,Female,42,No,No,Lead Teacher,North Metro,Fixed Term,Active,2011-10-26,,1.0
ED102194,Female,40,No,No,Teacher,Mid West,Permanent Part-Time,Active,2020-01-31,,0.6
ED102195,Female,33,No,No,Teacher,South Metro,Permanent Full-Time,Active,2023-03-24,,1.0
ED102196,Male,33,No,No,Teacher,North Metro,Permanent Full-Time,Active,2017-03-17,,1.0
ED102197,Female,56,No,No,Education Assistant,Pilbara,Permanent Full-Time,Active,1994-04-19,,1.0
ED102198,Female,22,No,No,Teacher,South West,Fixed Term,Active,2026-04-11,,1.0
ED102199,Female,63,No,No,Teacher,South West,Permanent Full-Time,Terminated,2022-09-15,2023-11-10,1.0
ED102200,Female,39,No,No,School Administrator,South Metro,Fixed Term,Active,2014-07-16,,1.0
ED102201,Male,34,No,No,Teacher,North Metro,Permanent Full-Time,Active,2017-11-26,,1.0
ED102202,Female,52,No,No,Teacher,South Metro,Fixed Term,Active,2014-07-09,,1.0
ED102203,Male,61,No,No,Teacher,North Metro,Permanent Full-Time,Active,2017-11-22,,1.0
ED102204,Female,57,No,No,Education Assistant,South West,Fixed Term,Active,1999-10-18,,1.0
ED102205,Female,50,No,No,Aboriginal Education Officer,North Metro,Permanent Full-Time,Active,1997-09-09,,1.0
ED102206,Male,57,No,No,Teacher,North Metro,Permanent Part-Time,Active,2002-10-28,,0.6
ED102207,Female,23,No,No,Education Assistant,South Metro,Permanent Full-Time,Active,2024-11-11,,1.0
ED102208,Female,37,No,No,Teacher,South Metro,Permanent Part-Time,Active,2012-05-20,,0.6
ED102209,Female,33,No,No,Aboriginal Education Officer,Mid West,Permanent Part-Time,Active,2025-03-29,,0.6
ED102210,Female,58,No,No,Education Assistant,South Metro,Permanent Full-Time,Terminated,2015-12-04,2020-03-09,1.0
ED102211,Female,39,No,No,Education Assistant,North Metro,Permanent Full-Time,Terminated,2010-09-01,2011-06-21,1.0
ED102212,Non-binary,54,No,No,Teacher,North Metro,Permanent Full-Time,Active,2009-08-30,,1.0
ED102213,Male,50,No,No,School Administrator,South Metro,Permanent Full-Time,Active,2012-03-07,,1.0
ED102214,Female,33,No,No,Deputy Principal,North Metro,Permanent Part-Time,Active,2025-03-08,,0.6
ED102215,Female,36,No,No,Teacher,South Metro,Permanent Full-Time,Active,2012-11-18,,1.0
ED102216,Female,59,No,No,Education Assistant,South Metro,Permanent Full-Time,Active,2026-02-15,,1.0
ED102217,Female,34,No,No,Teacher,Kimberley,Permanent Part-Time,Active,2020-02-20,,0.6
ED102218,Female,45,No,No,Education Assistant,South West,Permanent Full-Time,Active,2010-01-03,,1.0
ED102219,Female,34,No,No,Teacher,South West,Casual,Active,2019-07-15,,0.2
ED102220,Female,40,No,No,Deputy Principal,South West,Permanent Full-Time,Active,2010-11-19,,1.0
ED102221,Female,43,No,No,Teacher,North Metro,Permanent Full-Time,Active,2006-03-13,,1.0
ED102222,Female,34,No,No,Teacher,North Metro,Permanent Full-Time,Active,2025-04-19,,1.0
ED102223,Female,32,No,No,Teacher,North Metro,Permanent Full-Time,Active,2026-01-31,,1.0
ED102224,Male,47,No,No,Teacher,South West,Permanent Full-Time,Active,2026-04-20,,1.0
ED102225,Female,33,No,No,Teacher,Great Southern,Permanent Full-Time,Active,2016-02-07,,1.0
ED102226,Female,34,No,No,Teacher,Wheatbelt,Permanent Full-Time,Active,2025-07-31,,1.0
ED102227,Female,32,No,No,Lead Teacher,North Metro,Permanent Full-Time,Terminated,2024-04-28,2025-11-04,1.0
ED102228,Female,43,Yes,No,Teacher,South West,Permanent Full-Time,Active,2011-07-29,,1.0
ED102229,Female,55,No,No,Teacher,South Metro,Permanent Full-Time,Active,2019-07-13,,1.0
ED102230,Female,62,No,No,Education Assistant,North Metro,Permanent Part-Time,Terminated,2000-12-18,2016-01-27,0.6
ED102231,Male,35,No,No,Teacher,South Metro,Casual,Active,2020-01-13,,0.2
ED102232,Female,67,No,No,Aboriginal Education Officer,North Metro,Casual,Terminated,2014-04-07,2014-11-19,0.2
ED102233,Female,31,No,No,Education Assistant,South Metro,Fixed Term,Active,2020-05-19,,1.0
ED102234,Female,57,No,No,Principal,North Metro,Fixed Term,Active,2017-03-15,,1.0
ED102235,Male,35,No,No,Lead Teacher,South Metro,Permanent Full-Time,Active,2024-03-28,,1.0
ED102236,Male,33,No,No,Aboriginal Education Officer,South Metro,Permanent Full-Time,Active,2022-05-01,,1.0
ED102237,Male,35,No,No,Teacher,Wheatbelt,Permanent Full-Time,Active,2019-08-03,,1.0
ED102238,Female,43,No,No,Teacher,Goldfields,Permanent Part-Time,Terminated,2010-06-01,2021-03-18,0.6
ED102239,Non-binary,50,No,No,Teacher,South Metro,Fixed Term,Active,2001-09-30,,1.0
ED102240,Female,52,No,No,Education Assistant,Mid West,Permanent Full-Time,Active,2005-10-21,,1.0
ED102241,Female,32,No,Yes,Teacher,South West,Permanent Full-Time,Active,2021-12-03,,1.0
ED102242,Male,32,Yes,No,Lead Teacher,North Metro,Permanent Part-Time,Terminated,2015-10-14,2026-05-04,0.6
ED102243,Male,33,No,No,School Administrator,South Metro,Permanent Full-Time,Terminated,2015-09-30,2016-11-14,1.0
ED102244,Female,42,No,No,Education Assistant,North Metro,Permanent Full-Time,Active,2016-04-21,,1.0
ED102245,Female,41,No,No,Teacher,North Metro,Permanent Full-Time,Active,2013-10-01,,1.0
ED102246,Female,32,No,No,Teacher,Goldfields,Casual,Active,2020-06-19,,0.2
ED102247,Female,47,No,No,Education Assistant,Wheatbelt,Permanent Full-Time,Active,2021-09-05,,1.0
ED102248,Female,67,No,No,Lead Teacher,North Metro,Permanent Full-Time,Terminated,2020-04-10,2025-11-19,1.0
ED102249,Male,37,No,No,Teacher,Mid West,Permanent Full-Time,Active,2025-11-22,,1.0
ED102250,Female,38,No,No,Teacher,Wheatbelt,Permanent Full-Time,Active,2025-11-02,,1.0
ED102251,Male,50,No,No,Aboriginal Education Officer,South West,Permanent Full-Time,Active,2004-05-19,,1.0
ED102252,Male,37,No,No,Principal,North Metro,Permanent Full-Time,Active,2016-11-27,,1.0
ED102253,Female,52,No,No,Education Assistant,South West,Permanent Full-Time,Active,2022-08-02,,1.0
ED102254,Male,35,No,No,Education Assistant,North Metro,Permanent Full-Time,Active,2026-01-13,,1.0
ED102255,Female,65,No,No,Lead Teacher,South Metro,Permanent Full-Time,Terminated,2017-12-16,2019-02-24,1.0
ED102256,Female,48,No,No,Teacher,North Metro,Permanent Full-Time,Active,2022-04-10,,1.0
ED102257,Female,36,No,No,Teacher,North Metro,Fixed Term,Active,2018-01-27,,1.0
ED102258,Female,36,No,No,Teacher,Kimberley,Permanent Full-Time,Active,2013-12-24,,1.0
ED102259,Male,37,No,No,Teacher,South Metro,Permanent Full-Time,Active,2020-01-15,,1.0
ED102260,Male,60,No,No,Education Assistant,North Metro,Fixed Term,Terminated,2012-04-23,2021-08-20,1.0
ED102261,Female,28,No,No,Lead Teacher,North Metro,Permanent Full-Time,Active,2023-08-03,,1.0
ED102262,Male,35,No,No,Aboriginal Education Officer,Goldfields,Permanent Full-Time,Active,2021-03-27,,1.0
ED102263,Female,37,No,No,Teacher,North Metro,Permanent Full-Time,Active,2018-01-22,,1.0
ED102264,Male,43,No,No,Lead Teacher,Mid West,Fixed Term,Active,2005-10-08,,1.0
ED102265,Female,40,No,No,Lead Teacher,North Metro,Fixed Term,Active,2023-01-11,,1.0
ED102266,Female,26,No,No,Lead Teacher,North Metro,Permanent Full-Time,Active,2023-05-24,,1.0
ED102267,Female,39,No,No,Deputy Principal,South Metro,Permanent Part-Time,Active,2022-09-19,,0.6
ED102268,Female,42,No,No,Teacher,South Metro,Permanent Full-Time,Active,2010-03-22,,1.0
ED102269,Female,36,No,No,Teacher,South Metro,Fixed Term,Active,2021-12-06,,1.0
ED102270,Male,52,No,No,Teacher,North Metro,Permanent Full-Time,Active,2002-04-18,,1.0
ED102271,Female,55,No,No,Teacher,Great Southern,Fixed Term,Active,2003-06-09,,1.0
ED102272,Male,43,No,No,Teacher,South Metro,Permanent Full-Time,Active,2024-03-09,,1.0
ED102273,Female,46,No,No,Principal,North Metro,Permanent Full-Time,Active,2006-07-10,,1.0
ED102274,Female,21,Yes,No,School Administrator,South Metro,Permanent Full-Time,Active,2025-08-16,,1.0
ED102275,Female,38,No,No,Lead Teacher,Wheatbelt,Permanent Part-Time,Terminated,2018-02-23,2022-07-05,0.6
ED102276,Male,56,No,No,Education Assistant,North Metro,Permanent Part-Time,Active,2008-10-18,,0.6
ED102277,Female,38,No,No,Teacher,North Metro,Permanent Full-Time,Active,2011-04-03,,1.0
ED102278,Female,35,No,No,Lead Teacher,Pilbara,Permanent Part-Time,Active,2017-07-15,,0.6
ED102279,Female,67,No,No,Teacher,South Metro,Permanent Part-Time,Active,2024-09-28,,0.6
ED102280,Female,65,No,No,Teacher,South Metro,Permanent Part-Time,Terminated,2023-12-30,2025-11-19,0.6
ED102281,Male,49,No,No,Teacher,North Metro,Permanent Full-Time,Active,2016-06-23,,1.0
ED102282,Female,57,No,No,Teacher,North Metro,Permanent Full-Time,Active,2025-09-19,,1.0
ED102283,Female,21,No,No,Teacher,South Metro,Permanent Full-Time,Active,2025-06-23,,1.0
ED102284,Female,34,No,No,Teacher,North Metro,Permanent Full-Time,Active,2025-07-11,,1.0
ED102285,Male,38,No,No,Teacher,South Metro,Permanent Part-Time,Terminated,2014-10-01,2019-12-19,0.6
ED102286,Male,41,No,No,School Administrator,South Metro,Permanent Part-Time,Active,2006-07-18,,0.6
ED102287,Female,38,No,No,Teacher,North Metro,Permanent Part-Time,Terminated,2016-11-24,2024-10-30,0.6
ED102288,Female,21,No,No,Teacher,South West,Permanent Full-Time,Active,2025-11-27,,1.0
ED102289,Female,48,No,No,Teacher,Wheatbelt,Permanent Part-Time,Active,2013-11-23,,0.6
ED102290,Female,50,No,No,Lead Teacher,Kimberley,Permanent Full-Time,Terminated,2001-10-30,2014-12-02,1.0
ED102291,Female,63,No,No,Teacher,North Metro,Fixed Term,Active,1991-07-29,,1.0
ED102292,Male,34,No,No,Teacher,North Metro,Permanent Full-Time,Active,2023-01-04,,1.0
ED102293,Female,33,Yes,No,Teacher,South Metro,Permanent Part-Time,Active,2015-03-09,,0.6
ED102294,Female,21,No,No,Teacher,North Metro,Permanent Part-Time,Active,2025-08-03,,0.6
ED102295,Male,40,No,No,Teacher,Great Southern,Fixed Term,Active,2023-10-23,,1.0
ED102296,Female,54,No,No,Teacher,North Metro,Permanent Full-Time,Active,1999-02-17,,1.0
ED102297,Female,36,No,No,Teacher,South Metro,Permanent Full-Time,Active,2022-05-08,,1.0
ED102298,Female,67,No,No,Teacher,South Metro,Permanent Full-Time,Active,2003-12-20,,1.0
ED102299,Female,40,No,No,Teacher,South Metro,Permanent Full-Time,Active,2024-05-15,,1.0
ED102300,Male,45,Yes,No,Education Assistant,North Metro,Permanent Part-Time,Active,2002-09-23,,0.6
ED102301,Female,27,No,No,Lead Teacher,South Metro,Fixed Term,Active,2025-08-13,,1.0
ED102302,Female,47,No,No,Teacher,North Metro,Permanent Full-Time,Active,2010-05-09,,1.0
ED102303,Female,21,No,No,Teacher,South West,Permanent Full-Time,Active,2025-09-18,,1.0
ED102304,Male,52,No,No,School Administrator,North Metro,Fixed Term,Terminated,2004-12-06,2022-04-15,1.0
ED102305,Female,52,No,No,Teacher,South West,Permanent Full-Time,Active,2026-03-17,,1.0
ED102306,Female,60,No,No,Teacher,Wheatbelt,Permanent Full-Time,Active,2014-04-14,,1.0
ED102307,Male,31,No,No,Lead Teacher,North Metro,Fixed Term,Active,2019-03-29,,1.0
ED102308,Female,45,No,No,Teacher,Mid West,Fixed Term,Active,2004-10-13,,1.0
ED102309,Female,50,No,Yes,Teacher,North Metro,Permanent Full-Time,Terminated,2006-08-22,2024-09-16,1.0
ED102310,Female,49,No,No,Teacher,Great Southern,Permanent Full-Time,Active,2013-04-26,,1.0
ED102311,Female,33,Yes,No,Education Assistant,South Metro,Permanent Full-Time,Active,2023-07-29,,1.0
ED102312,Female,21,No,No,Teacher,North Metro,Permanent Full-Time,Active,2025-11-23,,1.0
ED102313,Female,48,No,No,Deputy Principal,South Metro,Permanent Full-Time,Active,2007-11-13,,1.0
ED102314,Female,42,No,No,School Administrator,North Metro,Permanent Full-Time,Active,2014-09-21,,1.0
ED102315,Female,37,No,No,Teacher,Great Southern,Permanent Part-Time,Active,2018-01-18,,0.6
ED102316,Female,53,No,No,Teacher,North Metro,Permanent Part-Time,Active,2004-01-13,,0.6
ED102317,Female,43,No,No,Teacher,Goldfields,Fixed Term,Active,2004-06-07,,1.0
ED102318,Female,28,No,No,Teacher,South Metro,Permanent Full-Time,Active,2026-01-10,,1.0
ED102319,Male,21,No,No,Teacher,South West,Permanent Full-Time,Active,2025-10-06,,1.0
ED102320,Female,30,No,No,Aboriginal Education Officer,North Metro,Fixed Term,Active,2018-10-15,,1.0
ED102321,Male,67,No,No,Deputy Principal,South Metro,Permanent Part-Time,Terminated,2013-12-04,2023-10-11,0.6
ED102322,Female,52,No,No,Lead Teacher,South Metro,Fixed Term,Active,2012-10-02,,1.0
ED102323,Female,46,No,No,Teacher,Kimberley,Casual,Active,2011-02-07,,0.2
ED102324,Female,41,No,No,Education Assistant,North Metro,Fixed Term,Active,2016-06-17,,1.0
ED102325,Male,41,No,No,School Administrator,North Metro,Permanent Full-Time,Active,2006-10-05,,1.0
ED102326,Male,58,No,No,Education Assistant,North Metro,Permanent Full-Time,Active,2025-10-27,,1.0
ED102327,Female,38,No,No,Teacher,Pilbara,Permanent Full-Time,Active,2013-12-13,,1.0
ED102328,Male,50,No,No,Lead Teacher,North Metro,Permanent Part-Time,Active,2005-01-08,,0.6
ED102329,Female,39,No,No,Teacher,South Metro,Permanent Full-Time,Active,2022-07-13,,1.0
ED102330,Female,67,No,No,Teacher,North Metro,Permanent Part-Time,Active,1994-03-20,,0.6
ED102331,Male,52,No,No,Teacher,Wheatbelt,Permanent Full-Time,Active,1998-07-20,,1.0
ED102332,Male,58,No,No,Lead Teacher,South West,Permanent Part-Time,Active,2004-08-12,,0.6
ED102333,Male,36,No,Yes,Deputy Principal,South Metro,Permanent Full-Time,Active,2023-05-18,,1.0
ED102334,Female,56,No,No,Teacher,South Metro,Permanent Full-Time,Active,1993-07-08,,1.0
ED102335,Female,40,No,No,Teacher,North Metro,Fixed Term,Active,2014-07-27,,1.0
ED102336,Female,45,No,No,Teacher,North Metro,Permanent Full-Time,Active,2012-07-18,,1.0
ED102337,Female,63,No,No,Teacher,North Metro,Permanent Full-Time,Active,2020-03-30,,1.0
ED102338,Male,31,No,No,Teacher,Goldfields,Permanent Full-Time,Active,2020-09-07,,1.0
ED102339,Female,46,No,No,Teacher,South Metro,Fixed Term,Active,2024-04-20,,1.0
ED102340,Female,49,No,No,Education Assistant,South West,Fixed Term,Active,2009-06-07,,1.0
ED102341,Female,50,No,No,Teacher,South Metro,Fixed Term,Active,2022-12-12,,1.0
ED102342,Female,38,No,No,Teacher,Kimberley,Fixed Term,Terminated,2019-08-03,2025-11-26,1.0
ED102343,Female,67,No,No,Teacher,South Metro,Permanent Part-Time,Active,1992-02-03,,0.6
ED102344,Female,28,No,No,School Administrator,South Metro,Permanent Full-Time,Active,2020-08-04,,1.0
ED102345,Male,61,No,No,Principal,North Metro,Permanent Full-Time,Active,2005-07-11,,1.0
ED102346,Female,58,No,No,Principal,South Metro,Permanent Full-Time,Active,2020-10-14,,1.0
ED102347,Male,66,No,No,Teacher,South Metro,Permanent Full-Time,Terminated,2010-09-12,2021-08-18,1.0
ED102348,Female,24,No,No,Lead Teacher,Kimberley,Permanent Part-Time,Active,2025-04-27,,0.6
ED102349,Female,33,No,No,Teacher,South West,Permanent Full-Time,Active,2018-07-02,,1.0
ED102350,Female,61,No,No,Lead Teacher,North Metro,Permanent Full-Time,Terminated,2014-12-05,2026-01-25,1.0
ED102351,Male,21,No,No,Aboriginal Education Officer,North Metro,Permanent Full-Time,Active,2025-12-28,,1.0
ED102352,Female,24,No,No,Lead Teacher,South Metro,Permanent Full-Time,Active,2023-06-29,,1.0
ED102353,Female,38,No,No,Education Assistant,South Metro,Permanent Part-Time,Active,2017-06-05,,0.6
ED102354,Female,46,No,No,Deputy Principal,North Metro,Permanent Full-Time,Active,2018-07-06,,1.0
ED102355,Female,63,No,No,Teacher,Pilbara,Permanent Part-Time,Active,2011-01-06,,0.6
ED102356,Male,41,No,No,Aboriginal Education Officer,Great Southern,Permanent Full-Time,Active,2021-10-26,,1.0
ED102357,Male,36,No,No,Teacher,South West,Casual,Terminated,2019-09-05,2025-01-07,0.2
ED102358,Female,47,No,No,Teacher,North Metro,Permanent Full-Time,Active,2001-03-25,,1.0
ED102359,Female,49,No,No,Teacher,Wheatbelt,Permanent Full-Time,Terminated,2006-07-31,2017-10-28,1.0
ED102360,Male,49,No,No,Teacher,Kimberley,Permanent Part-Time,Active,2001-02-01,,0.6
ED102361,Female,41,No,No,Teacher,South Metro,Permanent Full-Time,Active,2007-01-22,,1.0
ED102362,Female,21,No,No,Teacher,South Metro,Permanent Full-Time,Active,2025-05-28,,1.0
ED102363,Female,32,No,Yes,Teacher,Wheatbelt,Permanent Full-Time,Active,2018-09-15,,1.0
ED102364,Female,61,No,No,Lead Teacher,South Metro,Permanent Full-Time,Terminated,2007-09-26,2023-09-28,1.0
ED102365,Female,46,No,No,Teacher,South Metro,Fixed Term,Terminated,2006-01-11,2013-05-22,1.0
ED102366,Male,40,No,No,Teacher,South Metro,Permanent Full-Time,Active,2021-08-08,,1.0
ED102367,Female,57,No,No,Lead Teacher,South Metro,Permanent Part-Time,Active,2019-03-17,,0.6
ED102368,Female,30,No,No,Teacher,North Metro,Permanent Full-Time,Active,2019-11-11,,1.0
ED102369,Male,41,No,No,Deputy Principal,South West,Permanent Full-Time,Terminated,2022-12-14,2025-02-21,1.0
ED102370,Female,45,No,No,Principal,Goldfields,Permanent Full-Time,Terminated,2020-04-09,2023-02-05,1.0
ED102371,Female,38,No,No,Education Assistant,South Metro,Fixed Term,Active,2015-11-24,,1.0
ED102372,Female,45,No,No,Deputy Principal,North Metro,Permanent Full-Time,Active,2022-02-04,,1.0
ED102373,Female,41,No,No,Teacher,South Metro,Casual,Active,2014-11-27,,0.2
ED102374,Male,27,No,No,Principal,North Metro,Permanent Full-Time,Active,2023-11-26,,1.0
ED102375,Male,46,No,No,Teacher,North Metro,Permanent Part-Time,Active,2024-10-24,,0.6
ED102376,Female,28,No,No,Teacher,South Metro,Fixed Term,Active,2020-07-15,,1.0
ED102377,Female,45,No,No,Education Assistant,South Metro,Permanent Full-Time,Active,2021-02-15,,1.0
ED102378,Female,60,No,No,Teacher,South Metro,Permanent Part-Time,Terminated,1998-07-25,2008-02-06,0.6
ED102379,Male,40,No,No,Education Assistant,North Metro,Permanent Full-Time,Active,2018-09-21,,1.0
ED102380,Female,29,No,No,Education Assistant,South Metro,Permanent Full-Time,Active,2019-10-19,,1.0
ED102381,Female,42,No,No,Education Assistant,North Metro,Permanent Full-Time,Terminated,2023-02-05,2024-08-14,1.0
ED102382,Female,34,No,No,Aboriginal Education Officer,Great Southern,Fixed Term,Active,2024-03-03,,1.0
ED102383,Female,51,No,No,Teacher,South Metro,Permanent Full-Time,Active,2008-05-21,,1.0
ED102384,Female,42,No,No,Teacher,Goldfields,Permanent Full-Time,Active,2006-08-01,,1.0
ED102385,Female,64,No,No,Lead Teacher,North Metro,Casual,Terminated,2005-11-27,2019-03-16,0.2
ED102386,Male,57,No,No,Teacher,North Metro,Permanent Full-Time,Active,2009-08-19,,1.0
ED102387,Female,42,No,No,Lead Teacher,Great Southern,Permanent Full-Time,Active,2014-05-08,,1.0
ED102388,Male,52,No,No,Deputy Principal,North Metro,Casual,Terminated,2002-04-26,2019-12-22,0.2
ED102389,Female,39,Yes,No,Deputy Principal,South Metro,Permanent Full-Time,Active,2013-10-20,,1.0
ED102390,Female,44,No,No,Teacher,South Metro,Permanent Full-Time,Active,2007-11-17,,1.0
ED102391,Male,39,No,No,Teacher,North Metro,Fixed Term,Active,2017-02-21,,1.0
ED102392,Female,53,No,No,Teacher,Mid West,Permanent Full-Time,Active,2016-03-07,,1.0
ED102393,Male,61,No,No,Teacher,South Metro,Permanent Full-Time,Active,2017-08-18,,1.0
ED102394,Male,53,No,No,Aboriginal Education Officer,North Metro,Permanent Full-Time,Terminated,2011-06-28,2018-04-21,1.0
ED102395,Female,55,No,No,Teacher,North Metro,Permanent Part-Time,Active,2008-09-16,,0.6
ED102396,Female,55,No,No,Teacher,North Metro,Permanent Full-Time,Active,2003-04-26,,1.0
ED102397,Female,50,No,No,Teacher,South West,Permanent Full-Time,Active,1998-03-31,,1.0
ED102398,Female,30,No,No,Lead Teacher,Goldfields,Permanent Full-Time,Terminated,2021-10-31,2025-03-24,1.0
ED102399,Female,64,No,No,Lead Teacher,North Metro,Permanent Full-Time,Active,1996-02-24,,1.0
ED102400,Male,65,No,No,Teacher,North Metro,Permanent Part-Time,Active,2001-06-11,,0.6
ED102401,Female,41,No,No,Teacher,Kimberley,Permanent Full-Time,Active,2006-12-01,,1.0
ED102402,Female,39,No,No,Teacher,South Metro,Permanent Part-Time,Terminated,2022-11-09,2024-09-30,0.6
ED102403,Female,51,No,No,Teacher,South Metro,Permanent Full-Time,Active,1998-10-28,,1.0
ED102404,Non-binary,50,No,No,Principal,South Metro,Permanent Full-Time,Active,2000-10-18,,1.0
ED102405,Female,41,No,No,Lead Teacher,North Metro,Permanent Full-Time,Active,2014-11-14,,1.0
ED102406,Female,28,No,No,Teacher,Goldfields,Permanent Full-Time,Active,2020-02-02,,1.0
ED102407,Female,47,No,No,Teacher,Great Southern,Permanent Full-Time,Active,2023-04-10,,1.0
ED102408,Male,50,No,No,School Administrator,North Metro,Permanent Part-Time,Active,2004-04-10,,0.6
ED102409,Male,52,No,No,Teacher,South Metro,Permanent Part-Time,Terminated,2012-09-23,2024-12-07,0.6
ED102410,Female,48,No,No,Deputy Principal,South Metro,Permanent Full-Time,Active,2005-12-09,,1.0
ED102411,Male,40,No,No,Teacher,South Metro,Permanent Part-Time,Terminated,2021-03-22,2022-08-13,0.6
ED102412,Female,55,No,No,Teacher,North Metro,Casual,Active,1997-10-02,,0.2
ED102413,Male,44,No,No,Teacher,Wheatbelt,Permanent Full-Time,Active,2018-02-02,,1.0
ED102414,Female,38,No,No,Teacher,South Metro,Permanent Full-Time,Active,2025-08-05,,1.0
ED102415,Female,41,No,No,School Administrator,South Metro,Permanent Part-Time,Terminated,2019-10-26,2020-07-19,0.6
ED102416,Female,23,No,No,Teacher,North Metro,Permanent Full-Time,Active,2025-05-18,,1.0
ED102417,Female,41,No,No,Teacher,North Metro,Permanent Part-Time,Active,2017-04-15,,0.6
ED102418,Male,52,No,No,Teacher,North Metro,Casual,Terminated,2023-05-16,2026-05-21,0.2
ED102419,Female,48,No,No,Teacher,Kimberley,Permanent Full-Time,Active,2010-01-14,,1.0
ED102420,Male,62,No,No,Teacher,North Metro,Fixed Term,Active,2017-05-02,,1.0
ED102421,Female,40,No,No,Teacher,Kimberley,Permanent Full-Time,Active,2022-03-26,,1.0
ED102422,Female,49,No,No,Education Assistant,South Metro,Permanent Full-Time,Active,2004-07-07,,1.0
ED102423,Female,53,No,No,Teacher,South Metro,Permanent Full-Time,Active,2012-01-16,,1.0
ED102424,Female,67,No,No,Teacher,South Metro,Permanent Full-Time,Active,2006-02-09,,1.0
ED102425,Male,45,No,No,Aboriginal Education Officer,South Metro,Permanent Full-Time,Active,2025-04-22,,1.0
ED102426,Female,31,No,No,Teacher,North Metro,Permanent Full-Time,Active,2017-12-14,,1.0
ED102427,Female,54,No,No,School Administrator,North Metro,Permanent Part-Time,Active,2014-01-12,,0.6
ED102428,Female,66,No,No,Teacher,Goldfields,Permanent Full-Time,Terminated,2006-09-15,2017-10-30,1.0
ED102429,Female,40,No,No,Aboriginal Education Officer,Goldfields,Permanent Full-Time,Active,2017-08-08,,1.0
ED102430,Male,54,No,No,Lead Teacher,North Metro,Permanent Full-Time,Active,2022-04-21,,1.0
ED102431,Female,58,No,No,Education Assistant,South Metro,Permanent Full-Time,Active,2001-06-29,,1.0
ED102432,Male,56,No,No,School Administrator,North Metro,Permanent Full-Time,Active,2021-09-29,,1.0
ED102433,Female,45,No,No,Teacher,North Metro,Permanent Part-Time,Active,2021-10-09,,0.6
ED102434,Female,35,No,No,School Administrator,North Metro,Permanent Full-Time,Active,2024-02-02,,1.0
ED102435,Male,43,No,No,Teacher,South West,Permanent Part-Time,Active,2005-08-11,,0.6
ED102436,Female,49,No,No,Teacher,North Metro,Permanent Full-Time,Active,2022-02-09,,1.0
ED102437,Female,54,No,No,Teacher,North Metro,Permanent Part-Time,Active,2024-06-29,,0.6
ED102438,Female,48,No,No,Teacher,North Metro,Permanent Full-Time,Terminated,2018-01-11,2022-02-01,1.0
ED102439,Female,39,No,No,Teacher,North Metro,Permanent Full-Time,Active,2025-11-30,,1.0
ED102440,Male,50,No,No,Lead Teacher,South Metro,Permanent Part-Time,Terminated,2008-03-18,2014-03-11,0.6
ED102441,Female,54,No,No,Teacher,North Metro,Permanent Full-Time,Active,1993-07-23,,1.0
ED102442,Male,48,No,No,Education Assistant,North Metro,Fixed Term,Active,2014-09-06,,1.0
ED102443,Female,33,No,No,Education Assistant,South Metro,Permanent Part-Time,Terminated,2024-02-10,2024-11-25,0.6
ED102444,Female,41,No,Yes,Teacher,North Metro,Permanent Full-Time,Terminated,2013-10-26,2018-02-17,1.0
ED102445,Female,55,No,No,Teacher,Kimberley,Fixed Term,Active,1999-08-22,,1.0
ED102446,Female,27,No,No,Teacher,South Metro,Fixed Term,Terminated,2021-06-19,2023-12-24,1.0
ED102447,Non-binary,21,No,No,Teacher,North Metro,Permanent Full-Time,Active,2025-12-23,,1.0
ED102448,Female,62,No,No,Teacher,Goldfields,Permanent Full-Time,Active,2025-07-01,,1.0
ED102449,Female,50,No,No,Teacher,North Metro,Permanent Full-Time,Terminated,2009-02-12,2016-10-20,1.0
ED102450,Male,51,No,No,Teacher,South Metro,Permanent Full-Time,Active,2013-02-24,,1.0
ED102451,Male,31,No,No,School Administrator,South Metro,Permanent Full-Time,Active,2020-09-10,,1.0
ED102452,Female,52,No,No,Lead Teacher,North Metro,Permanent Part-Time,Terminated,2005-06-13,2011-02-13,0.6
ED102453,Male,47,No,No,Teacher,South Metro,Permanent Part-Time,Active,2022-04-22,,0.6
ED102454,Female,24,No,No,Lead Teacher,Wheatbelt,Permanent Part-Time,Active,2026-01-11,,0.6
ED102455,Female,61,No,No,Teacher,Great Southern,Permanent Part-Time,Active,1996-02-01,,0.6
ED102456,Female,45,Yes,No,Teacher,South Metro,Permanent Full-Time,Active,2026-01-21,,1.0
ED102457,Female,39,No,No,Lead Teacher,South Metro,Permanent Full-Time,Active,2012-10-18,,1.0
ED102458,Female,39,No,No,Teacher,North Metro,Permanent Part-Time,Active,2012-10-16,,0.6
ED102459,Female,21,No,No,Teacher,North Metro,Permanent Full-Time,Active,2025-11-26,,1.0
ED102460,Female,51,No,No,School Administrator,South Metro,Permanent Part-Time,Active,2023-11-21,,0.6
ED102461,Male,47,No,No,Aboriginal Education Officer,South Metro,Permanent Full-Time,Terminated,2018-11-26,2020-01-02,1.0
ED102462,Non-binary,41,No,No,Lead Teacher,South West,Permanent Full-Time,Active,2008-07-09,,1.0
ED102463,Male,59,No,No,Lead Teacher,South Metro,Permanent Full-Time,Active,1997-03-30,,1.0
ED102464,Female,27,No,No,Lead Teacher,South Metro,Permanent Full-Time,Active,2022-10-22,,1.0
ED102465,Female,36,Yes,No,Teacher,South Metro,Permanent Full-Time,Terminated,2021-10-17,2025-12-20,1.0
ED102466,Female,33,No,No,Teacher,Wheatbelt,Permanent Full-Time,Active,2018-01-29,,1.0
ED102467,Female,40,No,No,Teacher,Goldfields,Permanent Full-Time,Terminated,2009-11-02,2020-09-18,1.0
ED102468,Female,44,No,No,Teacher,South Metro,Permanent Full-Time,Active,2009-09-14,,1.0
ED102469,Female,49,No,No,Teacher,North Metro,Permanent Full-Time,Active,2022-11-24,,1.0
ED102470,Female,39,No,No,Teacher,Mid West,Permanent Full-Time,Active,2025-09-30,,1.0
ED102471,Female,33,No,Yes,School Administrator,North Metro,Fixed Term,Active,2014-11-07,,1.0
ED102472,Female,64,No,No,Aboriginal Education Officer,Wheatbelt,Permanent Full-Time,Terminated,2025-04-25,2026-04-09,1.0
ED102473,Female,67,No,No,Deputy Principal,South Metro,Permanent Full-Time,Terminated,2007-03-06,2009-10-03,1.0
ED102474,Female,45,No,No,Teacher,South Metro,Permanent Part-Time,Active,2018-09-08,,0.6
ED102475,Female,34,No,No,Education Assistant,South Metro,Fixed Term,Active,2025-08-17,,1.0
ED102476,Female,61,No,No,Teacher,Goldfields,Permanent Full-Time,Terminated,2024-12-26,2025-12-01,1.0
ED102477,Female,26,No,No,Education Assistant,North Metro,Permanent Full-Time,Active,2025-08-18,,1.0
ED102478,Female,39,No,No,Teacher,Wheatbelt,Permanent Full-Time,Active,2024-05-23,,1.0
ED102479,Female,35,No,No,Education Assistant,South Metro,Permanent Full-Time,Active,2015-10-30,,1.0
ED102480,Male,30,No,No,Teacher,North Metro,Permanent Part-Time,Active,2019-02-28,,0.6
ED102481,Male,40,No,No,Education Assistant,North Metro,Casual,Active,2024-04-03,,0.2
ED102482,Female,33,No,No,School Administrator,South Metro,Permanent Part-Time,Active,2024-09-14,,0.6
ED102483,Female,44,No,No,Teacher,South Metro,Casual,Active,2011-01-15,,0.2
ED102484,Male,44,No,No,Teacher,South Metro,Permanent Full-Time,Active,2003-11-03,,1.0
ED102485,Female,36,No,No,School Administrator,Goldfields,Fixed Term,Active,2025-08-21,,1.0
ED102486,Female,39,No,No,Teacher,South Metro,Permanent Full-Time,Active,2023-11-06,,1.0
ED102487,Female,41,No,No,Education Assistant,Great Southern,Permanent Full-Time,Active,2026-03-02,,1.0
ED102488,Female,53,No,No,Lead Teacher,South Metro,Permanent Part-Time,Active,2020-01-30,,0.6
ED102489,Male,42,No,No,Teacher,Mid West,Permanent Full-Time,Active,2024-08-27,,1.0
ED102490,Male,53,No,No,Teacher,North Metro,Permanent Full-Time,Active,2011-08-10,,1.0
ED102491,Female,51,No,No,Teacher,South Metro,Permanent Part-Time,Terminated,2001-02-16,2010-03-15,0.6
ED102492,Female,50,Yes,No,Education Assistant,North Metro,Permanent Full-Time,Active,1998-12-02,,1.0
ED102493,Female,60,No,No,Teacher,South Metro,Permanent Full-Time,Active,2002-06-04,,1.0
ED102494,Female,30,No,No,Teacher,Wheatbelt,Permanent Full-Time,Active,2022-02-08,,1.0
ED102495,Non-binary,38,No,No,Teacher,North Metro,Permanent Part-Time,Terminated,2014-02-13,2016-02-23,0.6
ED102496,Female,65,No,No,Lead Teacher,North Metro,Permanent Full-Time,Terminated,2014-02-05,2022-06-03,1.0
ED102497,Female,40,No,No,Education Assistant,Wheatbelt,Permanent Full-Time,Active,2007-11-28,,1.0
ED102498,Male,21,No,No,School Administrator,North Metro,Permanent Full-Time,Active,2025-06-20,,1.0
ED102499,Male,41,No,No,Teacher,Goldfields,Permanent Part-Time,Active,2019-05-23,,0.6
ED102500,Male,45,No,No,Education Assistant,South Metro,Permanent Part-Time,Active,2024-05-01,,0.6
ED102501,Female,21,No,No,Education Assistant,Wheatbelt,Permanent Full-Time,Active,2025-09-21,,1.0
ED102502,Female,60,No,No,Lead Teacher,North Metro,Permanent Full-Time,Active,2024-04-07,,1.0
ED102503,Female,35,No,No,School Administrator,North Metro,Permanent Full-Time,Active,2025-12-10,,1.0
ED102504,Female,47,No,No,Teacher,South Metro,Permanent Full-Time,Active,2005-01-18,,1.0
ED102505,Male,41,No,No,Teacher,South West,Permanent Full-Time,Active,2022-04-21,,1.0
ED102506,Female,28,No,No,Education Assistant,South Metro,Permanent Full-Time,Terminated,2022-07-28,2026-05-10,1.0
ED102507,Male,31,No,No,Teacher,North Metro,Permanent Part-Time,Terminated,2022-12-08,2026-05-05,0.6
ED102508,Female,32,No,No,Education Assistant,South Metro,Fixed Term,Active,2016-02-29,,1.0
ED102509,Male,57,No,No,Aboriginal Education Officer,South West,Permanent Full-Time,Terminated,2010-12-23,2016-12-28,1.0
ED102510,Female,42,No,No,Teacher,Wheatbelt,Permanent Full-Time,Active,2015-04-23,,1.0
ED102511,Male,37,No,No,Aboriginal Education Officer,Great Southern,Permanent Full-Time,Active,2024-03-22,,1.0
ED102512,Female,32,No,No,Teacher,North Metro,Permanent Full-Time,Active,2024-07-13,,1.0
ED102513,Female,58,No,No,Teacher,North Metro,Permanent Full-Time,Active,2024-09-01,,1.0
ED102514,Male,61,No,No,Lead Teacher,South Metro,Permanent Full-Time,Active,2002-09-27,,1.0
ED102515,Female,58,No,No,School Administrator,Wheatbelt,Permanent Full-Time,Active,2009-04-21,,1.0
ED102516,Female,49,No,No,Teacher,North Metro,Permanent Full-Time,Active,2023-05-06,,1.0
ED102517,Male,47,No,Yes,Teacher,North Metro,Permanent Part-Time,Active,2006-08-22,,0.6
ED102518,Female,29,No,No,Deputy Principal,Mid West,Permanent Full-Time,Active,2021-01-26,,1.0
ED102519,Female,41,No,No,Deputy Principal,North Metro,Permanent Full-Time,Active,2011-01-11,,1.0
ED102520,Female,35,No,No,Deputy Principal,South Metro,Permanent Full-Time,Active,2020-10-09,,1.0
ED102521,Male,22,No,No,Teacher,South Metro,Fixed Term,Active,2025-11-06,,1.0
ED102522,Female,56,No,No,Teacher,South Metro,Permanent Full-Time,Active,2000-02-27,,1.0
ED102523,Female,35,No,No,Teacher,Kimberley,Permanent Full-Time,Active,2025-11-03,,1.0
ED102524,Female,58,No,No,Education Assistant,South Metro,Permanent Part-Time,Active,2018-11-03,,0.6
ED102525,Female,54,No,No,Teacher,South Metro,Fixed Term,Active,2020-07-14,,1.0
ED102526,Female,50,No,No,Teacher,South Metro,Permanent Part-Time,Active,1999-05-04,,0.6
ED102527,Female,51,No,No,School Administrator,South Metro,Permanent Full-Time,Active,2018-09-06,,1.0
ED102528,Female,36,No,No,Teacher,South Metro,Fixed Term,Active,2018-01-30,,1.0
ED102529,Female,66,No,No,School Administrator,North Metro,Permanent Part-Time,Active,1994-11-15,,0.6
ED102530,Female,44,No,No,Principal,North Metro,Permanent Part-Time,Terminated,2023-04-26,2025-02-07,0.6
ED102531,Female,47,No,No,Education Assistant,North Metro,Permanent Full-Time,Active,2006-03-31,,1.0
ED102532,Female,36,No,Yes,Teacher,North Metro,Permanent Full-Time,Active,2021-07-03,,1.0
ED102533,Female,32,No,No,Teacher,South Metro,Permanent Part-Time,Active,2015-06-04,,0.6
ED102534,Female,49,No,No,Education Assistant,Wheatbelt,Fixed Term,Active,2019-04-07,,1.0
ED102535,Female,46,No,No,Education Assistant,Kimberley,Permanent Part-Time,Active,2024-06-05,,0.6
ED102536,Female,34,No,No,Education Assistant,Mid West,Fixed Term,Active,2024-12-03,,1.0
ED102537,Male,26,No,No,Teacher,South Metro,Permanent Full-Time,Active,2026-02-08,,1.0
ED102538,Female,28,No,No,Education Assistant,South Metro,Permanent Full-Time,Active,2025-09-12,,1.0
ED102539,Female,58,No,No,Education Assistant,South Metro,Permanent Part-Time,Active,2019-08-24,,0.6
ED102540,Female,36,No,No,Principal,North Metro,Permanent Part-Time,Active,2020-05-14,,0.6
ED102541,Female,39,No,No,Education Assistant,North Metro,Permanent Part-Time,Active,2022-04-19,,0.6
ED102542,Male,61,No,No,Education Assistant,South Metro,Fixed Term,Active,1997-10-28,,1.0
ED102543,Female,30,No,Yes,Lead Teacher,Great Southern,Permanent Full-Time,Active,2024-09-14,,1.0
ED102544,Female,35,No,No,Teacher,North Metro,Permanent Full-Time,Active,2019-01-20,,1.0
ED102545,Female,34,No,No,Teacher,North Metro,Fixed Term,Active,2015-09-08,,1.0
ED102546,Female,63,No,No,Teacher,Mid West,Permanent Full-Time,Active,2021-10-01,,1.0
ED102547,Female,67,No,No,Teacher,North Metro,Permanent Part-Time,Terminated,2024-07-06,2025-03-08,0.6
ED102548,Female,53,No,No,Teacher,Wheatbelt,Fixed Term,Active,2004-10-08,,1.0
ED102549,Male,53,No,No,Teacher,Kimberley,Permanent Full-Time,Active,2025-10-04,,1.0
ED102550,Female,37,No,No,Teacher,South West,Fixed Term,Active,2025-12-06,,1.0
ED102551,Female,67,No,No,Teacher,South Metro,Permanent Full-Time,Terminated,2021-07-09,2025-05-18,1.0
ED102552,Female,47,No,No,Education Assistant,Goldfields,Permanent Part-Time,Active,2015-08-14,,0.6
ED102553,Female,54,Yes,No,School Administrator,South Metro,Permanent Full-Time,Active,1995-04-07,,1.0
ED102554,Female,42,No,No,Teacher,South Metro,Permanent Part-Time,Active,2006-11-17,,0.6
ED102555,Female,40,No,No,School Administrator,South Metro,Permanent Part-Time,Active,2012-04-25,,0.6
ED102556,Female,63,No,No,Teacher,North Metro,Permanent Full-Time,Active,2021-07-17,,1.0
ED102557,Female,50,No,No,Teacher,South Metro,Permanent Part-Time,Active,2003-08-13,,0.6
ED102558,Male,61,No,No,Teacher,South Metro,Fixed Term,Active,2009-10-05,,1.0
ED102559,Female,47,No,No,Teacher,Mid West,Permanent Part-Time,Active,2025-08-15,,0.6
ED102560,Male,33,No,No,Education Assistant,Pilbara,Casual,Active,2025-12-20,,0.2
ED102561,Female,36,No,No,Deputy Principal,Goldfields,Permanent Full-Time,Active,2024-01-15,,1.0
ED102562,Female,45,No,No,Teacher,North Metro,Permanent Full-Time,Active,2005-04-20,,1.0
ED102563,Male,36,No,No,Teacher,Kimberley,Permanent Full-Time,Active,2023-04-03,,1.0
ED102564,Female,30,Yes,No,Teacher,South Metro,Casual,Active,2018-11-28,,0.2
ED102565,Male,58,No,Yes,Teacher,South West,Permanent Full-Time,Active,2021-07-13,,1.0
ED102566,Male,37,Yes,No,Teacher,South West,Permanent Full-Time,Terminated,2012-09-10,2013-11-26,1.0
ED102567,Female,45,No,No,Teacher,North Metro,Permanent Full-Time,Active,2021-12-19,,1.0
ED102568,Female,47,No,No,Education Assistant,Wheatbelt,Permanent Full-Time,Active,2009-01-10,,1.0
ED102569,Female,36,No,No,School Administrator,North Metro,Fixed Term,Active,2013-06-20,,1.0
ED102570,Male,61,No,No,Teacher,South Metro,Permanent Full-Time,Terminated,2009-09-07,2017-06-12,1.0
ED102571,Male,30,No,No,Aboriginal Education Officer,South Metro,Fixed Term,Active,2018-08-25,,1.0
ED102572,Female,47,No,No,Teacher,North Metro,Permanent Full-Time,Active,2019-10-05,,1.0
ED102573,Female,46,No,No,Teacher,Pilbara,Fixed Term,Active,2010-07-14,,1.0
ED102574,Female,43,No,No,Teacher,North Metro,Permanent Full-Time,Active,2018-11-05,,1.0
ED102575,Female,28,Yes,No,Lead Teacher,North Metro,Permanent Full-Time,Active,2022-10-24,,1.0
ED102576,Female,54,Yes,No,School Administrator,South Metro,Permanent Full-Time,Active,2005-11-02,,1.0
ED102577,Female,52,No,No,Lead Teacher,Kimberley,Permanent Full-Time,Active,2014-12-08,,1.0
ED102578,Female,35,No,No,Teacher,South West,Permanent Full-Time,Active,2012-08-19,,1.0
ED102579,Female,52,No,No,Lead Teacher,Kimberley,Permanent Full-Time,Active,2002-11-03,,1.0
ED102580,Male,48,No,No,Teacher,Goldfields,Permanent Full-Time,Active,2000-09-12,,1.0
ED102581,Male,28,No,No,Aboriginal Education Officer,South Metro,Permanent Full-Time,Terminated,2020-10-17,2024-07-22,1.0
ED102582,Male,33,No,No,Teacher,North Metro,Permanent Part-Time,Active,2024-07-30,,0.6
ED102583,Male,57,No,No,Teacher,North Metro,Permanent Full-Time,Terminated,2017-05-21,2018-05-27,1.0
ED102584,Female,47,No,No,Lead Teacher,South Metro,Permanent Part-Time,Active,2018-08-23,,0.6
ED102585,Female,37,No,No,Lead Teacher,Goldfields,Casual,Active,2018-01-31,,0.2
ED102586,Female,33,No,No,Teacher,South Metro,Permanent Full-Time,Active,2026-04-03,,1.0
ED102587,Male,37,No,No,Deputy Principal,Pilbara,Permanent Full-Time,Active,2025-02-14,,1.0
ED102588,Male,38,No,No,Teacher,South Metro,Permanent Full-Time,Terminated,2019-05-15,2024-06-27,1.0
ED102589,Female,33,No,No,Deputy Principal,North Metro,Permanent Full-Time,Active,2025-05-23,,1.0
ED102590,Male,23,No,No,Education Assistant,North Metro,Permanent Part-Time,Active,2026-04-20,,0.6
ED102591,Female,57,No,No,Education Assistant,Wheatbelt,Permanent Full-Time,Active,1997-10-17,,1.0
ED102592,Female,55,No,No,Lead Teacher,Kimberley,Permanent Full-Time,Active,1999-08-14,,1.0
ED102593,Female,28,No,No,Teacher,South West,Permanent Full-Time,Active,2020-05-18,,1.0
ED102594,Female,45,No,No,Teacher,North Metro,Fixed Term,Active,2006-04-25,,1.0
ED102595,Female,33,No,No,Education Assistant,Great Southern,Permanent Part-Time,Terminated,2022-05-02,2023-07-12,0.6
ED102596,Female,40,No,No,Teacher,North Metro,Casual,Active,2020-03-15,,0.2
ED102597,Female,39,No,No,Teacher,North Metro,Fixed Term,Active,2016-02-22,,1.0
ED102598,Female,38,No,No,Teacher,Great Southern,Permanent Full-Time,Active,2019-10-07,,1.0
ED102599,Female,67,Yes,No,Teacher,North Metro,Permanent Full-Time,Active,1991-07-17,,1.0
ED102600,Female,38,No,No,Lead Teacher,Goldfields,Permanent Full-Time,Active,2024-09-29,,1.0
ED102601,Female,34,No,No,Teacher,North Metro,Permanent Full-Time,Active,2025-07-17,,1.0
ED102602,Female,34,No,No,Education Assistant,South Metro,Permanent Full-Time,Active,2019-04-27,,1.0
ED102603,Female,56,No,No,Teacher,South West,Permanent Full-Time,Active,2020-05-30,,1.0
ED102604,Male,24,No,No,Teacher,North Metro,Permanent Full-Time,Active,2026-04-09,,1.0
ED102605,Female,34,No,No,Teacher,Goldfields,Permanent Full-Time,Active,2016-02-24,,1.0
ED102606,Female,61,No,Yes,Teacher,North Metro,Fixed Term,Active,2001-07-13,,1.0
ED102607,Male,46,No,No,Teacher,South Metro,Fixed Term,Active,2005-01-10,,1.0
ED102608,Male,46,No,No,Deputy Principal,North Metro,Permanent Full-Time,Active,2010-03-11,,1.0
ED102609,Male,67,No,No,Teacher,North Metro,Permanent Full-Time,Active,2001-10-02,,1.0
ED102610,Female,46,No,No,Education Assistant,North Metro,Permanent Full-Time,Active,2016-11-12,,1.0
ED102611,Female,35,No,No,Teacher,North Metro,Fixed Term,Active,2022-01-18,,1.0
ED102612,Female,40,No,No,Teacher,South West,Casual,Active,2024-09-22,,0.2
ED102613,Female,30,No,No,Education Assistant,South Metro,Permanent Full-Time,Active,2019-05-27,,1.0
ED102614,Male,59,No,No,Teacher,North Metro,Permanent Full-Time,Active,2026-03-08,,1.0
ED102615,Female,50,No,Yes,Teacher,South Metro,Permanent Full-Time,Active,2023-08-16,,1.0
ED102616,Female,57,No,No,Teacher,North Metro,Permanent Full-Time,Active,1998-03-18,,1.0
ED102617,Female,58,No,No,Teacher,Pilbara,Permanent Part-Time,Active,2002-03-02,,0.6
ED102618,Female,39,No,No,Education Assistant,Great Southern,Permanent Full-Time,Active,2016-04-25,,1.0
ED102619,Female,32,No,No,Teacher,South Metro,Casual,Active,2025-08-08,,0.2
ED102620,Male,43,No,Yes,Education Assistant,Wheatbelt,Permanent Full-Time,Active,2019-03-17,,1.0
ED102621,Male,33,No,No,Aboriginal Education Officer,South Metro,Permanent Part-Time,Active,2022-12-27,,0.6
ED102622,Male,45,No,No,Teacher,North Metro,Permanent Full-Time,Active,2020-06-28,,1.0
ED102623,Female,57,No,No,Aboriginal Education Officer,Kimberley,Permanent Full-Time,Active,2001-11-23,,1.0
ED102624,Female,41,No,No,Teacher,South Metro,Permanent Part-Time,Active,2018-12-29,,0.6
ED102625,Female,45,No,No,School Administrator,Goldfields,Fixed Term,Active,2020-04-11,,1.0
ED102626,Female,42,No,No,Teacher,South West,Permanent Part-Time,Terminated,2024-10-08,2025-06-12,0.6
ED102627,Male,53,No,No,Deputy Principal,South Metro,Permanent Part-Time,Active,1997-11-29,,0.6
ED102628,Female,35,No,No,Teacher,South West,Permanent Part-Time,Active,2016-01-12,,0.6
ED102629,Male,21,No,No,Teacher,Pilbara,Permanent Full-Time,Active,2026-03-14,,1.0
ED102630,Female,49,No,No,Lead Teacher,South Metro,Permanent Part-Time,Active,2000-11-10,,0.6
ED102631,Female,55,No,No,Deputy Principal,South Metro,Permanent Part-Time,Active,1997-05-25,,0.6
ED102632,Female,49,No,No,Teacher,North Metro,Permanent Full-Time,Active,2004-05-13,,1.0
ED102633,Female,36,No,No,Teacher,Great Southern,Permanent Full-Time,Active,2013-06-26,,1.0
ED102634,Female,30,No,No,Deputy Principal,Goldfields,Permanent Part-Time,Active,2018-02-13,,0.6
ED102635,Female,49,No,No,Principal,North Metro,Fixed Term,Active,2015-09-22,,1.0
ED102636,Male,45,No,No,School Administrator,North Metro,Permanent Full-Time,Active,2025-05-29,,1.0
ED102637,Male,42,No,No,Education Assistant,South Metro,Fixed Term,Active,2008-08-23,,1.0
ED102638,Female,65,No,No,School Administrator,North Metro,Fixed Term,Active,2015-08-31,,1.0
ED102639,Male,32,No,No,Deputy Principal,North Metro,Permanent Full-Time,Active,2018-09-21,,1.0
ED102640,Female,65,No,No,Teacher,South Metro,Permanent Part-Time,Terminated,2017-11-02,2024-01-24,0.6
ED102641,Female,44,No,Yes,Teacher,North Metro,Permanent Full-Time,Active,2011-12-13,,1.0
ED102642,Male,21,No,No,Education Assistant,South Metro,Permanent Full-Time,Active,2025-06-25,,1.0
ED102643,Non-binary,41,No,No,Lead Teacher,North Metro,Permanent Full-Time,Terminated,2022-01-13,2024-02-01,1.0
ED102644,Female,55,Yes,No,Teacher,North Metro,Fixed Term,Active,2009-09-04,,1.0
ED102645,Female,39,No,No,Teacher,Goldfields,Permanent Full-Time,Active,2026-03-10,,1.0
ED102646,Female,26,No,No,School Administrator,South Metro,Fixed Term,Active,2025-09-09,,1.0
ED102647,Female,42,No,No,Teacher,North Metro,Permanent Full-Time,Active,2007-10-23,,1.0
ED102648,Female,33,No,No,Teacher,North Metro,Fixed Term,Active,2020-11-14,,1.0
ED102649,Male,49,No,No,Teacher,South Metro,Fixed Term,Active,2004-12-13,,1.0
ED102650,Female,53,No,No,Teacher,North Metro,Fixed Term,Active,2000-11-20,,1.0
ED102651,Female,31,No,No,Teacher,North Metro,Permanent Part-Time,Terminated,2022-08-25,2025-03-19,0.6
ED102652,Female,35,No,No,Teacher,North Metro,Fixed Term,Active,2021-05-30,,1.0
ED102653,Female,53,No,No,Teacher,Mid West,Permanent Full-Time,Active,2018-07-20,,1.0
ED102654,Female,33,No,No,Education Assistant,Pilbara,Permanent Full-Time,Active,2017-12-04,,1.0
ED102655,Female,31,No,No,Teacher,Pilbara,Permanent Full-Time,Active,2017-09-29,,1.0
ED102656,Male,29,No,No,Education Assistant,Kimberley,Permanent Part-Time,Active,2024-10-04,,0.6
ED102657,Female,48,No,No,Education Assistant,Goldfields,Permanent Full-Time,Active,2005-05-05,,1.0
ED102658,Female,47,No,No,Teacher,South Metro,Permanent Full-Time,Active,2001-04-28,,1.0
ED102659,Male,35,No,No,Principal,South Metro,Fixed Term,Active,2022-10-16,,1.0
ED102660,Female,44,No,No,Teacher,North Metro,Permanent Part-Time,Active,2009-06-12,,0.6
ED102661,Female,62,No,No,Aboriginal Education Officer,South Metro,Fixed Term,Terminated,1992-05-24,2015-11-02,1.0
ED102662,Female,32,No,No,Teacher,Mid West,Permanent Full-Time,Active,2022-12-01,,1.0
ED102663,Female,21,No,No,Principal,South Metro,Permanent Full-Time,Active,2026-03-27,,1.0
ED102664,Female,49,No,No,Lead Teacher,South Metro,Permanent Full-Time,Active,2008-11-09,,1.0
ED102665,Female,42,No,No,Teacher,North Metro,Permanent Full-Time,Active,2016-11-03,,1.0
ED102666,Male,35,Yes,No,Teacher,South Metro,Permanent Full-Time,Active,2014-11-25,,1.0
ED102667,Male,51,No,No,Principal,Kimberley,Permanent Full-Time,Active,2020-05-19,,1.0
ED102668,Female,54,No,No,Education Assistant,Wheatbelt,Permanent Full-Time,Active,2001-07-11,,1.0
ED102669,Female,21,No,No,Teacher,North Metro,Permanent Full-Time,Active,2025-10-28,,1.0
ED102670,Female,36,No,No,Lead Teacher,Pilbara,Permanent Full-Time,Active,2015-08-27,,1.0
ED102671,Female,67,No,No,Teacher,South Metro,Permanent Full-Time,Active,1998-02-12,,1.0
ED102672,Female,51,No,No,Deputy Principal,South West,Permanent Part-Time,Active,2015-08-08,,0.6
ED102673,Female,52,No,No,Teacher,South Metro,Permanent Part-Time,Active,2010-05-16,,0.6
ED102674,Female,58,No,No,Aboriginal Education Officer,South Metro,Fixed Term,Terminated,2022-07-16,2023-06-26,1.0
ED102675,Male,44,No,No,Teacher,South Metro,Permanent Full-Time,Active,2013-07-20,,1.0
ED102676,Female,53,No,No,Teacher,Pilbara,Casual,Active,2024-04-27,,0.2
ED102677,Male,52,No,No,Teacher,Great Southern,Fixed Term,Terminated,2009-02-21,2025-05-03,1.0
ED102678,Male,50,No,No,Teacher,North Metro,Permanent Full-Time,Active,2023-01-03,,1.0
ED102679,Female,40,No,No,Teacher,North Metro,Permanent Full-Time,Active,2012-06-11,,1.0
ED102680,Male,46,No,No,Teacher,South West,Permanent Full-Time,Active,2010-07-03,,1.0
ED102681,Male,36,No,Yes,Education Assistant,South Metro,Permanent Part-Time,Active,2015-11-29,,0.6
ED102682,Female,44,No,No,Teacher,South Metro,Permanent Full-Time,Active,2011-10-12,,1.0
ED102683,Female,29,No,No,Teacher,South Metro,Fixed Term,Active,2022-03-24,,1.0
ED102684,Female,34,No,No,Teacher,North Metro,Permanent Full-Time,Active,2019-10-15,,1.0
ED102685,Male,40,No,No,Teacher,Pilbara,Casual,Active,2015-05-02,,0.2
ED102686,Female,32,No,No,Teacher,Pilbara,Fixed Term,Active,2025-01-15,,1.0
ED102687,Female,37,No,No,Teacher,North Metro,Casual,Active,2019-11-01,,0.2
ED102688,Female,42,No,No,Teacher,North Metro,Permanent Full-Time,Active,2019-09-07,,1.0
ED102689,Female,48,No,Yes,Teacher,Wheatbelt,Permanent Full-Time,Active,2001-01-18,,1.0
ED102690,Female,55,No,No,Teacher,North Metro,Permanent Part-Time,Active,2005-12-23,,0.6
ED102691,Male,38,No,No,Lead Teacher,South West,Permanent Part-Time,Active,2018-01-25,,0.6
ED102692,Female,60,No,No,Teacher,North Metro,Permanent Full-Time,Terminated,2014-06-04,2019-11-30,1.0
ED102693,Male,55,No,No,Teacher,South Metro,Permanent Part-Time,Active,2004-09-16,,0.6
ED102694,Male,50,No,No,School Administrator,South West,Permanent Full-Time,Active,2012-07-21,,1.0
ED102695,Female,45,No,No,Teacher,Goldfields,Permanent Full-Time,Active,2011-04-16,,1.0
ED102696,Female,47,No,No,Principal,South Metro,Permanent Full-Time,Active,2022-08-13,,1.0
ED102697,Male,58,No,No,Teacher,Goldfields,Fixed Term,Active,2012-08-13,,1.0
ED102698,Male,58,No,No,Education Assistant,North Metro,Permanent Full-Time,Active,2010-02-17,,1.0
ED102699,Female,60,No,No,Education Assistant,North Metro,Permanent Part-Time,Terminated,1994-03-07,2003-02-05,0.6
ED102700,Female,44,No,No,Teacher,Great Southern,Permanent Full-Time,Active,2009-09-23,,1.0
ED102701,Female,50,No,No,School Administrator,Pilbara,Permanent Part-Time,Active,1997-10-03,,0.6
ED102702,Male,60,No,No,Teacher,South Metro,Fixed Term,Terminated,1992-08-03,2022-06-21,1.0
ED102703,Male,36,No,No,Teacher,South Metro,Permanent Full-Time,Active,2013-02-10,,1.0
ED102704,Female,40,No,No,Education Assistant,North Metro,Permanent Full-Time,Active,2018-05-07,,1.0
ED102705,Male,44,No,Yes,Education Assistant,North Metro,Permanent Part-Time,Active,2007-11-06,,0.6
ED102706,Female,54,No,No,Teacher,South Metro,Fixed Term,Active,2020-02-03,,1.0
ED102707,Male,54,No,No,Teacher,Pilbara,Permanent Full-Time,Active,1998-04-30,,1.0
ED102708,Female,41,No,No,Teacher,South Metro,Permanent Full-Time,Active,2022-08-18,,1.0
ED102709,Female,25,No,No,Teacher,Wheatbelt,Permanent Full-Time,Active,2025-10-06,,1.0
ED102710,Female,46,No,No,Education Assistant,North Metro,Permanent Full-Time,Active,2002-10-07,,1.0
ED102711,Female,32,No,No,Teacher,South Metro,Permanent Full-Time,Active,2022-04-03,,1.0
ED102712,Female,26,No,No,Teacher,North Metro,Fixed Term,Active,2024-12-23,,1.0
ED102713,Female,28,No,No,Teacher,South Metro,Permanent Full-Time,Active,2025-09-23,,1.0
ED102714,Female,47,Yes,No,Teacher,North Metro,Permanent Full-Time,Active,2007-02-01,,1.0
ED102715,Female,60,No,No,Teacher,South West,Fixed Term,Terminated,1999-11-18,2021-07-29,1.0
ED102716,Female,44,No,No,Lead Teacher,North Metro,Permanent Full-Time,Active,2012-06-21,,1.0
ED102717,Male,46,No,No,School Administrator,South West,Permanent Part-Time,Active,2001-07-06,,0.6
ED102718,Female,58,No,No,Education Assistant,South Metro,Permanent Part-Time,Active,2013-08-31,,0.6
ED102719,Female,25,No,No,Teacher,Great Southern,Permanent Full-Time,Active,2022-06-17,,1.0
ED102720,Female,50,No,No,Aboriginal Education Officer,South Metro,Permanent Full-Time,Active,2022-01-01,,1.0
ED102721,Female,43,No,No,Education Assistant,South West,Permanent Full-Time,Active,2023-04-11,,1.0
ED102722,Male,50,No,No,Education Assistant,North Metro,Permanent Full-Time,Active,2013-01-03,,1.0
ED102723,Male,38,No,No,Teacher,Pilbara,Permanent Full-Time,Terminated,2015-12-02,2020-04-15,1.0
ED102724,Female,34,No,No,Teacher,South West,Casual,Terminated,2015-09-03,2021-11-23,0.2
ED102725,Male,45,No,No,Teacher,North Metro,Permanent Full-Time,Active,2017-06-01,,1.0
ED102726,Male,63,No,No,Teacher,North Metro,Fixed Term,Active,1993-09-29,,1.0
ED102727,Male,54,No,No,Teacher,South Metro,Permanent Full-Time,Active,2019-09-28,,1.0
ED102728,Female,37,No,No,Teacher,South West,Fixed Term,Terminated,2017-06-16,2021-01-12,1.0
ED102729,Female,27,No,No,Teacher,South Metro,Permanent Part-Time,Active,2022-09-18,,0.6
ED102730,Female,23,No,No,Education Assistant,South Metro,Fixed Term,Active,2026-01-12,,1.0
ED102731,Female,59,No,No,Teacher,North Metro,Permanent Full-Time,Active,2003-03-14,,1.0
ED102732,Female,32,No,No,Teacher,North Metro,Permanent Full-Time,Active,2017-01-15,,1.0
ED102733,Female,40,No,No,School Administrator,Mid West,Permanent Full-Time,Terminated,2009-01-07,2024-12-02,1.0
ED102734,Female,59,Yes,No,School Administrator,North Metro,Permanent Part-Time,Active,2023-01-11,,0.6
ED102735,Female,24,No,No,Education Assistant,South Metro,Fixed Term,Terminated,2025-03-11,2025-12-14,1.0
ED102736,Female,61,No,No,School Administrator,South West,Permanent Full-Time,Terminated,2017-09-28,2018-07-11,1.0
ED102737,Female,40,No,No,Teacher,North Metro,Fixed Term,Active,2012-02-28,,1.0
ED102738,Male,30,No,No,School Administrator,Goldfields,Fixed Term,Active,2026-03-08,,1.0
ED102739,Male,41,No,No,Teacher,North Metro,Permanent Full-Time,Active,2017-09-25,,1.0
ED102740,Female,35,Yes,No,Teacher,South Metro,Permanent Full-Time,Active,2023-09-16,,1.0
ED102741,Female,49,No,No,Teacher,North Metro,Fixed Term,Active,2015-11-28,,1.0
ED102742,Female,36,No,No,Teacher,Pilbara,Permanent Full-Time,Terminated,2017-04-20,2023-11-12,1.0
ED102743,Female,21,No,No,Teacher,North Metro,Fixed Term,Active,2025-10-09,,1.0
ED102744,Male,41,No,No,Lead Teacher,South Metro,Fixed Term,Active,2017-06-27,,1.0
ED102745,Female,27,No,No,Education Assistant,South Metro,Permanent Full-Time,Terminated,2021-05-01,2022-04-19,1.0
ED102746,Female,46,No,No,Lead Teacher,North Metro,Permanent Part-Time,Terminated,2014-08-16,2021-08-24,0.6
ED102747,Male,29,No,Yes,Teacher,Pilbara,Permanent Full-Time,Active,2022-05-19,,1.0
ED102748,Female,38,No,No,Education Assistant,North Metro,Fixed Term,Active,2018-02-19,,1.0
ED102749,Female,46,No,No,Lead Teacher,Goldfields,Permanent Full-Time,Active,2014-01-22,,1.0
ED102750,Female,41,No,No,Teacher,North Metro,Permanent Full-Time,Active,2022-05-21,,1.0
ED102751,Female,47,No,No,Principal,Goldfields,Fixed Term,Active,2008-07-31,,1.0
ED102752,Female,52,No,No,Teacher,North Metro,Permanent Full-Time,Active,2023-03-11,,1.0
ED102753,Female,30,No,Yes,Teacher,South Metro,Permanent Part-Time,Active,2025-01-31,,0.6
ED102754,Female,43,No,No,Aboriginal Education Officer,North Metro,Permanent Full-Time,Terminated,2004-12-01,2019-12-03,1.0
ED102755,Male,21,No,No,Teacher,Pilbara,Permanent Full-Time,Active,2026-03-26,,1.0
ED102756,Female,46,No,No,Teacher,North Metro,Permanent Part-Time,Terminated,2006-11-08,2014-02-10,0.6
ED102757,Male,40,No,No,Aboriginal Education Officer,South West,Permanent Full-Time,Terminated,2013-02-28,2025-07-12,1.0
ED102758,Female,32,No,No,Deputy Principal,South West,Casual,Active,2022-03-05,,0.2
ED102759,Female,47,Yes,No,Teacher,North Metro,Permanent Full-Time,Active,2012-02-16,,1.0
ED102760,Female,58,No,No,Teacher,South Metro,Permanent Full-Time,Terminated,1992-12-18,2023-03-23,1.0
ED102761,Female,38,No,No,Teacher,North Metro,Permanent Full-Time,Active,2021-06-09,,1.0
ED102762,Female,32,No,No,Lead Teacher,South Metro,Permanent Part-Time,Active,2024-09-11,,0.6
ED102763,Female,45,No,No,Teacher,Kimberley,Permanent Full-Time,Active,2022-03-13,,1.0
ED102764,Male,27,No,No,Teacher,Goldfields,Permanent Full-Time,Active,2023-08-14,,1.0
ED102765,Female,36,No,No,School Administrator,South Metro,Fixed Term,Terminated,2014-01-13,2025-11-11,1.0
ED102766,Female,58,No,No,Teacher,North Metro,Permanent Full-Time,Active,2022-10-19,,1.0
ED102767,Male,44,No,No,Teacher,South Metro,Permanent Full-Time,Active,2022-10-31,,1.0
ED102768,Female,21,No,No,Teacher,North Metro,Permanent Full-Time,Active,2025-12-16,,1.0
ED102769,Female,22,No,No,Principal,Kimberley,Permanent Full-Time,Active,2025-09-28,,1.0
ED102770,Female,45,No,No,Teacher,South Metro,Permanent Full-Time,Active,2017-07-31,,1.0
ED102771,Female,54,No,No,Teacher,Kimberley,Permanent Full-Time,Active,2008-10-02,,1.0
ED102772,Female,24,No,No,Education Assistant,North Metro,Permanent Full-Time,Terminated,2024-09-05,2025-09-30,1.0
ED102773,Female,49,No,No,Teacher,North Metro,Permanent Full-Time,Active,2021-02-26,,1.0
ED102774,Female,59,No,No,Teacher,North Metro,Permanent Full-Time,Active,2021-02-24,,1.0
ED102775,Female,66,No,No,Teacher,North Metro,Permanent Part-Time,Active,2010-01-05,,0.6
ED102776,Female,47,No,No,Teacher,North Metro,Permanent Part-Time,Active,2021-10-07,,0.6
ED102777,Male,50,No,No,Teacher,Mid West,Permanent Full-Time,Active,2004-04-20,,1.0
ED102778,Male,21,No,No,Teacher,South West,Fixed Term,Active,2025-06-08,,1.0
ED102779,Female,67,Yes,No,Teacher,South Metro,Fixed Term,Active,2004-10-03,,1.0
ED102780,Female,37,No,No,Teacher,South Metro,Casual,Active,2020-10-15,,0.2
ED102781,Male,32,No,No,Education Assistant,North Metro,Permanent Full-Time,Active,2024-09-13,,1.0
ED102782,Female,40,No,No,School Administrator,Wheatbelt,Permanent Part-Time,Active,2016-05-22,,0.6
ED102783,Female,62,No,No,Education Assistant,North Metro,Permanent Full-Time,Terminated,2016-10-21,2020-10-22,1.0
ED102784,Female,67,No,No,Education Assistant,South West,Fixed Term,Active,2007-06-01,,1.0
ED102785,Male,45,No,No,Teacher,South Metro,Permanent Full-Time,Active,2009-07-08,,1.0
ED102786,Female,55,No,Yes,School Administrator,North Metro,Permanent Full-Time,Active,2009-12-20,,1.0
ED102787,Male,44,No,No,Teacher,South West,Permanent Full-Time,Active,2004-08-29,,1.0
ED102788,Female,31,No,No,School Administrator,North Metro,Permanent Full-Time,Active,2017-01-04,,1.0
ED102789,Female,61,No,No,School Administrator,South Metro,Permanent Full-Time,Active,2018-10-14,,1.0
ED102790,Female,36,No,No,Deputy Principal,South Metro,Permanent Full-Time,Active,2012-04-23,,1.0
ED102791,Female,62,No,No,School Administrator,North Metro,Permanent Full-Time,Terminated,1993-11-01,2015-09-08,1.0
ED102792,Male,59,No,No,Lead Teacher,South Metro,Fixed Term,Active,1991-11-26,,1.0
ED102793,Male,51,No,No,Teacher,Goldfields,Fixed Term,Terminated,1997-07-12,2016-08-22,1.0
ED102794,Female,65,No,No,Teacher,Kimberley,Permanent Full-Time,Active,1994-09-25,,1.0
ED102795,Male,67,Yes,No,Lead Teacher,North Metro,Permanent Full-Time,Terminated,2016-05-21,2023-12-22,1.0
ED102796,Male,41,No,No,Teacher,South West,Permanent Full-Time,Terminated,2010-07-15,2019-04-25,1.0
ED102797,Female,34,No,No,Lead Teacher,North Metro,Permanent Full-Time,Active,2020-07-09,,1.0
ED102798,Female,21,No,No,School Administrator,North Metro,Permanent Full-Time,Active,2025-11-17,,1.0
ED102799,Female,67,No,No,Teacher,North Metro,Permanent Full-Time,Terminated,2009-02-26,2016-03-25,1.0
ED102800,Female,38,No,No,Education Assistant,North Metro,Permanent Part-Time,Active,2013-08-22,,0.6
ED102801,Female,57,No,No,Aboriginal Education Officer,North Metro,Permanent Full-Time,Active,2012-02-03,,1.0
ED102802,Female,35,No,No,School Administrator,Great Southern,Permanent Full-Time,Active,2023-04-19,,1.0
ED102803,Female,62,No,No,School Administrator,North Metro,Permanent Full-Time,Active,2002-07-30,,1.0
ED102804,Male,35,No,No,Teacher,North Metro,Permanent Full-Time,Active,2012-11-24,,1.0
ED102805,Male,29,No,No,School Administrator,North Metro,Permanent Part-Time,Active,2022-08-02,,0.6
ED102806,Female,41,No,No,Education Assistant,Kimberley,Permanent Full-Time,Active,2012-09-08,,1.0
ED102807,Female,37,No,No,Teacher,Wheatbelt,Permanent Full-Time,Active,2014-06-19,,1.0
ED102808,Female,51,No,No,Teacher,North Metro,Permanent Part-Time,Active,1998-02-16,,0.6
ED102809,Female,43,No,No,Deputy Principal,North Metro,Permanent Full-Time,Active,2013-07-12,,1.0
ED102810,Female,51,No,No,Teacher,North Metro,Permanent Full-Time,Active,2001-10-07,,1.0
ED102811,Female,40,No,No,Lead Teacher,North Metro,Permanent Full-Time,Active,2007-09-11,,1.0
ED102812,Female,36,No,No,Principal,North Metro,Permanent Full-Time,Active,2022-07-25,,1.0
ED102813,Female,36,No,No,Teacher,South Metro,Permanent Full-Time,Active,2026-01-14,,1.0
ED102814,Female,67,No,No,Lead Teacher,North Metro,Permanent Part-Time,Active,1992-01-05,,0.6
ED102815,Female,46,No,No,Education Assistant,South Metro,Permanent Full-Time,Active,2015-11-23,,1.0
ED102816,Male,21,No,No,Teacher,North Metro,Permanent Full-Time,Active,2026-01-19,,1.0
ED102817,Male,37,No,No,Teacher,South West,Fixed Term,Active,2024-10-07,,1.0
ED102818,Female,45,Yes,No,Teacher,South West,Permanent Full-Time,Active,2015-05-10,,1.0
ED102819,Female,66,No,No,Teacher,South Metro,Casual,Active,2015-06-19,,0.2
ED102820,Female,56,No,No,School Administrator,South Metro,Permanent Full-Time,Active,1993-08-21,,1.0
ED102821,Female,32,No,No,Teacher,South Metro,Permanent Part-Time,Active,2018-10-21,,0.6
ED102822,Female,67,No,No,Lead Teacher,South Metro,Permanent Part-Time,Active,2006-08-28,,0.6
ED102823,Female,43,No,No,Teacher,Kimberley,Fixed Term,Active,2023-09-26,,1.0
ED102824,Male,58,No,No,Teacher,South Metro,Permanent Full-Time,Active,2003-05-17,,1.0
ED102825,Female,30,No,No,Education Assistant,Wheatbelt,Permanent Full-Time,Active,2021-06-02,,1.0
ED102826,Male,21,No,No,Deputy Principal,South West,Permanent Full-Time,Active,2025-06-04,,1.0
ED102827,Female,27,No,No,Teacher,North Metro,Fixed Term,Terminated,2022-07-11,2024-06-05,1.0
ED102828,Female,21,No,No,Teacher,South Metro,Permanent Full-Time,Active,2025-09-01,,1.0
ED102829,Female,67,No,No,Teacher,North Metro,Fixed Term,Terminated,2017-09-15,2018-12-31,1.0
ED102830,Female,46,No,No,Teacher,North Metro,Permanent Full-Time,Active,2009-10-18,,1.0
ED102831,Female,32,No,No,Principal,South Metro,Permanent Full-Time,Active,2021-11-25,,1.0
ED102832,Female,49,No,No,Teacher,North Metro,Permanent Full-Time,Terminated,2024-08-07,2025-03-10,1.0
ED102833,Female,46,No,No,Teacher,Wheatbelt,Permanent Full-Time,Active,2022-03-03,,1.0
ED102834,Female,51,No,No,Teacher,North Metro,Fixed Term,Active,2013-05-27,,1.0
ED102835,Female,58,No,No,Aboriginal Education Officer,South Metro,Permanent Full-Time,Active,2002-04-22,,1.0
ED102836,Male,40,No,No,School Administrator,South Metro,Fixed Term,Active,2008-05-02,,1.0
ED102837,Female,33,No,No,Teacher,Kimberley,Permanent Full-Time,Active,2022-03-03,,1.0
ED102838,Female,53,No,No,Education Assistant,South Metro,Permanent Part-Time,Active,2018-12-08,,0.6
ED102839,Female,53,No,No,Teacher,Wheatbelt,Permanent Part-Time,Active,2020-09-28,,0.6
ED102840,Male,45,No,Yes,Teacher,South Metro,Permanent Full-Time,Active,2013-05-06,,1.0
ED102841,Female,67,No,No,Education Assistant,South Metro,Permanent Full-Time,Terminated,2000-05-04,2013-09-22,1.0
ED102842,Female,38,No,No,Aboriginal Education Officer,North Metro,Permanent Full-Time,Active,2019-07-12,,1.0
ED102843,Female,33,No,No,School Administrator,South Metro,Permanent Full-Time,Active,2018-05-15,,1.0
ED102844,Female,49,No,No,Lead Teacher,Wheatbelt,Fixed Term,Active,2026-02-23,,1.0
ED102845,Female,35,No,No,Teacher,South Metro,Casual,Active,2016-04-03,,0.2
ED102846,Male,49,No,No,Education Assistant,Wheatbelt,Permanent Part-Time,Active,2021-08-15,,0.6
ED102847,Male,34,No,No,Teacher,South Metro,Permanent Part-Time,Active,2023-07-04,,0.6
ED102848,Female,39,No,No,Lead Teacher,North Metro,Permanent Full-Time,Terminated,2025-03-21,2026-04-10,1.0
ED102849,Female,66,No,No,Teacher,North Metro,Permanent Full-Time,Terminated,2003-07-03,2005-08-13,1.0
ED102850,Female,39,No,No,Principal,North Metro,Fixed Term,Terminated,2010-09-17,2015-03-01,1.0
ED102851,Female,34,No,No,Teacher,Kimberley,Permanent Full-Time,Terminated,2022-05-11,2026-03-07,1.0
ED102852,Male,58,No,No,Teacher,Mid West,Permanent Part-Time,Active,2005-11-28,,0.6
ED102853,Female,31,No,No,Aboriginal Education Officer,North Metro,Permanent Part-Time,Active,2022-08-25,,0.6
ED102854,Female,35,No,No,Teacher,South Metro,Permanent Full-Time,Active,2019-11-08,,1.0
ED102855,Female,50,No,No,Teacher,South Metro,Permanent Full-Time,Active,2005-07-12,,1.0
ED102856,Male,55,No,No,Teacher,South Metro,Permanent Part-Time,Terminated,2003-10-22,2004-08-27,0.6
ED102857,Female,58,No,No,Teacher,North Metro,Permanent Full-Time,Active,2017-11-28,,1.0
ED102858,Female,35,No,No,Teacher,North Metro,Fixed Term,Active,2019-12-03,,1.0
ED102859,Female,51,No,No,Teacher,North Metro,Permanent Full-Time,Active,2015-10-10,,1.0
ED102860,Female,38,No,No,Education Assistant,North Metro,Permanent Full-Time,Active,2025-09-02,,1.0
ED102861,Male,36,Yes,No,Teacher,North Metro,Permanent Full-Time,Active,2025-01-25,,1.0
ED102862,Female,58,No,Yes,School Administrator,North Metro,Permanent Part-Time,Active,2023-09-30,,0.6
ED102863,Female,37,No,No,Lead Teacher,South Metro,Permanent Full-Time,Active,2022-08-18,,1.0
ED102864,Female,47,No,No,Teacher,North Metro,Permanent Full-Time,Active,2000-06-15,,1.0
ED102865,Male,45,No,No,Lead Teacher,Great Southern,Permanent Full-Time,Active,2017-01-08,,1.0
ED102866,Female,31,No,No,Teacher,North Metro,Permanent Full-Time,Terminated,2019-06-10,2021-06-24,1.0
ED102867,Female,55,No,No,Education Assistant,North Metro,Permanent Full-Time,Active,2001-08-20,,1.0
ED102868,Female,50,No,No,Teacher,South Metro,Permanent Full-Time,Active,2024-11-23,,1.0
ED102869,Female,21,No,No,Teacher,North Metro,Permanent Full-Time,Active,2025-12-14,,1.0
ED102870,Female,47,No,No,Aboriginal Education Officer,Wheatbelt,Permanent Full-Time,Active,2004-05-17,,1.0
ED102871,Male,34,No,No,School Administrator,North Metro,Permanent Full-Time,Active,2014-12-31,,1.0
ED102872,Female,57,No,No,Aboriginal Education Officer,South West,Permanent Full-Time,Active,1994-05-15,,1.0
ED102873,Female,26,No,No,Teacher,South West,Permanent Full-Time,Active,2023-11-15,,1.0
ED102874,Male,39,No,No,Education Assistant,South Metro,Permanent Full-Time,Active,2012-06-03,,1.0
ED102875,Female,48,No,No,Teacher,South Metro,Permanent Full-Time,Active,2000-05-20,,1.0
ED102876,Female,44,No,No,Teacher,Goldfields,Casual,Terminated,2013-07-20,2016-06-28,0.2
ED102877,Female,53,No,No,Teacher,South Metro,Permanent Full-Time,Active,2001-07-17,,1.0
ED102878,Female,25,No,No,Lead Teacher,South Metro,Permanent Part-Time,Active,2025-10-25,,0.6
ED102879,Female,63,No,No,Teacher,North Metro,Permanent Full-Time,Active,2020-09-15,,1.0
ED102880,Male,50,No,No,Teacher,North Metro,Fixed Term,Active,2002-05-02,,1.0
ED102881,Male,60,No,No,Education Assistant,South Metro,Fixed Term,Active,2015-03-18,,1.0
ED102882,Female,54,No,No,Teacher,South Metro,Permanent Full-Time,Active,2006-09-08,,1.0
ED102883,Female,43,No,No,Teacher,South West,Fixed Term,Terminated,2015-07-23,2020-07-26,1.0
ED102884,Female,28,No,Yes,Teacher,North Metro,Permanent Full-Time,Active,2024-12-06,,1.0
ED102885,Female,37,No,Yes,School Administrator,Wheatbelt,Permanent Full-Time,Active,2026-02-20,,1.0
ED102886,Female,63,No,No,Teacher,North Metro,Permanent Full-Time,Terminated,2010-07-09,2015-08-24,1.0
ED102887,Female,60,No,No,Teacher,South Metro,Permanent Full-Time,Terminated,2006-05-23,2008-07-06,1.0
ED102888,Male,36,No,Yes,Education Assistant,North Metro,Permanent Full-Time,Terminated,2021-11-10,2024-12-16,1.0
ED102889,Male,21,No,No,Education Assistant,South Metro,Permanent Full-Time,Active,2026-01-12,,1.0
ED102890,Female,41,No,No,Teacher,North Metro,Permanent Full-Time,Terminated,2017-04-08,2018-01-05,1.0
ED102891,Female,40,No,No,Deputy Principal,South Metro,Permanent Part-Time,Active,2012-11-22,,0.6
ED102892,Female,41,No,No,Education Assistant,Mid West,Permanent Full-Time,Terminated,2014-02-15,2019-10-23,1.0
ED102893,Male,50,No,No,Principal,South Metro,Permanent Full-Time,Terminated,2001-03-10,2019-01-29,1.0
ED102894,Female,54,No,No,Teacher,South Metro,Permanent Full-Time,Terminated,2004-03-20,2015-02-21,1.0
ED102895,Female,55,No,Yes,Education Assistant,Wheatbelt,Permanent Full-Time,Active,1999-08-23,,1.0
ED102896,Female,49,No,No,Teacher,Kimberley,Permanent Full-Time,Active,2012-04-11,,1.0
ED102897,Male,22,No,Yes,Teacher,South Metro,Permanent Full-Time,Active,2026-04-19,,1.0
ED102898,Male,39,No,No,Teacher,North Metro,Permanent Full-Time,Active,2012-07-08,,1.0
ED102899,Female,67,No,No,Teacher,South West,Permanent Full-Time,Terminated,1994-06-24,2005-03-05,1.0
ED102900,Male,48,No,No,Teacher,South Metro,Fixed Term,Active,2012-08-10,,1.0
ED102901,Female,48,No,No,Education Assistant,North Metro,Permanent Full-Time,Terminated,2018-06-25,2023-11-07,1.0
ED102902,Female,48,No,No,Teacher,North Metro,Permanent Full-Time,Terminated,2006-01-12,2023-03-14,1.0
ED102903,Male,48,No,No,Teacher,Mid West,Permanent Full-Time,Active,2009-08-26,,1.0
ED102904,Male,21,No,Yes,Teacher,North Metro,Casual,Active,2026-02-27,,0.2
ED102905,Female,41,No,No,Teacher,Great Southern,Permanent Part-Time,Terminated,2019-10-31,2024-11-04,0.6
ED102906,Female,43,No,No,School Administrator,North Metro,Permanent Full-Time,Active,2022-09-10,,1.0
ED102907,Male,59,No,No,Teacher,Mid West,Permanent Full-Time,Active,2011-05-10,,1.0
ED102908,Male,44,No,No,Teacher,South Metro,Permanent Full-Time,Active,2009-12-03,,1.0
ED102909,Male,24,No,No,Teacher,South Metro,Permanent Full-Time,Active,2026-04-04,,1.0
ED102910,Female,49,No,No,Teacher,South West,Permanent Part-Time,Active,2018-06-22,,0.6
ED102911,Male,34,No,No,Teacher,South Metro,Permanent Full-Time,Active,2020-03-07,,1.0
ED102912,Non-binary,29,No,No,Deputy Principal,South Metro,Permanent Full-Time,Active,2023-07-14,,1.0
ED102913,Female,33,No,No,School Administrator,North Metro,Permanent Full-Time,Active,2021-02-05,,1.0
ED102914,Male,50,No,No,Teacher,North Metro,Permanent Part-Time,Active,2016-03-07,,0.6
ED102915,Female,59,No,Yes,Principal,North Metro,Permanent Full-Time,Terminated,2001-01-26,2010-10-03,1.0
ED102916,Female,49,No,No,Education Assistant,Goldfields,Fixed Term,Active,2025-12-12,,1.0
ED102917,Female,51,No,No,Education Assistant,North Metro,Permanent Full-Time,Active,1996-08-13,,1.0
ED102918,Female,49,No,No,Teacher,North Metro,Permanent Part-Time,Terminated,2010-07-03,2015-10-24,0.6
ED102919,Female,45,No,No,Teacher,South Metro,Permanent Full-Time,Active,2008-09-16,,1.0
ED102920,Male,52,No,No,Teacher,South Metro,Permanent Full-Time,Active,2011-03-02,,1.0
ED102921,Female,21,No,No,Deputy Principal,Kimberley,Permanent Part-Time,Active,2025-09-13,,0.6
ED102922,Female,45,No,No,Education Assistant,North Metro,Fixed Term,Active,2016-10-07,,1.0
ED102923,Male,31,No,No,Teacher,North Metro,Permanent Full-Time,Active,2025-05-16,,1.0
ED102924,Female,57,No,No,Teacher,South West,Permanent Part-Time,Active,2016-01-01,,0.6
ED102925,Female,42,No,No,Aboriginal Education Officer,North Metro,Permanent Part-Time,Active,2017-03-08,,0.6
ED102926,Female,44,No,Yes,Education Assistant,Wheatbelt,Permanent Full-Time,Active,2011-04-24,,1.0
ED102927,Female,25,No,No,School Administrator,Wheatbelt,Fixed Term,Active,2025-04-12,,1.0
ED102928,Female,56,No,No,Education Assistant,Mid West,Permanent Full-Time,Active,2009-04-24,,1.0
ED102929,Male,51,No,Yes,Teacher,North Metro,Permanent Part-Time,Active,2018-05-02,,0.6
ED102930,Female,50,No,No,Lead Teacher,Wheatbelt,Permanent Full-Time,Active,2011-07-04,,1.0
ED102931,Male,34,No,No,Principal,Pilbara,Permanent Full-Time,Active,2022-11-06,,1.0
ED102932,Female,34,No,No,Teacher,South Metro,Fixed Term,Terminated,2016-05-31,2025-02-26,1.0
ED102933,Female,46,No,No,Teacher,North Metro,Permanent Full-Time,Active,2017-01-16,,1.0
ED102934,Female,35,No,No,Deputy Principal,North Metro,Permanent Full-Time,Active,2018-06-05,,1.0
ED102935,Female,49,Yes,No,Teacher,North Metro,Fixed Term,Active,1999-09-30,,1.0
ED102936,Female,21,No,No,Education Assistant,South Metro,Fixed Term,Active,2025-12-07,,1.0
ED102937,Female,38,No,No,Lead Teacher,South Metro,Permanent Full-Time,Active,2022-04-29,,1.0
ED102938,Female,65,No,No,School Administrator,South Metro,Permanent Full-Time,Active,2019-07-08,,1.0
ED102939,Female,49,No,No,Teacher,South Metro,Permanent Part-Time,Active,2017-09-26,,0.6
ED102940,Female,46,No,No,Teacher,South Metro,Permanent Full-Time,Active,2008-07-31,,1.0
ED102941,Female,67,No,No,Lead Teacher,South Metro,Permanent Full-Time,Terminated,2018-08-26,2020-08-29,1.0
ED102942,Female,21,No,No,Teacher,South West,Permanent Full-Time,Active,2025-10-26,,1.0
ED102943,Male,34,No,No,Deputy Principal,North Metro,Permanent Full-Time,Active,2024-10-21,,1.0
ED102944,Female,39,No,No,Education Assistant,South Metro,Permanent Full-Time,Active,2015-07-20,,1.0
ED102945,Female,54,No,No,Teacher,North Metro,Permanent Part-Time,Active,2017-05-16,,0.6
ED102946,Female,54,No,No,Teacher,South Metro,Permanent Part-Time,Terminated,1995-04-20,2006-09-10,0.6
ED102947,Female,33,No,Yes,Teacher,Kimberley,Permanent Full-Time,Active,2020-07-23,,1.0
ED102948,Male,55,No,No,Teacher,South West,Permanent Full-Time,Terminated,2015-05-22,2019-03-27,1.0
ED102949,Female,39,No,No,School Administrator,North Metro,Permanent Full-Time,Terminated,2009-02-08,2009-11-09,1.0
ED102950,Female,58,No,Yes,Education Assistant,South West,Permanent Full-Time,Active,2025-12-14,,1.0
ED102951,Male,31,No,No,Deputy Principal,North Metro,Permanent Full-Time,Active,2017-05-11,,1.0
ED102952,Female,42,No,No,Deputy Principal,South Metro,Permanent Part-Time,Active,2023-08-10,,0.6
ED102953,Female,38,No,No,Teacher,North Metro,Permanent Full-Time,Active,2024-01-27,,1.0
ED102954,Female,56,No,No,School Administrator,South West,Permanent Part-Time,Active,2019-03-10,,0.6
ED102955,Female,37,No,No,Deputy Principal,South Metro,Permanent Part-Time,Active,2021-06-08,,0.6
ED102956,Male,43,No,No,Deputy Principal,Goldfields,Permanent Full-Time,Active,2006-03-05,,1.0
ED102957,Male,50,No,No,Education Assistant,Wheatbelt,Permanent Full-Time,Terminated,2017-10-22,2023-05-16,1.0
ED102958,Female,50,No,No,Teacher,North Metro,Fixed Term,Active,2019-09-15,,1.0
ED102959,Non-binary,54,No,No,Education Assistant,North Metro,Permanent Part-Time,Active,2003-06-08,,0.6
ED102960,Female,46,No,No,Teacher,Wheatbelt,Casual,Active,2003-07-10,,0.2
ED102961,Female,38,No,No,Teacher,North Metro,Permanent Full-Time,Active,2017-12-10,,1.0
ED102962,Male,39,No,No,Teacher,North Metro,Fixed Term,Active,2018-03-24,,1.0
ED102963,Female,44,No,No,School Administrator,South Metro,Permanent Full-Time,Active,2021-01-05,,1.0
ED102964,Female,46,No,No,Education Assistant,South Metro,Permanent Full-Time,Terminated,2017-09-24,2025-06-10,1.0
ED102965,Female,42,No,No,Deputy Principal,North Metro,Permanent Full-Time,Terminated,2008-12-01,2010-05-11,1.0
ED102966,Female,44,No,No,Deputy Principal,North Metro,Permanent Full-Time,Terminated,2015-12-03,2023-01-11,1.0
ED102967,Male,25,No,No,Lead Teacher,North Metro,Permanent Part-Time,Active,2024-11-05,,0.6
ED102968,Female,52,No,No,School Administrator,South Metro,Permanent Full-Time,Terminated,2012-08-13,2024-12-14,1.0
ED102969,Female,46,No,No,Teacher,South West,Fixed Term,Active,2018-07-09,,1.0
ED102970,Female,56,No,No,Teacher,Great Southern,Permanent Full-Time,Active,2004-12-20,,1.0
ED102971,Male,44,No,No,Teacher,South Metro,Fixed Term,Active,2012-03-18,,1.0
ED102972,Male,23,No,No,Education Assistant,North Metro,Permanent Full-Time,Terminated,2024-08-22,2026-01-02,1.0
ED102973,Female,39,No,No,Education Assistant,South West,Permanent Part-Time,Active,2015-03-14,,0.6
ED102974,Male,41,No,No,Teacher,South Metro,Permanent Full-Time,Terminated,2010-05-11,2026-03-20,1.0
ED102975,Female,52,No,No,Teacher,North Metro,Permanent Full-Time,Active,2004-07-30,,1.0
ED102976,Female,21,No,No,Education Assistant,South West,Permanent Part-Time,Active,2026-03-26,,0.6
ED102977,Female,44,No,No,Teacher,Pilbara,Permanent Full-Time,Active,2011-04-09,,1.0
ED102978,Female,50,No,No,Deputy Principal,Pilbara,Permanent Full-Time,Active,2005-11-10,,1.0
ED102979,Male,36,No,No,School Administrator,Kimberley,Permanent Part-Time,Terminated,2011-12-23,2016-11-26,0.6
ED102980,Female,44,No,No,Teacher,North Metro,Permanent Full-Time,Terminated,2019-08-14,2021-01-27,1.0
ED102981,Female,36,No,No,Teacher,North Metro,Permanent Full-Time,Active,2023-03-12,,1.0
ED102982,Female,35,No,No,Deputy Principal,Goldfields,Permanent Full-Time,Terminated,2014-04-28,2016-11-22,1.0
ED102983,Male,39,No,No,Education Assistant,North Metro,Permanent Full-Time,Active,2022-08-17,,1.0
ED102984,Female,35,No,No,Teacher,South Metro,Permanent Part-Time,Active,2014-10-17,,0.6
ED102985,Male,52,No,No,School Administrator,Mid West,Permanent Full-Time,Active,1999-06-30,,1.0
ED102986,Male,35,No,No,Teacher,Mid West,Permanent Full-Time,Active,2021-04-26,,1.0
ED102987,Female,33,No,No,Teacher,South Metro,Permanent Part-Time,Active,2023-01-24,,0.6
ED102988,Female,65,No,No,Deputy Principal,Mid West,Permanent Part-Time,Active,2025-04-08,,0.6
ED102989,Female,55,No,No,Education Assistant,Wheatbelt,Fixed Term,Active,2002-03-12,,1.0
ED102990,Male,21,No,No,Teacher,Goldfields,Permanent Full-Time,Active,2026-02-04,,1.0
ED102991,Female,34,No,No,Education Assistant,North Metro,Permanent Full-Time,Active,2023-03-15,,1.0
ED102992,Female,46,No,No,Lead Teacher,North Metro,Permanent Full-Time,Terminated,2014-05-20,2022-04-13,1.0
ED102993,Female,47,No,No,Teacher,North Metro,Permanent Full-Time,Active,2009-01-03,,1.0
ED102994,Female,26,No,No,Teacher,North Metro,Permanent Full-Time,Active,2021-10-24,,1.0
ED102995,Male,57,No,No,Education Assistant,North Metro,Fixed Term,Active,1993-01-13,,1.0
ED102996,Female,53,No,No,Teacher,North Metro,Fixed Term,Terminated,1996-06-27,2014-03-11,1.0
ED102997,Male,49,Yes,No,Teacher,South Metro,Permanent Full-Time,Active,2013-09-29,,1.0
ED102998,Female,60,No,No,Teacher,South West,Permanent Full-Time,Active,1996-11-27,,1.0
ED102999,Female,49,No,No,Education Assistant,North Metro,Permanent Full-Time,Active,2023-04-10,,1.0
ED103000,Male,49,Yes,No,Principal,Kimberley,Fixed Term,Active,2018-06-29,,1.0
ED103001,Female,62,No,No,Education Assistant,Goldfields,Fixed Term,Active,2001-06-10,,1.0
ED103002,Male,57,No,No,Teacher,North Metro,Permanent Full-Time,Active,2018-06-23,,1.0
ED103003,Female,33,No,No,Lead Teacher,South West,Permanent Part-Time,Active,2026-02-15,,0.6
ED103004,Female,51,Yes,No,Lead Teacher,South Metro,Permanent Full-Time,Active,2001-08-02,,1.0
ED103005,Female,36,No,No,Education Assistant,South Metro,Permanent Full-Time,Active,2025-05-17,,1.0
ED103006,Male,50,No,No,Aboriginal Education Officer,Pilbara,Permanent Full-Time,Active,2004-01-15,,1.0
ED103007,Male,49,No,No,Teacher,North Metro,Permanent Full-Time,Active,2023-03-16,,1.0
ED103008,Female,27,No,No,Principal,Kimberley,Permanent Full-Time,Active,2024-01-16,,1.0
ED103009,Female,42,No,No,Teacher,North Metro,Permanent Full-Time,Active,2020-05-02,,1.0
ED103010,Female,47,Yes,No,Teacher,Wheatbelt,Permanent Full-Time,Active,2012-05-14,,1.0
ED103011,Female,38,No,No,Teacher,South Metro,Permanent Full-Time,Active,2026-04-14,,1.0
ED103012,Male,47,No,No,Teacher,South Metro,Permanent Part-Time,Active,2022-09-17,,0.6
ED103013,Female,53,No,No,Teacher,North Metro,Permanent Full-Time,Active,2016-02-11,,1.0
ED103014,Male,43,No,No,Lead Teacher,Goldfields,Fixed Term,Active,2021-04-01,,1.0
ED103015,Female,46,No,No,Teacher,Mid West,Permanent Full-Time,Active,2016-01-21,,1.0
ED103016,Male,60,No,No,Education Assistant,South Metro,Permanent Full-Time,Active,2022-11-27,,1.0
ED103017,Female,49,No,No,Teacher,South Metro,Permanent Full-Time,Active,2017-03-09,,1.0
ED103018,Female,46,No,No,Teacher,South Metro,Permanent Full-Time,Active,2022-07-29,,1.0
ED103019,Male,32,No,No,Education Assistant,South West,Permanent Full-Time,Active,2020-01-11,,1.0
ED103020,Female,52,No,No,Teacher,South Metro,Permanent Full-Time,Active,2008-02-04,,1.0
ED103021,Male,47,No,No,Teacher,Wheatbelt,Fixed Term,Active,2010-11-20,,1.0
ED103022,Male,59,No,No,Deputy Principal,Mid West,Permanent Part-Time,Active,2011-06-02,,0.6
ED103023,Female,44,No,No,Teacher,South Metro,Fixed Term,Active,2008-02-04,,1.0
ED103024,Female,22,No,No,Teacher,North Metro,Permanent Full-Time,Active,2025-06-01,,1.0
ED103025,Female,23,No,No,Teacher,South Metro,Permanent Full-Time,Active,2025-06-04,,1.0
ED103026,Female,52,No,No,School Administrator,Wheatbelt,Permanent Full-Time,Active,2006-12-28,,1.0
ED103027,Female,37,Yes,No,Lead Teacher,North Metro,Permanent Part-Time,Active,2010-08-08,,0.6
ED103028,Female,49,No,No,Principal,South Metro,Casual,Active,2004-04-02,,0.2
ED103029,Female,45,No,No,Lead Teacher,Mid West,Fixed Term,Active,2004-02-08,,1.0
ED103030,Female,41,No,No,Teacher,South Metro,Permanent Full-Time,Active,2006-11-09,,1.0
ED103031,Female,42,No,No,Teacher,South Metro,Permanent Full-Time,Active,2008-07-01,,1.0
ED103032,Female,33,No,No,Education Assistant,North Metro,Permanent Full-Time,Active,2015-12-18,,1.0
ED103033,Female,43,No,No,Teacher,North Metro,Permanent Full-Time,Active,2022-07-10,,1.0
ED103034,Female,36,No,No,Teacher,Mid West,Permanent Full-Time,Terminated,2018-06-21,2021-10-07,1.0
ED103035,Female,39,No,No,Teacher,North Metro,Permanent Full-Time,Active,2019-09-21,,1.0
ED103036,Female,40,No,No,Teacher,North Metro,Permanent Full-Time,Terminated,2007-08-20,2011-06-18,1.0
ED103037,Female,41,No,No,School Administrator,Wheatbelt,Permanent Full-Time,Active,2023-06-14,,1.0
ED103038,Female,55,No,No,Teacher,North Metro,Permanent Full-Time,Active,1993-06-08,,1.0
ED103039,Male,42,No,No,Teacher,Great Southern,Permanent Part-Time,Active,2018-12-13,,0.6
ED103040,Female,56,No,No,Teacher,Great Southern,Permanent Full-Time,Active,1994-09-20,,1.0
ED103041,Female,62,No,No,School Administrator,North Metro,Permanent Full-Time,Terminated,2003-03-10,2016-11-19,1.0
ED103042,Male,54,No,Yes,Teacher,North Metro,Permanent Part-Time,Active,1994-10-04,,0.6
ED103043,Male,50,No,No,Teacher,Kimberley,Permanent Full-Time,Active,2019-01-10,,1.0
ED103044,Female,47,No,No,Education Assistant,South Metro,Permanent Full-Time,Active,2001-03-14,,1.0
ED103045,Female,54,No,No,Deputy Principal,North Metro,Fixed Term,Active,2024-10-01,,1.0
ED103046,Female,45,No,No,Teacher,Kimberley,Permanent Full-Time,Active,2015-01-25,,1.0
ED103047,Female,55,No,No,Teacher,North Metro,Permanent Full-Time,Active,2018-09-19,,1.0
ED103048,Male,51,No,No,Teacher,Wheatbelt,Permanent Full-Time,Active,1996-07-10,,1.0
ED103049,Female,39,No,No,Teacher,North Metro,Permanent Full-Time,Active,2025-12-07,,1.0
ED103050,Male,54,No,Yes,Teacher,North Metro,Permanent Full-Time,Active,1999-12-25,,1.0
ED103051,Female,45,No,No,Teacher,North Metro,Permanent Full-Time,Active,2013-03-30,,1.0
ED103052,Non-binary,42,No,No,Teacher,Great Southern,Permanent Full-Time,Terminated,2019-12-11,2022-12-27,1.0
ED103053,Female,38,No,No,Teacher,Kimberley,Fixed Term,Active,2015-10-12,,1.0
ED103054,Female,45,No,No,Principal,Mid West,Permanent Full-Time,Active,2007-09-25,,1.0
ED103055,Female,55,No,No,School Administrator,South Metro,Permanent Part-Time,Active,2000-12-15,,0.6
ED103056,Female,54,No,No,Lead Teacher,North Metro,Permanent Full-Time,Active,1997-05-02,,1.0
ED103057,Female,48,No,No,Teacher,North Metro,Permanent Full-Time,Active,2008-05-12,,1.0
ED103058,Male,51,No,No,Teacher,South Metro,Permanent Full-Time,Active,2003-03-31,,1.0
ED103059,Female,59,No,No,School Administrator,South Metro,Permanent Part-Time,Terminated,1994-05-13,2000-09-25,0.6
ED103060,Male,42,No,No,Teacher,South Metro,Permanent Part-Time,Terminated,2008-10-17,2017-02-02,0.6
ED103061,Female,30,No,Yes,Teacher,North Metro,Permanent Full-Time,Active,2021-08-03,,1.0
ED103062,Female,59,No,No,Lead Teacher,South West,Permanent Full-Time,Active,2003-07-09,,1.0
ED103063,Male,37,No,No,Lead Teacher,North Metro,Fixed Term,Active,2020-07-13,,1.0
ED103064,Female,35,No,No,Lead Teacher,Great Southern,Fixed Term,Active,2024-04-21,,1.0
ED103065,Female,22,No,No,Teacher,North Metro,Permanent Full-Time,Active,2026-01-31,,1.0
ED103066,Female,50,No,No,Teacher,South Metro,Permanent Full-Time,Active,2025-07-27,,1.0
ED103067,Female,24,No,No,School Administrator,North Metro,Fixed Term,Active,2024-05-10,,1.0
ED103068,Male,34,No,No,Teacher,South Metro,Permanent Full-Time,Active,2019-11-17,,1.0
ED103069,Female,51,No,No,Principal,South Metro,Permanent Part-Time,Active,2009-09-20,,0.6
ED103070,Female,52,Yes,No,Deputy Principal,South Metro,Permanent Full-Time,Active,2020-01-21,,1.0
ED103071,Male,36,No,No,Lead Teacher,South Metro,Permanent Part-Time,Active,2014-11-28,,0.6
ED103072,Female,42,No,No,Teacher,Pilbara,Permanent Full-Time,Active,2007-03-13,,1.0
ED103073,Female,33,Yes,No,Teacher,Goldfields,Permanent Full-Time,Active,2020-06-01,,1.0
ED103074,Male,37,No,No,Lead Teacher,Wheatbelt,Permanent Full-Time,Active,2011-02-15,,1.0
ED103075,Female,47,No,No,Education Assistant,North Metro,Fixed Term,Active,2019-08-31,,1.0
ED103076,Male,37,No,No,School Administrator,South Metro,Permanent Part-Time,Active,2017-06-02,,0.6
ED103077,Female,41,No,No,Teacher,South Metro,Fixed Term,Active,2014-11-08,,1.0
ED103078,Male,26,No,No,Teacher,South Metro,Fixed Term,Active,2021-09-19,,1.0
ED103079,Male,57,No,No,School Administrator,South Metro,Permanent Full-Time,Terminated,2012-01-18,2023-03-13,1.0
ED103080,Female,50,No,No,Education Assistant,North Metro,Permanent Full-Time,Active,2018-09-12,,1.0
ED103081,Female,53,No,Yes,Aboriginal Education Officer,North Metro,Permanent Part-Time,Terminated,1997-02-19,2015-11-06,0.6
ED103082,Female,59,No,No,Teacher,North Metro,Fixed Term,Active,2017-06-02,,1.0
ED103083,Female,34,No,No,Lead Teacher,North Metro,Permanent Full-Time,Active,2017-01-15,,1.0
ED103084,Female,39,No,No,Deputy Principal,Goldfields,Permanent Full-Time,Active,2011-06-08,,1.0
ED103085,Female,21,No,No,Deputy Principal,Goldfields,Permanent Full-Time,Active,2026-01-27,,1.0
ED103086,Female,67,No,No,Teacher,South West,Permanent Full-Time,Terminated,1994-09-28,2013-06-09,1.0
ED103087,Male,42,Yes,No,Teacher,Kimberley,Permanent Part-Time,Active,2009-08-01,,0.6
ED103088,Female,56,No,No,Lead Teacher,North Metro,Permanent Part-Time,Active,1996-01-04,,0.6
ED103089,Female,29,No,No,Teacher,South West,Permanent Part-Time,Active,2024-07-13,,0.6
ED103090,Female,55,Yes,No,Teacher,Wheatbelt,Fixed Term,Active,2018-07-30,,1.0
ED103091,Female,66,No,No,School Administrator,South Metro,Permanent Full-Time,Terminated,2005-08-27,2023-08-12,1.0
ED103092,Female,43,No,No,Teacher,South Metro,Permanent Full-Time,Active,2015-07-15,,1.0
ED103093,Female,31,No,No,Education Assistant,Great Southern,Fixed Term,Active,2016-10-08,,1.0
ED103094,Male,42,No,No,Teacher,South Metro,Permanent Full-Time,Terminated,2010-04-26,2024-04-02,1.0
ED103095,Non-binary,21,No,No,Principal,South West,Permanent Full-Time,Active,2026-04-10,,1.0
ED103096,Female,43,No,No,School Administrator,North Metro,Permanent Part-Time,Active,2014-01-26,,0.6
ED103097,Female,53,No,No,Teacher,North Metro,Fixed Term,Active,1997-08-16,,1.0
ED103098,Female,43,No,No,Teacher,South Metro,Permanent Part-Time,Active,2005-12-31,,0.6
ED103099,Female,40,No,No,Teacher,South Metro,Permanent Part-Time,Active,2011-01-21,,0.6
ED103100,Female,50,No,No,Teacher,Mid West,Permanent Full-Time,Active,2020-12-18,,1.0
ED103101,Female,51,No,No,Education Assistant,Great Southern,Permanent Full-Time,Active,2026-04-02,,1.0
ED103102,Female,24,No,Yes,Aboriginal Education Officer,South Metro,Fixed Term,Active,2024-08-27,,1.0
ED103103,Male,45,No,No,Teacher,North Metro,Permanent Part-Time,Active,2005-01-03,,0.6
ED103104,Female,67,No,Yes,Teacher,Mid West,Permanent Full-Time,Active,2011-10-31,,1.0
ED103105,Female,27,No,No,Teacher,South Metro,Permanent Full-Time,Active,2024-03-27,,1.0
ED103106,Female,42,No,No,Deputy Principal,North Metro,Permanent Part-Time,Terminated,2012-02-14,2022-11-24,0.6
ED103107,Male,67,No,No,Teacher,South Metro,Permanent Full-Time,Active,2019-08-05,,1.0
ED103108,Male,57,No,No,Lead Teacher,Pilbara,Permanent Part-Time,Active,1993-03-01,,0.6
ED103109,Female,37,No,No,Lead Teacher,Mid West,Permanent Full-Time,Active,2015-01-26,,1.0
ED103110,Female,46,No,No,Lead Teacher,South Metro,Permanent Full-Time,Active,2008-08-22,,1.0
ED103111,Female,43,No,No,Teacher,North Metro,Permanent Part-Time,Active,2016-06-24,,0.6
ED103112,Female,35,No,No,Deputy Principal,Great Southern,Permanent Full-Time,Active,2026-02-02,,1.0
ED103113,Female,43,No,No,Teacher,Goldfields,Permanent Full-Time,Active,2016-08-15,,1.0
ED103114,Female,40,No,No,Teacher,South Metro,Fixed Term,Active,2023-08-19,,1.0
ED103115,Female,45,No,No,Education Assistant,North Metro,Permanent Part-Time,Active,2009-09-26,,0.6
ED103116,Female,35,No,No,Education Assistant,Pilbara,Permanent Full-Time,Active,2021-12-19,,1.0
ED103117,Female,28,No,No,Teacher,North Metro,Permanent Full-Time,Active,2021-01-22,,1.0
ED103118,Male,43,No,No,Teacher,North Metro,Permanent Full-Time,Active,2024-08-18,,1.0
ED103119,Female,64,No,No,Teacher,South Metro,Permanent Full-Time,Terminated,1998-12-03,2015-03-30,1.0
ED103120,Female,44,No,No,Teacher,North Metro,Permanent Full-Time,Terminated,2017-07-12,2019-05-24,1.0
ED103121,Female,40,No,No,Teacher,South Metro,Permanent Full-Time,Terminated,2023-08-23,2025-12-09,1.0
ED103122,Female,53,No,No,Teacher,North Metro,Permanent Full-Time,Active,2004-12-08,,1.0
ED103123,Female,42,Yes,No,Teacher,Goldfields,Permanent Full-Time,Active,2025-05-26,,1.0
ED103124,Female,66,Yes,No,Education Assistant,North Metro,Permanent Full-Time,Terminated,1999-01-24,2000-07-11,1.0
ED103125,Female,43,No,No,Lead Teacher,North Metro,Permanent Full-Time,Active,2010-12-01,,1.0
ED103126,Female,52,No,No,Principal,North Metro,Casual,Active,2014-10-28,,0.2
ED103127,Female,34,No,No,Teacher,South West,Casual,Terminated,2019-08-19,2020-09-05,0.2
ED103128,Female,50,No,No,School Administrator,Wheatbelt,Permanent Full-Time,Active,2015-06-14,,1.0
ED103129,Female,47,No,No,Education Assistant,North Metro,Permanent Part-Time,Terminated,2004-03-12,2010-08-26,0.6
ED103130,Female,43,No,No,Education Assistant,Mid West,Permanent Part-Time,Active,2012-12-17,,0.6
ED103131,Female,37,No,No,Education Assistant,South Metro,Permanent Full-Time,Active,2011-03-27,,1.0
ED103132,Female,36,No,No,School Administrator,Great Southern,Permanent Full-Time,Terminated,2012-01-30,2014-08-05,1.0
ED103133,Female,47,No,No,Teacher,South Metro,Permanent Full-Time,Active,2005-10-22,,1.0
ED103134,Female,51,No,No,Teacher,Goldfields,Permanent Full-Time,Active,2016-02-11,,1.0
ED103135,Non-binary,42,No,No,Lead Teacher,North Metro,Permanent Full-Time,Active,2006-04-15,,1.0
ED103136,Male,47,No,No,Education Assistant,South Metro,Fixed Term,Active,2017-07-06,,1.0
ED103137,Female,43,No,No,Education Assistant,Great Southern,Permanent Part-Time,Terminated,2020-05-19,2022-09-04,0.6
ED103138,Male,45,No,No,Teacher,South Metro,Fixed Term,Active,2012-03-26,,1.0
ED103139,Female,41,No,No,Teacher,North Metro,Fixed Term,Active,2010-12-27,,1.0
ED103140,Male,44,No,No,Teacher,North Metro,Fixed Term,Terminated,2011-12-28,2022-05-04,1.0
ED103141,Female,67,No,No,School Administrator,Kimberley,Permanent Full-Time,Terminated,1994-08-21,2001-06-22,1.0
ED103142,Female,47,No,No,Lead Teacher,South Metro,Permanent Full-Time,Active,2023-10-14,,1.0
ED103143,Female,51,No,Yes,Teacher,South Metro,Permanent Full-Time,Active,2010-07-05,,1.0
ED103144,Female,49,No,No,Teacher,South West,Permanent Part-Time,Active,2014-06-07,,0.6
ED103145,Male,40,No,No,Teacher,North Metro,Permanent Full-Time,Active,2023-05-01,,1.0
ED103146,Male,59,No,No,Aboriginal Education Officer,North Metro,Fixed Term,Active,2010-06-28,,1.0
ED103147,Female,40,No,No,Principal,South West,Casual,Active,2020-07-26,,0.2
ED103148,Female,56,No,No,Education Assistant,North Metro,Permanent Full-Time,Active,2023-10-19,,1.0
ED103149,Male,39,No,No,Teacher,North Metro,Permanent Full-Time,Terminated,2013-04-04,2014-12-02,1.0
ED103150,Female,32,No,No,Lead Teacher,South Metro,Fixed Term,Active,2017-11-07,,1.0
ED103151,Female,48,No,No,Teacher,Wheatbelt,Permanent Full-Time,Active,2008-03-17,,1.0
ED103152,Female,30,No,No,Deputy Principal,North Metro,Permanent Full-Time,Active,2020-06-15,,1.0
ED103153,Female,50,No,No,Teacher,South West,Fixed Term,Active,2016-04-11,,1.0
ED103154,Female,29,No,No,Teacher,Mid West,Permanent Part-Time,Active,2025-10-02,,0.6
ED103155,Female,40,No,No,Lead Teacher,North Metro,Permanent Full-Time,Active,2015-01-29,,1.0
ED103156,Female,26,No,No,School Administrator,Kimberley,Fixed Term,Active,2021-06-27,,1.0
ED103157,Female,67,No,No,Teacher,South Metro,Permanent Full-Time,Active,2010-05-20,,1.0
ED103158,Male,24,No,No,Education Assistant,South Metro,Permanent Part-Time,Terminated,2024-04-17,2025-01-17,0.6
ED103159,Female,44,Yes,No,Teacher,Mid West,Permanent Part-Time,Active,2005-05-04,,0.6
ED103160,Female,57,No,No,Teacher,Great Southern,Permanent Full-Time,Active,2025-08-18,,1.0
ED103161,Female,56,No,No,Teacher,North Metro,Permanent Full-Time,Active,2008-07-13,,1.0
ED103162,Female,54,No,No,Teacher,South Metro,Fixed Term,Active,2000-01-08,,1.0
ED103163,Female,40,No,No,Teacher,South Metro,Permanent Full-Time,Active,2010-08-24,,1.0
ED103164,Female,60,No,No,Teacher,South Metro,Permanent Full-Time,Active,2016-01-28,,1.0
ED103165,Female,54,No,No,Teacher,South Metro,Permanent Full-Time,Active,2006-04-16,,1.0
ED103166,Female,46,Yes,No,School Administrator,North Metro,Permanent Full-Time,Active,2015-05-10,,1.0
ED103167,Female,46,No,No,Teacher,Goldfields,Fixed Term,Active,2005-04-22,,1.0
ED103168,Female,40,No,No,Education Assistant,South Metro,Permanent Full-Time,Active,2012-11-25,,1.0
ED103169,Female,33,No,No,Teacher,North Metro,Permanent Part-Time,Active,2024-06-06,,0.6
ED103170,Female,58,No,No,Principal,Mid West,Permanent Full-Time,Active,2005-10-27,,1.0
ED103171,Female,59,No,No,Teacher,Mid West,Fixed Term,Active,1991-09-30,,1.0
ED103172,Female,33,No,No,Teacher,South Metro,Permanent Full-Time,Active,2015-08-18,,1.0
ED103173,Male,42,No,No,Teacher,North Metro,Permanent Full-Time,Active,2018-07-15,,1.0
ED103174,Female,42,No,No,Teacher,South Metro,Casual,Active,2021-01-19,,0.2
ED103175,Male,43,No,No,Teacher,North Metro,Permanent Full-Time,Active,2023-02-06,,1.0
ED103176,Male,44,No,No,Principal,North Metro,Permanent Full-Time,Terminated,2004-08-10,2017-09-12,1.0
ED103177,Female,55,No,No,Aboriginal Education Officer,Pilbara,Casual,Active,2021-05-02,,0.2
ED103178,Female,35,No,No,Education Assistant,North Metro,Permanent Part-Time,Active,2021-03-02,,0.6
ED103179,Female,33,No,No,Deputy Principal,North Metro,Permanent Part-Time,Active,2022-12-19,,0.6
ED103180,Female,58,No,No,Teacher,North Metro,Permanent Full-Time,Active,1996-01-10,,1.0
ED103181,Female,38,Yes,No,Teacher,North Metro,Permanent Full-Time,Terminated,2018-05-07,2023-07-15,1.0
ED103182,Female,28,Yes,No,Teacher,North Metro,Permanent Full-Time,Active,2020-12-09,,1.0
ED103183,Female,38,No,No,Teacher,Great Southern,Casual,Active,2009-07-30,,0.2
ED103184,Female,40,No,No,Teacher,North Metro,Casual,Active,2018-04-19,,0.2
ED103185,Male,62,No,No,Teacher,North Metro,Permanent Full-Time,Terminated,1992-09-01,2017-06-15,1.0
ED103186,Female,55,No,No,Teacher,North Metro,Permanent Full-Time,Active,1994-06-18,,1.0
ED103187,Male,57,Yes,No,Teacher,South West,Permanent Full-Time,Active,2005-06-01,,1.0
ED103188,Male,53,No,No,Education Assistant,South Metro,Permanent Full-Time,Active,2014-08-27,,1.0
ED103189,Male,55,No,No,Education Assistant,South Metro,Permanent Full-Time,Active,2022-02-20,,1.0
ED103190,Male,35,No,No,Teacher,Wheatbelt,Permanent Part-Time,Active,2020-08-18,,0.6
ED103191,Female,41,No,No,Aboriginal Education Officer,South Metro,Fixed Term,Active,2017-01-29,,1.0
ED103192,Female,32,No,No,School Administrator,North Metro,Permanent Part-Time,Active,2018-08-16,,0.6
ED103193,Female,41,No,No,Teacher,North Metro,Permanent Part-Time,Active,2019-01-03,,0.6
ED103194,Female,52,No,No,Teacher,South Metro,Permanent Part-Time,Active,2017-01-15,,0.6
ED103195,Male,45,No,No,Teacher,North Metro,Permanent Part-Time,Active,2021-09-02,,0.6
ED103196,Non-binary,59,No,No,School Administrator,Goldfields,Permanent Full-Time,Active,2000-09-18,,1.0
ED103197,Female,30,No,No,Education Assistant,North Metro,Permanent Full-Time,Active,2021-10-20,,1.0
ED103198,Female,50,No,No,Teacher,South Metro,Permanent Full-Time,Active,2019-11-29,,1.0
ED103199,Female,29,No,No,Teacher,North Metro,Permanent Part-Time,Active,2021-03-22,,0.6
ED103200,Female,45,No,No,Lead Teacher,North Metro,Casual,Active,2005-04-09,,0.2
ED103201,Female,52,No,No,Teacher,South Metro,Permanent Full-Time,Active,1996-04-03,,1.0
ED103202,Female,41,No,No,Teacher,South West,Fixed Term,Active,2010-08-29,,1.0
ED103203,Male,50,No,No,Education Assistant,South Metro,Permanent Full-Time,Active,2018-05-16,,1.0
ED103204,Female,32,No,No,Principal,Goldfields,Permanent Part-Time,Active,2018-07-06,,0.6
ED103205,Male,24,No,No,Education Assistant,North Metro,Fixed Term,Active,2025-03-07,,1.0
ED103206,Female,50,No,No,Education Assistant,North Metro,Permanent Part-Time,Active,2022-01-19,,0.6
ED103207,Male,64,No,No,Education Assistant,North Metro,Fixed Term,Active,2003-09-26,,1.0
ED103208,Female,32,No,No,Teacher,North Metro,Permanent Full-Time,Active,2024-06-01,,1.0
ED103209,Male,58,No,No,Lead Teacher,North Metro,Permanent Full-Time,Active,1992-01-19,,1.0
ED103210,Female,44,No,No,Teacher,North Metro,Permanent Full-Time,Terminated,2022-05-02,2025-02-09,1.0
ED103211,Female,27,Yes,No,Principal,Pilbara,Permanent Full-Time,Terminated,2020-12-22,2024-03-10,1.0
ED103212,Female,30,No,No,Teacher,North Metro,Fixed Term,Active,2020-06-27,,1.0
ED103213,Male,44,No,No,Deputy Principal,South Metro,Permanent Full-Time,Active,2004-06-11,,1.0
ED103214,Female,39,No,No,Teacher,South Metro,Permanent Part-Time,Active,2024-11-04,,0.6
ED103215,Female,28,No,No,Teacher,South Metro,Permanent Part-Time,Active,2024-09-29,,0.6
ED103216,Female,23,No,No,Teacher,South Metro,Permanent Full-Time,Active,2025-12-29,,1.0
ED103217,Female,33,No,No,Teacher,North Metro,Permanent Full-Time,Active,2016-03-13,,1.0
ED103218,Male,46,No,No,Deputy Principal,North Metro,Permanent Full-Time,Active,2015-03-12,,1.0
ED103219,Female,43,Yes,No,Education Assistant,Pilbara,Permanent Full-Time,Active,2018-09-19,,1.0
ED103220,Female,37,No,No,Teacher,Wheatbelt,Permanent Full-Time,Active,2014-11-08,,1.0
ED103221,Male,46,No,No,Teacher,North Metro,Permanent Full-Time,Active,2009-06-24,,1.0
ED103222,Male,56,No,No,Teacher,North Metro,Permanent Full-Time,Active,2016-03-10,,1.0
ED103223,Male,48,No,No,Teacher,South West,Permanent Part-Time,Active,2000-09-02,,0.6
ED103224,Female,42,No,No,Teacher,North Metro,Permanent Part-Time,Active,2014-11-12,,0.6
ED103225,Female,55,No,No,Aboriginal Education Officer,South Metro,Permanent Part-Time,Active,2020-03-28,,0.6
ED103226,Female,32,No,No,Teacher,South Metro,Permanent Full-Time,Active,2020-03-04,,1.0
ED103227,Female,41,No,No,Teacher,North Metro,Casual,Active,2011-04-22,,0.2
ED103228,Female,41,No,No,Teacher,South Metro,Fixed Term,Active,2023-01-29,,1.0
ED103229,Female,29,No,No,Teacher,South Metro,Casual,Active,2021-06-27,,0.2
ED103230,Female,38,No,No,Teacher,North Metro,Permanent Full-Time,Active,2021-03-20,,1.0
ED103231,Female,21,No,No,Lead Teacher,South Metro,Fixed Term,Active,2025-08-13,,1.0
ED103232,Male,66,No,No,Teacher,Mid West,Permanent Part-Time,Terminated,2011-09-06,2023-07-26,0.6
ED103233,Female,32,No,No,Teacher,South Metro,Permanent Full-Time,Active,2024-11-12,,1.0
ED103234,Female,63,No,No,Teacher,North Metro,Permanent Full-Time,Active,2005-12-14,,1.0
ED103235,Male,44,No,No,Teacher,South Metro,Permanent Part-Time,Active,2004-05-31,,0.6
ED103236,Female,50,No,No,Teacher,Kimberley,Permanent Full-Time,Active,2025-12-24,,1.0
ED103237,Female,38,No,No,School Administrator,Mid West,Permanent Full-Time,Terminated,2014-04-23,2019-09-14,1.0
ED103238,Male,46,No,No,Lead Teacher,South Metro,Permanent Full-Time,Active,2018-01-17,,1.0
ED103239,Male,51,No,No,Lead Teacher,North Metro,Permanent Part-Time,Active,2011-05-14,,0.6
ED103240,Female,51,No,No,Teacher,Kimberley,Fixed Term,Active,2020-02-23,,1.0
ED103241,Female,53,No,No,Teacher,Goldfields,Permanent Full-Time,Active,2008-04-13,,1.0
ED103242,Female,39,No,No,Teacher,North Metro,Permanent Part-Time,Active,2016-09-12,,0.6
ED103243,Female,38,No,No,Deputy Principal,South Metro,Permanent Full-Time,Terminated,2015-11-30,2021-11-17,1.0
ED103244,Male,24,No,No,Deputy Principal,North Metro,Permanent Part-Time,Active,2024-06-11,,0.6
ED103245,Female,50,No,No,Teacher,Goldfields,Permanent Full-Time,Active,2011-07-16,,1.0
ED103246,Female,56,No,No,Teacher,North Metro,Fixed Term,Active,2023-11-07,,1.0
ED103247,Female,63,No,No,Teacher,South Metro,Permanent Full-Time,Active,2001-03-24,,1.0
ED103248,Female,47,No,No,Education Assistant,South West,Permanent Full-Time,Active,2019-06-15,,1.0
ED103249,Female,34,Yes,No,Lead Teacher,Mid West,Permanent Full-Time,Active,2022-04-13,,1.0
ED103250,Male,23,No,No,Teacher,South West,Fixed Term,Active,2024-10-11,,1.0
ED103251,Female,56,No,No,Teacher,Great Southern,Casual,Active,2019-04-18,,0.2
ED103252,Female,22,No,No,Lead Teacher,North Metro,Permanent Full-Time,Active,2026-04-03,,1.0
ED103253,Female,39,No,No,Teacher,South Metro,Permanent Full-Time,Active,2011-05-22,,1.0
ED103254,Female,41,No,No,Teacher,South Metro,Permanent Part-Time,Active,2016-01-14,,0.6
ED103255,Female,43,No,No,Teacher,Wheatbelt,Fixed Term,Active,2013-10-10,,1.0
ED103256,Female,44,No,No,Deputy Principal,North Metro,Permanent Full-Time,Active,2019-06-14,,1.0
ED103257,Female,45,No,No,Teacher,Great Southern,Permanent Full-Time,Active,2024-10-23,,1.0
ED103258,Female,21,No,No,Teacher,South Metro,Permanent Full-Time,Active,2026-03-09,,1.0
ED103259,Female,44,No,No,Aboriginal Education Officer,Mid West,Permanent Full-Time,Active,2024-12-12,,1.0
ED103260,Male,21,No,No,Teacher,North Metro,Permanent Full-Time,Active,2025-12-06,,1.0
ED103261,Female,52,Yes,No,Teacher,North Metro,Permanent Full-Time,Active,2003-05-17,,1.0
ED103262,Female,37,No,No,Teacher,Pilbara,Permanent Full-Time,Terminated,2021-08-06,2022-07-22,1.0
ED103263,Female,21,No,No,Teacher,North Metro,Permanent Part-Time,Active,2026-02-05,,0.6
ED103264,Female,34,No,No,Education Assistant,Mid West,Casual,Active,2016-06-21,,0.2
ED103265,Male,37,No,No,Teacher,North Metro,Fixed Term,Active,2016-04-22,,1.0
ED103266,Female,58,No,No,Teacher,Goldfields,Permanent Part-Time,Active,2004-03-06,,0.6
ED103267,Male,46,No,No,Lead Teacher,South Metro,Fixed Term,Active,2008-03-07,,1.0
ED103268,Male,48,No,No,Lead Teacher,South Metro,Permanent Full-Time,Active,2004-08-13,,1.0
ED103269,Male,58,No,No,Deputy Principal,Kimberley,Permanent Part-Time,Active,2025-09-01,,0.6
ED103270,Female,42,No,No,Teacher,North Metro,Permanent Full-Time,Active,2020-12-15,,1.0
ED103271,Female,53,No,No,Teacher,North Metro,Permanent Part-Time,Active,2017-05-04,,0.6
ED103272,Female,52,Yes,No,Deputy Principal,North Metro,Casual,Active,2001-09-06,,0.2
ED103273,Female,28,No,No,Teacher,South Metro,Fixed Term,Active,2023-07-31,,1.0
ED103274,Female,61,No,No,Education Assistant,South Metro,Permanent Full-Time,Active,2008-02-03,,1.0
ED103275,Female,26,No,No,Education Assistant,Pilbara,Permanent Part-Time,Active,2025-08-24,,0.6
ED103276,Female,55,No,No,Education Assistant,South Metro,Fixed Term,Active,2011-03-19,,1.0
ED103277,Female,25,No,No,Teacher,South Metro,Permanent Full-Time,Active,2024-12-02,,1.0
ED103278,Female,51,No,No,Teacher,South Metro,Permanent Part-Time,Terminated,2017-03-28,2019-06-07,0.6
ED103279,Male,66,No,No,Education Assistant,North Metro,Permanent Full-Time,Active,2024-10-11,,1.0
ED103280,Male,41,No,No,Teacher,North Metro,Fixed Term,Terminated,2023-05-20,2024-07-09,1.0
ED103281,Female,40,No,No,Teacher,Great Southern,Permanent Full-Time,Active,2018-09-21,,1.0
ED103282,Female,51,No,No,Education Assistant,Wheatbelt,Permanent Full-Time,Active,2010-02-27,,1.0
ED103283,Female,40,No,No,Aboriginal Education Officer,North Metro,Permanent Part-Time,Active,2025-01-28,,0.6
ED103284,Female,65,No,No,Teacher,South Metro,Permanent Full-Time,Active,1996-03-21,,1.0
ED103285,Male,46,No,No,Teacher,Wheatbelt,Permanent Full-Time,Terminated,2011-07-01,2025-02-28,1.0
ED103286,Male,40,No,No,Teacher,South Metro,Permanent Full-Time,Active,2013-12-31,,1.0
ED103287,Female,37,No,No,Education Assistant,North Metro,Fixed Term,Active,2016-10-30,,1.0
ED103288,Female,32,No,No,Aboriginal Education Officer,North Metro,Permanent Full-Time,Terminated,2022-04-24,2023-09-24,1.0
ED103289,Female,36,No,No,Teacher,South Metro,Fixed Term,Active,2017-06-30,,1.0
ED103290,Female,39,No,No,Teacher,Great Southern,Fixed Term,Active,2025-01-21,,1.0
ED103291,Female,38,No,No,Education Assistant,Kimberley,Permanent Full-Time,Active,2011-03-02,,1.0
ED103292,Female,36,No,No,Teacher,North Metro,Permanent Part-Time,Terminated,2013-12-17,2020-07-03,0.6
ED103293,Female,67,No,No,Teacher,North Metro,Permanent Full-Time,Terminated,2012-10-14,2025-03-10,1.0
ED103294,Female,31,No,No,School Administrator,Mid West,Permanent Full-Time,Active,2023-04-25,,1.0
ED103295,Female,45,No,No,Teacher,Wheatbelt,Permanent Full-Time,Active,2003-10-13,,1.0
ED103296,Male,51,No,No,Lead Teacher,South Metro,Permanent Full-Time,Active,2025-01-08,,1.0
ED103297,Male,51,No,No,Teacher,South Metro,Permanent Full-Time,Active,2009-10-31,,1.0
ED103298,Female,43,No,No,Teacher,North Metro,Permanent Full-Time,Active,2009-12-29,,1.0
ED103299,Female,41,No,No,Education Assistant,Wheatbelt,Permanent Part-Time,Active,2025-07-06,,0.6
ED103300,Female,49,No,No,Teacher,Mid West,Permanent Full-Time,Active,2004-04-07,,1.0
ED103301,Female,47,No,No,School Administrator,North Metro,Fixed Term,Active,2007-09-20,,1.0
ED103302,Female,40,Yes,No,Lead Teacher,Kimberley,Permanent Full-Time,Active,2024-06-19,,1.0
ED103303,Male,25,No,No,Teacher,North Metro,Permanent Full-Time,Terminated,2022-05-28,2025-04-27,1.0
ED103304,Female,38,No,No,Teacher,North Metro,Permanent Full-Time,Active,2022-09-16,,1.0
ED103305,Female,30,No,No,Teacher,North Metro,Permanent Full-Time,Active,2018-08-11,,1.0
ED103306,Female,35,No,No,Teacher,North Metro,Permanent Part-Time,Terminated,2017-04-13,2018-09-09,0.6
ED103307,Male,44,No,No,Teacher,North Metro,Permanent Full-Time,Terminated,2010-12-29,2018-10-24,1.0
ED103308,Male,48,No,No,Teacher,South Metro,Permanent Full-Time,Active,2004-02-25,,1.0
ED103309,Female,65,No,No,Teacher,South Metro,Permanent Full-Time,Terminated,1999-09-06,2014-03-19,1.0
ED103310,Female,37,No,No,Deputy Principal,South Metro,Permanent Full-Time,Active,2012-09-28,,1.0
ED103311,Female,53,No,No,Principal,North Metro,Permanent Full-Time,Active,1997-09-03,,1.0
ED103312,Female,47,No,No,Deputy Principal,North Metro,Permanent Full-Time,Active,2015-06-17,,1.0
ED103313,Female,59,No,No,Teacher,South Metro,Permanent Full-Time,Terminated,2004-03-29,2004-11-06,1.0
ED103314,Female,50,No,No,Teacher,South Metro,Permanent Full-Time,Active,2010-03-20,,1.0
ED103315,Female,31,No,No,Principal,North Metro,Permanent Full-Time,Active,2017-06-18,,1.0
ED103316,Female,23,No,No,Teacher,Wheatbelt,Permanent Part-Time,Active,2024-08-30,,0.6
ED103317,Female,47,No,No,Teacher,Pilbara,Permanent Full-Time,Active,2022-10-14,,1.0
ED103318,Male,37,No,No,Education Assistant,Wheatbelt,Permanent Full-Time,Active,2013-08-23,,1.0
ED103319,Female,32,No,No,Education Assistant,South Metro,Permanent Full-Time,Active,2016-07-11,,1.0
ED103320,Female,28,No,No,Teacher,North Metro,Permanent Full-Time,Active,2023-06-09,,1.0
ED103321,Female,45,No,No,Teacher,Kimberley,Permanent Full-Time,Active,2009-07-27,,1.0
ED103322,Female,62,No,No,Education Assistant,North Metro,Permanent Full-Time,Terminated,2020-07-21,2025-01-28,1.0
ED103323,Female,39,No,No,Lead Teacher,South Metro,Permanent Full-Time,Active,2024-04-15,,1.0
ED103324,Female,51,No,No,Education Assistant,North Metro,Permanent Full-Time,Active,2017-01-19,,1.0
ED103325,Female,42,No,No,Education Assistant,Wheatbelt,Fixed Term,Terminated,2022-09-23,2025-03-01,1.0
ED103326,Female,28,No,No,Education Assistant,North Metro,Fixed Term,Active,2021-06-18,,1.0
ED103327,Female,52,No,No,Teacher,South West,Permanent Full-Time,Active,1998-07-28,,1.0
ED103328,Female,30,No,No,Teacher,Wheatbelt,Permanent Full-Time,Active,2024-09-25,,1.0
ED103329,Male,44,No,No,Principal,South Metro,Permanent Part-Time,Active,2003-10-26,,0.6
ED103330,Female,39,No,No,Lead Teacher,Pilbara,Fixed Term,Active,2016-08-07,,1.0
ED103331,Female,54,No,No,Education Assistant,South Metro,Casual,Active,2014-07-13,,0.2
ED103332,Female,31,No,No,Teacher,Mid West,Permanent Full-Time,Active,2019-05-27,,1.0
ED103333,Male,48,No,No,Teacher,South Metro,Permanent Full-Time,Active,2025-12-07,,1.0
ED103334,Female,33,No,No,Aboriginal Education Officer,Mid West,Permanent Part-Time,Terminated,2020-02-24,2020-11-03,0.6
ED103335,Male,37,No,No,Education Assistant,South Metro,Fixed Term,Active,2022-08-16,,1.0
ED103336,Male,21,No,No,Aboriginal Education Officer,South West,Permanent Full-Time,Active,2025-11-08,,1.0
ED103337,Female,67,No,No,Education Assistant,South Metro,Permanent Part-Time,Active,2011-05-14,,0.6
ED103338,Female,50,No,No,Lead Teacher,South Metro,Permanent Full-Time,Active,2019-01-24,,1.0
ED103339,Female,34,No,No,Principal,Mid West,Permanent Full-Time,Active,2021-04-15,,1.0
ED103340,Male,30,No,No,Aboriginal Education Officer,Wheatbelt,Permanent Full-Time,Active,2020-02-23,,1.0
ED103341,Female,38,No,No,Lead Teacher,South Metro,Permanent Full-Time,Active,2009-07-21,,1.0
ED103342,Female,52,No,No,Lead Teacher,North Metro,Permanent Part-Time,Active,2012-01-25,,0.6
ED103343,Female,21,No,No,Teacher,South Metro,Permanent Part-Time,Active,2025-07-28,,0.6
ED103344,Female,42,No,No,Teacher,Great Southern,Fixed Term,Active,2014-08-08,,1.0
ED103345,Female,65,No,No,Deputy Principal,Pilbara,Permanent Full-Time,Active,2019-01-24,,1.0
ED103346,Female,30,No,No,Teacher,Mid West,Permanent Full-Time,Active,2024-11-07,,1.0
ED103347,Female,44,Yes,No,Teacher,North Metro,Permanent Full-Time,Active,2005-09-14,,1.0
ED103348,Female,67,No,No,Teacher,South Metro,Permanent Full-Time,Active,2001-03-18,,1.0
ED103349,Female,51,No,No,Teacher,South Metro,Permanent Part-Time,Active,2012-04-08,,0.6
ED103350,Male,45,No,No,Teacher,Wheatbelt,Permanent Full-Time,Active,2024-08-17,,1.0
ED103351,Female,50,Yes,No,Teacher,North Metro,Permanent Full-Time,Active,2002-10-30,,1.0
ED103352,Male,39,No,No,Aboriginal Education Officer,Wheatbelt,Permanent Full-Time,Active,2009-10-10,,1.0
ED103353,Female,59,No,No,Teacher,South Metro,Permanent Full-Time,Active,2008-11-08,,1.0
ED103354,Female,39,No,No,Teacher,North Metro,Permanent Part-Time,Terminated,2010-09-14,2011-10-20,0.6
ED103355,Male,21,No,No,Teacher,North Metro,Permanent Full-Time,Active,2025-08-26,,1.0
ED103356,Female,39,No,No,Deputy Principal,North Metro,Fixed Term,Active,2012-11-08,,1.0
ED103357,Non-binary,32,Yes,No,Teacher,South Metro,Permanent Part-Time,Active,2019-02-16,,0.6
ED103358,Male,40,No,No,Education Assistant,North Metro,Permanent Full-Time,Active,2019-10-23,,1.0
ED103359,Female,40,No,Yes,Principal,North Metro,Permanent Full-Time,Active,2023-08-01,,1.0
ED103360,Female,58,No,No,Education Assistant,Mid West,Permanent Part-Time,Active,2011-09-21,,0.6
ED103361,Female,52,No,No,Teacher,North Metro,Permanent Full-Time,Active,2021-10-01,,1.0
ED103362,Female,47,No,No,Deputy Principal,North Metro,Permanent Part-Time,Active,2002-03-16,,0.6
ED103363,Female,43,Yes,No,Teacher,South Metro,Permanent Full-Time,Active,2006-03-15,,1.0
ED103364,Female,31,No,No,School Administrator,South Metro,Permanent Full-Time,Active,2025-05-01,,1.0
ED103365,Female,21,No,No,Lead Teacher,Pilbara,Fixed Term,Active,2025-11-24,,1.0
ED103366,Female,45,No,No,Teacher,South Metro,Permanent Full-Time,Active,2006-09-17,,1.0
ED103367,Male,53,No,No,Teacher,Mid West,Permanent Full-Time,Terminated,2023-04-12,2024-05-23,1.0
ED103368,Male,42,No,No,Teacher,South Metro,Permanent Full-Time,Active,2020-11-11,,1.0
ED103369,Female,37,No,No,Deputy Principal,North Metro,Permanent Full-Time,Active,2010-09-26,,1.0
ED103370,Male,49,No,No,Teacher,North Metro,Permanent Full-Time,Active,2003-03-19,,1.0
ED103371,Female,43,No,No,Lead Teacher,South Metro,Permanent Full-Time,Active,2008-10-25,,1.0
ED103372,Female,64,No,No,Teacher,South Metro,Permanent Full-Time,Active,2002-03-13,,1.0
ED103373,Female,58,No,No,Principal,Pilbara,Fixed Term,Active,1994-03-17,,1.0
ED103374,Female,55,No,No,Education Assistant,South Metro,Permanent Full-Time,Active,1996-07-10,,1.0
ED103375,Female,53,No,No,Education Assistant,South Metro,Permanent Full-Time,Active,2021-03-03,,1.0
ED103376,Male,28,No,No,Education Assistant,North Metro,Permanent Full-Time,Active,2024-10-23,,1.0
ED103377,Male,51,No,No,Teacher,North Metro,Permanent Full-Time,Active,2003-06-04,,1.0
ED103378,Female,48,Yes,No,Teacher,South Metro,Permanent Full-Time,Active,2009-04-21,,1.0
ED103379,Male,51,No,No,Deputy Principal,South Metro,Permanent Full-Time,Terminated,2007-11-18,2015-10-13,1.0
ED103380,Female,49,No,No,Teacher,South Metro,Fixed Term,Active,2018-08-13,,1.0
ED103381,Female,49,No,No,Teacher,North Metro,Permanent Full-Time,Active,2002-12-25,,1.0
ED103382,Male,67,No,No,Teacher,Goldfields,Permanent Full-Time,Active,2002-12-07,,1.0
ED103383,Female,43,No,Yes,Teacher,Wheatbelt,Permanent Part-Time,Active,2008-08-18,,0.6
ED103384,Female,55,No,No,Teacher,North Metro,Permanent Full-Time,Active,1997-05-10,,1.0
ED103385,Female,38,No,No,Education Assistant,South Metro,Permanent Part-Time,Active,2018-10-13,,0.6
ED103386,Female,53,No,No,Teacher,Great Southern,Permanent Full-Time,Terminated,2021-05-12,2022-08-03,1.0
ED103387,Female,55,No,No,Lead Teacher,North Metro,Permanent Part-Time,Active,1996-01-25,,0.6
ED103388,Female,48,No,No,Teacher,South Metro,Permanent Part-Time,Active,2001-10-12,,0.6
ED103389,Female,64,No,No,Principal,North Metro,Fixed Term,Active,2015-08-03,,1.0
ED103390,Female,33,No,No,Teacher,South Metro,Permanent Full-Time,Active,2024-02-15,,1.0
ED103391,Female,38,No,No,Aboriginal Education Officer,North Metro,Fixed Term,Active,2015-01-25,,1.0
ED103392,Female,46,No,No,Aboriginal Education Officer,South West,Permanent Full-Time,Active,2026-03-16,,1.0
ED103393,Male,54,No,No,Teacher,Kimberley,Permanent Part-Time,Active,2001-06-14,,0.6
ED103394,Female,46,No,No,Aboriginal Education Officer,Mid West,Permanent Full-Time,Active,2009-03-21,,1.0
ED103395,Female,59,No,No,School Administrator,Kimberley,Permanent Full-Time,Active,2013-07-05,,1.0
ED103396,Female,36,No,No,Education Assistant,South Metro,Permanent Full-Time,Active,2014-09-16,,1.0
ED103397,Female,30,No,No,Education Assistant,South Metro,Permanent Full-Time,Active,2020-10-16,,1.0
ED103398,Female,47,No,No,Teacher,Wheatbelt,Permanent Full-Time,Active,2017-01-22,,1.0
ED103399,Female,43,No,No,Lead Teacher,South West,Permanent Part-Time,Active,2012-12-21,,0.6
ED103400,Male,50,No,No,Teacher,South Metro,Permanent Full-Time,Active,2006-04-30,,1.0
ED103401,Female,43,No,No,Teacher,South West,Permanent Part-Time,Active,2007-03-16,,0.6
ED103402,Female,39,No,No,School Administrator,South Metro,Permanent Full-Time,Active,2019-07-26,,1.0
ED103403,Female,43,Yes,No,Teacher,South Metro,Permanent Full-Time,Active,2025-08-18,,1.0
ED103404,Female,44,No,No,Education Assistant,South Metro,Permanent Full-Time,Active,2024-11-13,,1.0
ED103405,Female,40,No,No,Education Assistant,North Metro,Permanent Full-Time,Terminated,2014-06-24,2016-03-27,1.0
ED103406,Female,41,Yes,No,Education Assistant,North Metro,Permanent Full-Time,Active,2018-03-12,,1.0
ED103407,Male,39,No,No,School Administrator,North Metro,Casual,Active,2010-02-09,,0.2
ED103408,Female,54,No,No,Teacher,South Metro,Permanent Full-Time,Active,1998-07-03,,1.0
ED103409,Male,46,No,No,Teacher,South Metro,Permanent Part-Time,Active,2025-06-24,,0.6
ED103410,Female,67,No,No,Teacher,South Metro,Permanent Full-Time,Active,1994-12-15,,1.0
ED103411,Female,45,No,No,Teacher,Great Southern,Fixed Term,Active,2017-01-13,,1.0
ED103412,Female,37,No,No,Teacher,South Metro,Permanent Full-Time,Active,2013-03-26,,1.0
ED103413,Female,67,No,No,Teacher,South Metro,Fixed Term,Active,1992-04-18,,1.0
ED103414,Male,48,No,No,Education Assistant,North Metro,Permanent Full-Time,Terminated,2006-07-02,2024-05-03,1.0
ED103415,Female,55,No,No,Lead Teacher,North Metro,Permanent Full-Time,Terminated,2023-03-06,2025-02-05,1.0
ED103416,Female,51,No,No,Teacher,Mid West,Permanent Full-Time,Active,2002-01-29,,1.0
ED103417,Male,51,No,No,Principal,South Metro,Permanent Full-Time,Active,1999-02-12,,1.0
ED103418,Male,50,No,No,Teacher,Pilbara,Permanent Full-Time,Active,2012-08-25,,1.0
ED103419,Male,30,No,No,Teacher,North Metro,Permanent Full-Time,Active,2018-01-30,,1.0
ED103420,Male,48,No,No,Education Assistant,South Metro,Permanent Part-Time,Terminated,2018-10-17,2023-11-19,0.6
ED103421,Female,28,No,No,Lead Teacher,North Metro,Permanent Full-Time,Active,2019-09-25,,1.0
ED103422,Male,41,No,No,Education Assistant,North Metro,Permanent Full-Time,Active,2015-06-13,,1.0
ED103423,Female,35,No,No,Teacher,North Metro,Permanent Full-Time,Active,2018-10-20,,1.0
ED103424,Male,48,No,No,Education Assistant,North Metro,Permanent Part-Time,Active,2023-12-21,,0.6
ED103425,Male,48,No,No,Lead Teacher,North Metro,Permanent Full-Time,Terminated,2016-12-24,2020-02-14,1.0
ED103426,Female,49,No,No,Lead Teacher,North Metro,Permanent Full-Time,Active,2001-02-01,,1.0
ED103427,Male,47,No,No,Lead Teacher,Great Southern,Permanent Full-Time,Active,2012-11-10,,1.0
ED103428,Female,36,No,No,Education Assistant,North Metro,Permanent Full-Time,Active,2023-04-28,,1.0
ED103429,Female,40,No,No,Lead Teacher,North Metro,Permanent Full-Time,Active,2013-04-04,,1.0
ED103430,Female,55,No,No,Lead Teacher,North Metro,Fixed Term,Active,2017-12-17,,1.0
ED103431,Male,56,No,No,School Administrator,South Metro,Permanent Full-Time,Active,1994-05-03,,1.0
ED103432,Female,30,No,No,Education Assistant,North Metro,Permanent Full-Time,Terminated,2021-07-16,2023-08-16,1.0
ED103433,Female,25,No,No,Teacher,Wheatbelt,Permanent Part-Time,Active,2025-01-19,,0.6
ED103434,Female,35,No,Yes,Deputy Principal,Great Southern,Permanent Full-Time,Terminated,2021-04-03,2025-10-30,1.0
ED103435,Male,56,No,No,Teacher,North Metro,Permanent Part-Time,Active,2018-10-03,,0.6
ED103436,Female,58,No,No,Teacher,South Metro,Casual,Terminated,2006-04-10,2016-02-01,0.2
ED103437,Male,32,No,No,Lead Teacher,North Metro,Casual,Active,2017-09-11,,0.2
ED103438,Male,47,No,No,School Administrator,South Metro,Permanent Full-Time,Active,2012-08-03,,1.0
ED103439,Female,66,No,No,School Administrator,South Metro,Permanent Full-Time,Terminated,1996-01-26,2025-09-14,1.0
ED103440,Female,48,No,No,Teacher,North Metro,Fixed Term,Active,2006-09-10,,1.0
ED103441,Male,61,No,No,Teacher,North Metro,Permanent Full-Time,Terminated,2018-01-20,2022-07-09,1.0
ED103442,Male,55,No,No,Teacher,Goldfields,Permanent Full-Time,Terminated,1999-03-10,2001-08-18,1.0
ED103443,Male,33,No,No,School Administrator,South Metro,Permanent Full-Time,Terminated,2023-09-15,2025-08-09,1.0
ED103444,Female,41,No,No,School Administrator,North Metro,Permanent Full-Time,Active,2019-02-26,,1.0
ED103445,Male,44,No,No,Lead Teacher,Goldfields,Casual,Active,2020-05-15,,0.2
ED103446,Female,45,No,No,Education Assistant,South Metro,Permanent Part-Time,Active,2021-09-25,,0.6
ED103447,Female,54,No,No,Deputy Principal,Wheatbelt,Permanent Full-Time,Terminated,1995-04-19,2018-10-31,1.0
ED103448,Male,48,No,No,Lead Teacher,North Metro,Fixed Term,Active,2023-12-28,,1.0
ED103449,Female,21,No,No,Teacher,Mid West,Permanent Full-Time,Active,2026-03-08,,1.0
ED103450,Male,28,No,No,Teacher,Goldfields,Fixed Term,Active,2020-01-10,,1.0
ED103451,Female,21,No,No,Principal,North Metro,Permanent Full-Time,Active,2025-07-05,,1.0
ED103452,Male,46,No,No,Principal,Kimberley,Permanent Full-Time,Terminated,2007-05-21,2010-07-14,1.0
ED103453,Female,46,No,No,Teacher,South Metro,Permanent Full-Time,Active,2005-04-07,,1.0
ED103454,Female,47,No,No,School Administrator,South West,Permanent Full-Time,Active,2012-04-29,,1.0
ED103455,Male,32,No,No,Teacher,North Metro,Permanent Full-Time,Terminated,2020-07-01,2022-10-22,1.0
ED103456,Female,52,No,Yes,Teacher,South Metro,Permanent Full-Time,Active,2000-05-10,,1.0
ED103457,Female,52,No,No,Deputy Principal,South Metro,Casual,Active,1999-04-08,,0.2
ED103458,Non-binary,28,No,No,Deputy Principal,South West,Fixed Term,Terminated,2022-09-26,2023-10-18,1.0
ED103459,Female,26,No,No,Lead Teacher,North Metro,Permanent Part-Time,Active,2023-02-11,,0.6
ED103460,Male,43,No,No,Teacher,Great Southern,Fixed Term,Terminated,2012-02-24,2014-08-31,1.0
ED103461,Female,65,No,No,Teacher,South West,Fixed Term,Active,2012-11-22,,1.0
ED103462,Female,64,Yes,No,Lead Teacher,North Metro,Permanent Part-Time,Active,2005-07-16,,0.6
ED103463,Male,50,No,No,Lead Teacher,Mid West,Permanent Full-Time,Active,2004-12-06,,1.0
ED103464,Female,35,No,No,Teacher,Great Southern,Fixed Term,Active,2022-03-11,,1.0
ED103465,Female,54,No,No,Deputy Principal,North Metro,Permanent Full-Time,Active,2017-06-17,,1.0
ED103466,Female,38,No,No,Teacher,South Metro,Permanent Full-Time,Active,2021-11-17,,1.0
ED103467,Male,34,No,No,Principal,South Metro,Permanent Full-Time,Active,2021-09-11,,1.0
ED103468,Female,21,No,No,Education Assistant,North Metro,Permanent Full-Time,Active,2026-04-22,,1.0
ED103469,Female,45,No,No,Teacher,North Metro,Fixed Term,Active,2015-04-24,,1.0
ED103470,Female,36,No,No,Teacher,North Metro,Permanent Part-Time,Active,2022-11-23,,0.6
ED103471,Female,45,No,No,Education Assistant,North Metro,Fixed Term,Active,2019-03-03,,1.0
ED103472,Female,21,No,No,Lead Teacher,South Metro,Permanent Part-Time,Active,2025-07-09,,0.6
ED103473,Female,46,No,No,Deputy Principal,North Metro,Permanent Full-Time,Active,2013-11-24,,1.0
ED103474,Female,21,No,No,Education Assistant,Wheatbelt,Permanent Part-Time,Active,2025-07-19,,0.6
ED103475,Female,57,No,No,Education Assistant,Kimberley,Permanent Full-Time,Active,2006-07-17,,1.0
ED103476,Female,50,Yes,No,School Administrator,North Metro,Permanent Full-Time,Active,2025-10-19,,1.0
ED103477,Female,40,No,No,Teacher,Goldfields,Fixed Term,Active,2019-08-09,,1.0
ED103478,Female,50,No,No,Teacher,Goldfields,Permanent Part-Time,Active,2012-12-05,,0.6
ED103479,Male,32,Yes,No,Teacher,South West,Fixed Term,Active,2019-07-28,,1.0
ED103480,Female,44,Yes,No,Teacher,North Metro,Permanent Full-Time,Active,2014-11-27,,1.0
ED103481,Female,53,No,No,Lead Teacher,North Metro,Permanent Part-Time,Active,2024-07-27,,0.6
ED103482,Female,21,No,No,Teacher,South West,Permanent Full-Time,Active,2026-02-28,,1.0
ED103483,Female,38,No,No,School Administrator,South West,Permanent Full-Time,Active,2021-02-26,,1.0
ED103484,Male,43,No,No,Lead Teacher,Kimberley,Permanent Full-Time,Active,2009-10-04,,1.0
ED103485,Non-binary,41,No,No,Lead Teacher,Pilbara,Permanent Full-Time,Active,2009-05-30,,1.0
ED103486,Female,61,No,No,Teacher,North Metro,Permanent Full-Time,Active,2007-09-27,,1.0
ED103487,Female,30,No,No,Teacher,South Metro,Permanent Full-Time,Active,2023-04-02,,1.0
ED103488,Female,36,No,No,Teacher,North Metro,Permanent Part-Time,Active,2016-08-11,,0.6
ED103489,Female,21,No,No,Teacher,North Metro,Permanent Full-Time,Active,2025-06-09,,1.0
ED103490,Male,62,No,No,Teacher,Mid West,Permanent Full-Time,Terminated,1995-12-28,2025-11-07,1.0
ED103491,Female,41,No,No,Lead Teacher,North Metro,Permanent Full-Time,Active,2016-07-16,,1.0
ED103492,Female,38,No,No,Aboriginal Education Officer,South Metro,Fixed Term,Terminated,2011-06-22,2022-10-17,1.0
ED103493,Female,43,No,No,Aboriginal Education Officer,South West,Fixed Term,Active,2016-07-31,,1.0
ED103494,Female,51,No,No,Principal,North Metro,Permanent Full-Time,Active,2011-03-19,,1.0
ED103495,Female,48,No,No,Teacher,Great Southern,Permanent Full-Time,Terminated,2022-02-28,2024-03-31,1.0
ED103496,Male,67,No,No,Education Assistant,Great Southern,Permanent Full-Time,Active,2010-05-21,,1.0
ED103497,Female,49,No,No,Aboriginal Education Officer,South Metro,Permanent Full-Time,Active,2011-06-04,,1.0
ED103498,Female,38,No,Yes,Teacher,North Metro,Permanent Full-Time,Active,2011-10-26,,1.0
ED103499,Female,37,No,No,Education Assistant,North Metro,Permanent Full-Time,Active,2013-05-27,,1.0
ED103500,Female,39,No,No,Teacher,South Metro,Permanent Full-Time,Active,2015-12-20,,1.0
ED103501,Female,25,No,No,Education Assistant,North Metro,Permanent Part-Time,Active,2024-09-15,,0.6
ED103502,Female,44,No,No,School Administrator,North Metro,Permanent Full-Time,Active,2023-03-23,,1.0
ED103503,Female,53,No,No,Teacher,Great Southern,Permanent Full-Time,Active,2025-08-16,,1.0
ED103504,Female,36,No,No,Aboriginal Education Officer,North Metro,Fixed Term,Active,2012-06-23,,1.0
ED103505,Male,34,No,No,Lead Teacher,Pilbara,Fixed Term,Active,2014-04-14,,1.0
ED103506,Female,62,No,No,School Administrator,North Metro,Fixed Term,Terminated,2016-02-14,2021-02-20,1.0
ED103507,Male,26,No,No,Teacher,South Metro,Permanent Full-Time,Active,2021-06-22,,1.0
ED103508,Female,21,No,No,Education Assistant,South West,Permanent Full-Time,Active,2025-08-10,,1.0
ED103509,Female,30,No,No,Teacher,North Metro,Permanent Full-Time,Active,2020-05-17,,1.0
ED103510,Female,25,No,No,Teacher,North Metro,Permanent Full-Time,Active,2024-04-30,,1.0
ED103511,Male,48,Yes,Yes,Teacher,Goldfields,Permanent Full-Time,Active,2023-03-10,,1.0
ED103512,Male,39,No,No,School Administrator,Kimberley,Fixed Term,Terminated,2008-07-13,2018-08-26,1.0
ED103513,Male,41,No,No,Education Assistant,Goldfields,Casual,Terminated,2009-03-11,2014-01-20,0.2
ED103514,Female,57,No,No,Education Assistant,North Metro,Fixed Term,Active,2023-03-04,,1.0
ED103515,Female,35,No,No,School Administrator,North Metro,Permanent Part-Time,Active,2022-11-24,,0.6
ED103516,Female,53,No,No,Teacher,South West,Permanent Full-Time,Active,1999-09-18,,1.0
ED103517,Male,62,No,No,Teacher,South West,Permanent Part-Time,Terminated,2013-01-05,2015-01-29,0.6
ED103518,Female,38,No,No,Teacher,South Metro,Fixed Term,Active,2011-03-28,,1.0
ED103519,Female,52,Yes,No,Teacher,Wheatbelt,Permanent Part-Time,Active,2016-03-02,,0.6
ED103520,Female,41,No,No,Teacher,South Metro,Permanent Full-Time,Active,2014-01-23,,1.0
ED103521,Female,55,No,No,Teacher,South Metro,Permanent Full-Time,Terminated,2011-04-24,2017-08-05,1.0
ED103522,Female,25,No,No,Teacher,North Metro,Permanent Full-Time,Active,2022-10-07,,1.0
ED103523,Male,24,No,No,Teacher,South Metro,Permanent Full-Time,Active,2025-11-13,,1.0
ED103524,Female,39,No,No,Teacher,South Metro,Fixed Term,Terminated,2018-10-13,2021-07-18,1.0
ED103525,Male,33,No,No,Teacher,North Metro,Permanent Part-Time,Terminated,2023-12-26,2025-02-26,0.6
ED103526,Male,37,No,No,School Administrator,South Metro,Permanent Part-Time,Active,2012-01-16,,0.6
ED103527,Female,41,No,No,Education Assistant,Mid West,Permanent Full-Time,Active,2022-02-13,,1.0
ED103528,Female,52,No,No,School Administrator,Goldfields,Permanent Full-Time,Active,2018-05-22,,1.0
ED103529,Female,39,No,No,Teacher,South Metro,Permanent Full-Time,Active,2021-09-18,,1.0
ED103530,Male,34,No,No,Teacher,South West,Permanent Part-Time,Terminated,2015-01-25,2019-02-12,0.6
ED103531,Female,39,Yes,No,Education Assistant,North Metro,Permanent Full-Time,Active,2009-12-11,,1.0
ED103532,Female,34,No,No,Teacher,South Metro,Casual,Active,2014-05-12,,0.2
ED103533,Female,32,No,No,Teacher,Mid West,Permanent Part-Time,Active,2026-02-06,,0.6
ED103534,Female,24,No,No,Teacher,South Metro,Permanent Part-Time,Active,2023-05-29,,0.6
ED103535,Female,44,No,No,Teacher,North Metro,Fixed Term,Active,2025-07-27,,1.0
ED103536,Female,37,No,No,Teacher,North Metro,Casual,Active,2010-11-19,,0.2
ED103537,Male,55,No,No,Teacher,South West,Permanent Full-Time,Active,2011-12-31,,1.0
ED103538,Male,26,No,No,Principal,South Metro,Fixed Term,Active,2022-04-09,,1.0
ED103539,Female,37,No,No,Teacher,Wheatbelt,Permanent Full-Time,Active,2019-09-28,,1.0
ED103540,Female,65,No,No,Teacher,South Metro,Permanent Full-Time,Active,1995-11-25,,1.0
ED103541,Male,32,No,No,Education Assistant,Goldfields,Permanent Full-Time,Active,2023-05-25,,1.0
ED103542,Female,41,No,No,Teacher,Mid West,Permanent Part-Time,Active,2024-06-03,,0.6
ED103543,Male,29,No,No,Teacher,Goldfields,Permanent Full-Time,Active,2025-12-16,,1.0
ED103544,Female,27,No,No,Education Assistant,South Metro,Permanent Part-Time,Active,2020-08-09,,0.6
ED103545,Female,62,No,No,Teacher,South Metro,Permanent Part-Time,Active,2024-04-16,,0.6
ED103546,Female,46,No,No,Teacher,Mid West,Permanent Part-Time,Active,2019-10-19,,0.6
ED103547,Female,45,No,No,Teacher,South Metro,Permanent Full-Time,Active,2010-11-24,,1.0
ED103548,Male,23,No,No,Teacher,South Metro,Fixed Term,Active,2025-03-26,,1.0
ED103549,Female,48,No,No,Lead Teacher,North Metro,Permanent Full-Time,Active,2018-04-26,,1.0
ED103550,Female,57,No,No,Education Assistant,South West,Permanent Full-Time,Terminated,2001-06-30,2005-04-22,1.0
ED103551,Female,57,No,No,Teacher,North Metro,Casual,Active,1993-11-24,,0.2
ED103552,Male,52,No,No,Lead Teacher,South Metro,Permanent Full-Time,Active,2002-07-08,,1.0
ED103553,Female,30,No,No,Teacher,South Metro,Permanent Full-Time,Active,2025-09-17,,1.0
ED103554,Male,47,No,No,Teacher,South Metro,Permanent Part-Time,Active,2008-03-15,,0.6
ED103555,Female,52,No,No,Lead Teacher,Goldfields,Permanent Full-Time,Active,2008-12-30,,1.0
ED103556,Female,22,Yes,No,Teacher,North Metro,Permanent Full-Time,Active,2025-09-13,,1.0
ED103557,Male,30,No,No,Teacher,South Metro,Fixed Term,Active,2018-12-31,,1.0
ED103558,Female,54,No,No,Teacher,Mid West,Permanent Full-Time,Active,2020-02-22,,1.0
ED103559,Female,54,No,No,Teacher,Wheatbelt,Permanent Full-Time,Terminated,2006-11-24,2020-12-21,1.0
ED103560,Female,25,No,No,Teacher,North Metro,Permanent Part-Time,Active,2023-06-25,,0.6
ED103561,Female,53,No,No,Education Assistant,South West,Permanent Part-Time,Terminated,2017-08-03,2023-10-25,0.6
ED103562,Female,45,No,No,Teacher,Goldfields,Permanent Part-Time,Active,2012-10-27,,0.6
ED103563,Female,53,No,No,Teacher,South West,Fixed Term,Active,2000-03-12,,1.0
ED103564,Female,36,No,No,Teacher,South Metro,Permanent Full-Time,Active,2016-09-05,,1.0
ED103565,Female,51,No,No,Deputy Principal,South Metro,Permanent Part-Time,Active,2011-08-08,,0.6
ED103566,Female,54,No,Yes,Lead Teacher,South West,Permanent Part-Time,Active,2007-11-26,,0.6
ED103567,Female,39,No,No,Principal,South West,Permanent Full-Time,Active,2014-03-29,,1.0
ED103568,Male,44,No,No,Education Assistant,South Metro,Casual,Active,2004-07-25,,0.2
ED103569,Male,36,No,No,Education Assistant,North Metro,Fixed Term,Active,2016-06-14,,1.0
ED103570,Female,63,No,No,Teacher,South Metro,Permanent Full-Time,Terminated,2010-10-27,2019-05-12,1.0
ED103571,Female,42,No,No,Teacher,South Metro,Permanent Part-Time,Terminated,2019-02-24,2022-07-07,0.6
ED103572,Male,32,No,No,Education Assistant,North Metro,Permanent Part-Time,Active,2024-02-29,,0.6
ED103573,Female,35,No,No,School Administrator,North Metro,Permanent Full-Time,Terminated,2024-08-11,2026-01-29,1.0
ED103574,Female,45,No,No,Aboriginal Education Officer,Wheatbelt,Fixed Term,Active,2004-03-27,,1.0
ED103575,Male,53,No,No,Teacher,North Metro,Permanent Part-Time,Active,2004-05-03,,0.6
ED103576,Female,27,No,No,Teacher,Goldfields,Permanent Part-Time,Active,2021-05-14,,0.6
ED103577,Female,66,No,No,Teacher,North Metro,Permanent Full-Time,Terminated,2003-07-29,2005-01-18,1.0
ED103578,Male,47,Yes,No,Education Assistant,North Metro,Permanent Full-Time,Active,2012-12-29,,1.0
ED103579,Female,49,No,No,Teacher,North Metro,Permanent Full-Time,Active,2017-03-19,,1.0
ED103580,Female,42,No,No,Teacher,North Metro,Permanent Part-Time,Active,2020-02-13,,0.6
ED103581,Female,44,No,No,Education Assistant,Pilbara,Permanent Part-Time,Terminated,2009-05-12,2011-12-05,0.6
ED103582,Female,42,No,No,Teacher,South West,Permanent Full-Time,Active,2011-05-02,,1.0
ED103583,Male,56,No,No,Education Assistant,North Metro,Permanent Full-Time,Terminated,2014-01-02,2021-11-29,1.0
ED103584,Female,43,No,No,Teacher,South Metro,Permanent Full-Time,Active,2026-01-15,,1.0
ED103585,Female,53,No,No,Teacher,South Metro,Permanent Part-Time,Active,2020-04-07,,0.6
ED103586,Male,38,No,No,Teacher,Wheatbelt,Permanent Part-Time,Active,2021-06-21,,0.6
ED103587,Female,46,No,No,Education Assistant,Pilbara,Permanent Full-Time,Terminated,2009-01-06,2011-05-17,1.0
ED103588,Female,34,No,Yes,Teacher,South Metro,Permanent Full-Time,Active,2014-10-06,,1.0
ED103589,Female,58,No,No,Teacher,Goldfields,Permanent Full-Time,Terminated,1997-02-12,2014-08-14,1.0
ED103590,Female,33,No,No,School Administrator,Wheatbelt,Permanent Full-Time,Active,2020-02-28,,1.0
ED103591,Female,40,No,No,Teacher,North Metro,Permanent Part-Time,Terminated,2015-01-24,2017-07-26,0.6
ED103592,Male,40,No,No,Lead Teacher,South Metro,Permanent Full-Time,Active,2023-03-16,,1.0
ED103593,Male,39,No,No,Lead Teacher,South West,Permanent Full-Time,Active,2011-06-01,,1.0
ED103594,Female,52,No,Yes,Teacher,Pilbara,Permanent Part-Time,Active,2005-09-26,,0.6
ED103595,Female,40,No,No,Lead Teacher,South Metro,Casual,Active,2010-07-28,,0.2
ED103596,Female,60,No,No,Teacher,South Metro,Casual,Terminated,2023-01-21,2024-11-15,0.2
ED103597,Female,34,No,No,Lead Teacher,North Metro,Casual,Active,2016-08-30,,0.2
ED103598,Female,46,No,No,Teacher,South Metro,Permanent Part-Time,Terminated,2006-08-07,2022-07-11,0.6
ED103599,Male,34,No,No,Principal,Goldfields,Permanent Part-Time,Active,2025-02-01,,0.6
ED103600,Female,49,No,No,Teacher,South Metro,Permanent Part-Time,Active,2012-06-29,,0.6
ED103601,Female,43,No,No,Lead Teacher,Kimberley,Fixed Term,Active,2017-07-08,,1.0
ED103602,Female,42,No,No,Teacher,Wheatbelt,Casual,Active,2025-05-28,,0.2
ED103603,Female,58,Yes,No,Teacher,North Metro,Permanent Full-Time,Active,2009-08-07,,1.0
ED103604,Female,36,No,No,Teacher,South Metro,Permanent Full-Time,Active,2022-01-20,,1.0
ED103605,Female,51,No,No,Teacher,South Metro,Permanent Full-Time,Active,2018-02-01,,1.0
ED103606,Female,34,No,No,Education Assistant,Goldfields,Permanent Part-Time,Active,2019-04-14,,0.6
ED103607,Female,45,No,No,Teacher,North Metro,Permanent Part-Time,Active,2010-04-15,,0.6
ED103608,Female,29,No,No,School Administrator,South Metro,Fixed Term,Terminated,2021-12-23,2025-08-29,1.0
ED103609,Female,36,No,No,School Administrator,Wheatbelt,Permanent Full-Time,Active,2015-08-31,,1.0
ED103610,Female,43,No,No,Lead Teacher,South Metro,Permanent Full-Time,Active,2012-04-17,,1.0
ED103611,Male,65,No,No,Teacher,South West,Casual,Active,2019-06-05,,0.2
ED103612,Female,45,No,No,Teacher,Great Southern,Permanent Full-Time,Active,2012-09-06,,1.0
ED103613,Female,63,No,No,Education Assistant,North Metro,Permanent Full-Time,Active,1996-11-22,,1.0
ED103614,Female,46,No,No,Teacher,North Metro,Permanent Part-Time,Active,2014-12-23,,0.6
ED103615,Male,39,No,No,Teacher,South West,Permanent Full-Time,Active,2019-10-30,,1.0
ED103616,Female,62,No,No,Lead Teacher,South West,Permanent Full-Time,Terminated,2019-05-14,2020-03-07,1.0
ED103617,Female,49,No,No,Education Assistant,North Metro,Permanent Full-Time,Active,2014-04-20,,1.0
ED103618,Female,36,No,No,Education Assistant,North Metro,Permanent Full-Time,Active,2012-08-24,,1.0
ED103619,Female,49,No,No,Teacher,North Metro,Permanent Full-Time,Terminated,2022-10-20,2024-09-20,1.0
ED103620,Female,40,No,No,Principal,Great Southern,Permanent Full-Time,Terminated,2021-11-16,2023-01-28,1.0
ED103621,Female,21,No,No,Teacher,North Metro,Permanent Full-Time,Active,2025-12-01,,1.0
ED103622,Male,55,No,No,Teacher,South Metro,Permanent Full-Time,Active,2000-07-20,,1.0
ED103623,Female,57,No,No,Education Assistant,Wheatbelt,Permanent Part-Time,Active,2000-09-20,,0.6
ED103624,Female,66,No,No,Teacher,North Metro,Permanent Full-Time,Active,2003-03-02,,1.0
ED103625,Female,49,No,No,Teacher,South Metro,Permanent Full-Time,Terminated,2025-03-11,2025-10-31,1.0
ED103626,Female,41,Yes,No,Teacher,North Metro,Permanent Full-Time,Active,2007-05-21,,1.0
ED103627,Female,54,No,No,Education Assistant,Wheatbelt,Permanent Full-Time,Terminated,1994-08-26,2012-01-08,1.0
ED103628,Male,54,No,No,Education Assistant,North Metro,Permanent Full-Time,Active,1998-05-21,,1.0
ED103629,Non-binary,63,No,Yes,Lead Teacher,Goldfields,Permanent Full-Time,Active,2019-12-20,,1.0
ED103630,Female,43,No,No,Education Assistant,Goldfields,Casual,Active,2016-11-16,,0.2
ED103631,Female,42,No,No,Teacher,North Metro,Fixed Term,Active,2008-12-11,,1.0
ED103632,Female,35,No,No,Teacher,North Metro,Permanent Part-Time,Active,2025-05-26,,0.6
ED103633,Female,50,No,No,Teacher,South Metro,Permanent Full-Time,Active,2014-10-07,,1.0
ED103634,Female,25,No,No,Teacher,North Metro,Permanent Part-Time,Active,2023-12-25,,0.6
ED103635,Male,53,No,No,Teacher,Mid West,Permanent Full-Time,Active,2015-12-14,,1.0
ED103636,Male,51,No,No,School Administrator,Mid West,Permanent Part-Time,Active,2001-12-25,,0.6
ED103637,Female,51,No,No,Teacher,South Metro,Permanent Full-Time,Active,2004-10-28,,1.0
ED103638,Female,45,No,No,Teacher,South Metro,Fixed Term,Terminated,2020-05-27,2021-04-05,1.0
ED103639,Female,62,No,No,Teacher,South Metro,Fixed Term,Terminated,2016-01-15,2017-09-17,1.0
ED103640,Female,54,No,No,Teacher,Wheatbelt,Permanent Full-Time,Active,2010-12-22,,1.0
ED103641,Female,36,Yes,No,Aboriginal Education Officer,South Metro,Permanent Full-Time,Terminated,2014-10-25,2021-07-18,1.0
ED103642,Female,36,No,No,Teacher,North Metro,Permanent Full-Time,Active,2022-04-09,,1.0
ED103643,Female,33,No,No,Teacher,North Metro,Permanent Full-Time,Active,2023-06-09,,1.0
ED103644,Female,50,No,No,Education Assistant,South Metro,Fixed Term,Active,2011-03-25,,1.0
ED103645,Female,31,No,No,Teacher,South Metro,Permanent Full-Time,Active,2021-11-19,,1.0
ED103646,Female,57,No,No,Teacher,South Metro,Permanent Full-Time,Active,1991-09-07,,1.0
ED103647,Female,59,No,No,Teacher,North Metro,Permanent Part-Time,Active,2019-03-10,,0.6
ED103648,Female,33,No,Yes,Lead Teacher,Kimberley,Permanent Full-Time,Active,2024-09-25,,1.0
ED103649,Female,41,No,No,School Administrator,North Metro,Permanent Full-Time,Active,2011-09-25,,1.0
ED103650,Female,44,No,No,Education Assistant,North Metro,Permanent Full-Time,Active,2019-10-03,,1.0
ED103651,Female,54,No,No,Teacher,South Metro,Permanent Part-Time,Active,2023-07-15,,0.6
ED103652,Female,63,No,No,Education Assistant,North Metro,Permanent Full-Time,Terminated,2019-11-05,2024-06-14,1.0
ED103653,Female,23,No,No,Teacher,South Metro,Permanent Part-Time,Active,2025-05-30,,0.6
ED103654,Female,40,No,No,Teacher,South Metro,Permanent Full-Time,Active,2018-05-17,,1.0
ED103655,Male,40,No,No,Teacher,South Metro,Permanent Full-Time,Active,2017-05-24,,1.0
ED103656,Female,27,No,No,Teacher,South Metro,Permanent Full-Time,Active,2024-11-11,,1.0
ED103657,Female,38,No,No,Teacher,North Metro,Casual,Active,2018-03-01,,0.2
ED103658,Female,49,No,No,Lead Teacher,North Metro,Permanent Full-Time,Active,2010-11-05,,1.0
ED103659,Female,40,No,No,Aboriginal Education Officer,South West,Permanent Full-Time,Active,2022-10-19,,1.0
ED103660,Male,25,No,No,Teacher,South Metro,Fixed Term,Active,2023-04-29,,1.0
ED103661,Female,67,No,No,Teacher,South Metro,Casual,Active,2006-01-07,,0.2
ED103662,Female,47,No,No,Teacher,North Metro,Fixed Term,Active,2015-07-13,,1.0
ED103663,Female,45,No,No,Teacher,South Metro,Permanent Full-Time,Active,2016-11-21,,1.0
ED103664,Female,30,No,No,Lead Teacher,South Metro,Permanent Full-Time,Active,2025-06-11,,1.0
ED103665,Male,47,No,No,Teacher,South Metro,Permanent Full-Time,Terminated,2014-10-01,2016-08-06,1.0
ED103666,Female,42,No,No,Education Assistant,Kimberley,Fixed Term,Active,2023-08-16,,1.0
ED103667,Female,21,No,No,Teacher,North Metro,Permanent Full-Time,Active,2025-06-23,,1.0
ED103668,Male,31,No,No,Teacher,North Metro,Permanent Full-Time,Active,2020-07-30,,1.0
ED103669,Male,53,No,No,Teacher,Mid West,Permanent Full-Time,Active,2018-05-07,,1.0
ED103670,Female,67,No,No,Teacher,South West,Permanent Full-Time,Active,2001-11-20,,1.0
ED103671,Female,48,No,Yes,Teacher,North Metro,Permanent Part-Time,Active,2000-10-29,,0.6
ED103672,Female,57,No,No,Deputy Principal,South Metro,Fixed Term,Active,1997-12-14,,1.0
ED103673,Female,42,No,No,Teacher,North Metro,Permanent Part-Time,Active,2006-10-06,,0.6
ED103674,Male,42,No,No,Lead Teacher,North Metro,Permanent Full-Time,Active,2006-04-16,,1.0
ED103675,Female,57,Yes,No,Teacher,North Metro,Fixed Term,Active,1996-02-04,,1.0
ED103676,Female,63,No,No,Teacher,North Metro,Permanent Full-Time,Terminated,2003-08-03,2021-05-19,1.0
ED103677,Male,59,No,No,Teacher,Kimberley,Permanent Full-Time,Active,1992-10-13,,1.0
ED103678,Female,31,No,No,Education Assistant,South Metro,Permanent Full-Time,Active,2016-07-02,,1.0
ED103679,Female,43,No,No,Teacher,North Metro,Permanent Full-Time,Terminated,2008-08-02,2023-10-13,1.0
ED103680,Male,47,No,No,Education Assistant,North Metro,Permanent Full-Time,Active,2011-02-15,,1.0
ED103681,Male,40,No,No,Teacher,Mid West,Permanent Full-Time,Active,2023-10-20,,1.0
ED103682,Male,48,No,No,Education Assistant,North Metro,Fixed Term,Active,2017-03-21,,1.0
ED103683,Female,53,No,No,Teacher,South Metro,Fixed Term,Active,2017-12-25,,1.0
ED103684,Male,56,No,No,Principal,North Metro,Permanent Full-Time,Active,2019-01-07,,1.0
ED103685,Female,64,No,No,Lead Teacher,South Metro,Permanent Full-Time,Terminated,2009-03-21,2013-05-06,1.0
ED103686,Female,40,No,Yes,School Administrator,North Metro,Permanent Full-Time,Active,2012-12-01,,1.0
ED103687,Male,27,No,No,Teacher,North Metro,Permanent Full-Time,Active,2022-06-20,,1.0
ED103688,Female,48,No,No,Teacher,North Metro,Permanent Full-Time,Active,2006-06-18,,1.0
ED103689,Male,66,No,No,Teacher,North Metro,Permanent Full-Time,Terminated,1993-11-21,2024-01-01,1.0
ED103690,Female,38,No,No,Education Assistant,South Metro,Permanent Part-Time,Active,2010-08-15,,0.6
ED103691,Female,52,No,No,Teacher,Goldfields,Permanent Full-Time,Active,2015-09-11,,1.0
ED103692,Male,52,No,No,Education Assistant,North Metro,Permanent Full-Time,Terminated,2015-12-05,2017-12-28,1.0
ED103693,Female,46,No,No,Teacher,North Metro,Permanent Part-Time,Active,2023-04-17,,0.6
ED103694,Female,44,No,No,Teacher,South Metro,Permanent Part-Time,Active,2011-12-23,,0.6
ED103695,Female,32,No,No,Teacher,South Metro,Permanent Full-Time,Active,2022-02-14,,1.0
ED103696,Male,21,No,No,School Administrator,Great Southern,Permanent Full-Time,Active,2025-09-14,,1.0
ED103697,Female,30,No,No,Principal,South Metro,Fixed Term,Active,2021-07-08,,1.0
ED103698,Female,39,No,No,School Administrator,South Metro,Permanent Part-Time,Active,2014-04-08,,0.6
ED103699,Female,57,No,No,Teacher,South Metro,Permanent Full-Time,Active,1994-03-27,,1.0
ED103700,Male,42,No,No,Lead Teacher,South West,Permanent Part-Time,Active,2016-01-15,,0.6
ED103701,Female,37,No,No,Principal,Wheatbelt,Permanent Full-Time,Active,2022-10-01,,1.0
ED103702,Male,33,No,No,Teacher,North Metro,Permanent Part-Time,Active,2023-11-18,,0.6
ED103703,Female,51,No,No,Education Assistant,North Metro,Permanent Full-Time,Terminated,2020-09-14,2023-07-19,1.0
ED103704,Female,60,No,No,School Administrator,North Metro,Permanent Full-Time,Active,2008-03-26,,1.0
ED103705,Female,56,No,No,Aboriginal Education Officer,South Metro,Permanent Part-Time,Active,2016-11-03,,0.6
ED103706,Female,51,No,No,Education Assistant,Pilbara,Permanent Part-Time,Active,2017-04-11,,0.6
ED103707,Female,26,No,No,Teacher,South Metro,Permanent Full-Time,Active,2025-07-20,,1.0
ED103708,Male,39,No,No,Teacher,North Metro,Permanent Full-Time,Active,2010-04-20,,1.0
ED103709,Male,67,No,No,School Administrator,Kimberley,Permanent Full-Time,Terminated,2022-02-16,2025-11-20,1.0
ED103710,Female,57,No,No,Teacher,Mid West,Permanent Full-Time,Active,2020-05-27,,1.0
ED103711,Female,25,No,No,Deputy Principal,North Metro,Permanent Full-Time,Active,2024-04-06,,1.0
ED103712,Male,43,No,No,Deputy Principal,Goldfields,Permanent Part-Time,Active,2007-08-14,,0.6
ED103713,Female,48,No,No,Lead Teacher,South Metro,Permanent Full-Time,Active,2007-12-23,,1.0
ED103714,Female,34,No,No,School Administrator,South West,Permanent Part-Time,Active,2017-11-17,,0.6
ED103715,Female,21,No,No,Teacher,Wheatbelt,Permanent Part-Time,Active,2025-07-07,,0.6
ED103716,Female,45,No,No,Teacher,South Metro,Permanent Full-Time,Active,2026-01-01,,1.0
ED103717,Male,34,No,No,Teacher,Kimberley,Permanent Part-Time,Active,2023-04-22,,0.6
ED103718,Female,34,No,No,Teacher,South West,Casual,Active,2022-10-04,,0.2
ED103719,Female,39,No,No,Teacher,South Metro,Permanent Full-Time,Active,2012-09-14,,1.0
ED103720,Female,42,No,No,Teacher,North Metro,Fixed Term,Active,2018-09-25,,1.0
ED103721,Male,43,No,No,Education Assistant,Pilbara,Permanent Part-Time,Active,2004-08-12,,0.6
ED103722,Female,33,No,No,School Administrator,North Metro,Permanent Full-Time,Terminated,2017-11-19,2020-12-06,1.0
ED103723,Female,41,No,No,Teacher,South Metro,Permanent Full-Time,Active,2018-01-11,,1.0
ED103724,Male,22,No,No,Teacher,Wheatbelt,Permanent Part-Time,Active,2026-02-06,,0.6
ED103725,Male,47,No,No,School Administrator,Kimberley,Permanent Full-Time,Terminated,2022-02-22,2025-08-28,1.0
ED103726,Non-binary,21,No,No,Teacher,South Metro,Permanent Part-Time,Active,2025-10-18,,0.6
ED103727,Male,40,No,No,Teacher,North Metro,Fixed Term,Terminated,2014-02-23,2020-12-13,1.0
ED103728,Female,55,No,No,Teacher,South Metro,Permanent Full-Time,Active,2006-07-28,,1.0
ED103729,Female,31,No,No,Lead Teacher,North Metro,Permanent Full-Time,Terminated,2019-11-14,2024-08-16,1.0
ED103730,Female,52,No,No,Teacher,North Metro,Permanent Full-Time,Active,2012-09-22,,1.0
ED103731,Female,57,No,No,School Administrator,Pilbara,Permanent Full-Time,Active,2007-11-14,,1.0
ED103732,Male,21,No,No,Teacher,North Metro,Fixed Term,Active,2025-06-23,,1.0
ED103733,Male,42,No,No,Teacher,South Metro,Permanent Full-Time,Terminated,2014-10-16,2021-08-07,1.0
ED103734,Male,21,No,No,Teacher,South Metro,Permanent Full-Time,Active,2025-11-20,,1.0
ED103735,Female,42,Yes,No,Teacher,Great Southern,Permanent Full-Time,Active,2016-04-17,,1.0
ED103736,Male,43,No,No,Principal,South Metro,Fixed Term,Active,2012-08-16,,1.0
ED103737,Male,21,No,No,Education Assistant,North Metro,Permanent Full-Time,Active,2025-11-30,,1.0
ED103738,Female,67,No,Yes,Education Assistant,North Metro,Casual,Terminated,2022-01-31,2024-12-18,0.2
ED103739,Male,47,No,No,Lead Teacher,South Metro,Permanent Part-Time,Active,2024-07-07,,0.6
ED103740,Female,33,No,No,Aboriginal Education Officer,South Metro,Fixed Term,Terminated,2021-06-12,2023-07-21,1.0
ED103741,Female,61,Yes,No,Education Assistant,South Metro,Permanent Full-Time,Terminated,2015-11-15,2025-02-25,1.0
ED103742,Female,22,No,No,Education Assistant,South Metro,Permanent Full-Time,Active,2025-10-19,,1.0
ED103743,Female,29,No,No,Teacher,North Metro,Permanent Full-Time,Active,2019-05-13,,1.0
ED103744,Female,21,No,No,Teacher,South Metro,Permanent Full-Time,Active,2026-01-25,,1.0
ED103745,Female,65,No,No,Teacher,South Metro,Permanent Part-Time,Terminated,2011-08-16,2017-10-30,0.6
ED103746,Non-binary,47,No,No,Principal,North Metro,Permanent Full-Time,Active,2011-09-17,,1.0
ED103747,Female,51,No,No,Teacher,North Metro,Permanent Full-Time,Active,2025-07-06,,1.0
ED103748,Male,47,Yes,No,Teacher,North Metro,Permanent Part-Time,Active,2016-12-07,,0.6
ED103749,Female,50,No,No,Aboriginal Education Officer,North Metro,Permanent Full-Time,Active,2016-09-22,,1.0
ED103750,Female,44,No,No,Aboriginal Education Officer,South Metro,Permanent Full-Time,Active,2004-12-09,,1.0
ED103751,Female,47,No,No,Aboriginal Education Officer,North Metro,Permanent Full-Time,Terminated,2023-10-22,2026-04-17,1.0
ED103752,Female,45,No,No,Teacher,North Metro,Permanent Part-Time,Active,2015-05-20,,0.6
ED103753,Female,36,No,No,Deputy Principal,North Metro,Permanent Full-Time,Active,2023-08-20,,1.0
ED103754,Female,43,No,No,Teacher,South West,Permanent Part-Time,Active,2023-01-08,,0.6
ED103755,Female,47,No,No,Teacher,Wheatbelt,Permanent Full-Time,Active,2025-12-22,,1.0
ED103756,Female,45,No,No,Teacher,North Metro,Permanent Full-Time,Active,2015-11-11,,1.0
ED103757,Male,26,No,No,Teacher,North Metro,Fixed Term,Active,2024-03-23,,1.0
ED103758,Female,27,No,No,Teacher,North Metro,Permanent Part-Time,Active,2024-06-04,,0.6
ED103759,Female,56,No,No,Education Assistant,South Metro,Permanent Full-Time,Active,2023-12-19,,1.0
ED103760,Female,40,No,No,Teacher,North Metro,Permanent Part-Time,Active,2014-02-28,,0.6
ED103761,Female,51,No,No,Education Assistant,Goldfields,Permanent Full-Time,Active,2006-04-10,,1.0
ED103762,Female,30,No,No,Teacher,South Metro,Fixed Term,Active,2018-11-13,,1.0
ED103763,Male,26,No,No,Teacher,South West,Permanent Part-Time,Active,2023-08-27,,0.6
ED103764,Male,33,No,No,Teacher,North Metro,Permanent Full-Time,Terminated,2025-05-13,2026-02-07,1.0
ED103765,Female,41,No,No,Teacher,Mid West,Fixed Term,Active,2017-03-09,,1.0
ED103766,Female,36,No,No,Lead Teacher,Mid West,Permanent Full-Time,Terminated,2016-06-06,2024-07-19,1.0
ED103767,Female,59,No,No,Teacher,North Metro,Permanent Part-Time,Active,2024-10-30,,0.6
ED103768,Male,46,No,No,Teacher,South Metro,Casual,Terminated,2006-09-02,2017-02-14,0.2
ED103769,Female,66,No,No,Teacher,North Metro,Permanent Full-Time,Active,2022-03-26,,1.0
ED103770,Female,48,No,No,Teacher,North Metro,Permanent Full-Time,Active,2025-12-31,,1.0
ED103771,Male,21,No,No,Aboriginal Education Officer,North Metro,Permanent Part-Time,Active,2025-07-26,,0.6
ED103772,Male,56,No,No,Teacher,South Metro,Permanent Full-Time,Active,2023-06-04,,1.0
ED103773,Male,25,No,No,Education Assistant,South Metro,Fixed Term,Active,2022-06-11,,1.0
ED103774,Male,46,No,No,Principal,South West,Permanent Full-Time,Active,2016-02-08,,1.0
ED103775,Male,34,No,No,School Administrator,North Metro,Permanent Part-Time,Active,2025-01-07,,0.6
ED103776,Female,67,Yes,No,Education Assistant,Great Southern,Permanent Full-Time,Active,2019-02-18,,1.0
ED103777,Female,61,No,No,Lead Teacher,North Metro,Permanent Full-Time,Terminated,2013-07-20,2014-03-11,1.0
ED103778,Male,35,No,No,Principal,Mid West,Fixed Term,Active,2022-09-29,,1.0
ED103779,Female,42,No,No,Aboriginal Education Officer,North Metro,Permanent Part-Time,Terminated,2015-08-07,2020-03-07,0.6
ED103780,Non-binary,46,No,No,Teacher,North Metro,Permanent Full-Time,Active,2014-12-28,,1.0
ED103781,Female,54,Yes,No,Teacher,Wheatbelt,Permanent Full-Time,Active,2025-10-22,,1.0
ED103782,Female,44,No,No,Teacher,North Metro,Permanent Part-Time,Terminated,2015-01-03,2016-10-15,0.6
ED103783,Female,31,No,No,Education Assistant,Goldfields,Fixed Term,Active,2021-09-24,,1.0
ED103784,Female,35,No,No,Education Assistant,South Metro,Permanent Part-Time,Terminated,2024-06-24,2025-10-08,0.6
ED103785,Female,43,No,No,Teacher,South Metro,Permanent Part-Time,Active,2007-10-07,,0.6
ED103786,Female,58,No,No,Lead Teacher,South Metro,Permanent Full-Time,Active,2020-02-13,,1.0
ED103787,Female,49,No,No,Teacher,Pilbara,Fixed Term,Active,2006-01-29,,1.0
ED103788,Male,34,No,No,Teacher,North Metro,Permanent Part-Time,Active,2023-08-28,,0.6
ED103789,Female,51,No,No,School Administrator,Goldfields,Permanent Full-Time,Terminated,2009-01-07,2021-08-23,1.0
ED103790,Female,39,No,No,Teacher,South West,Permanent Full-Time,Active,2025-10-10,,1.0
ED103791,Female,54,No,No,Teacher,North Metro,Permanent Full-Time,Terminated,2018-04-04,2022-06-29,1.0
ED103792,Female,67,No,Yes,Lead Teacher,North Metro,Fixed Term,Terminated,2000-07-04,2022-06-18,1.0
ED103793,Male,39,No,No,Education Assistant,Kimberley,Permanent Part-Time,Active,2017-11-23,,0.6
ED103794,Male,53,No,No,Teacher,South Metro,Fixed Term,Active,2016-09-02,,1.0
ED103795,Male,35,No,No,Principal,South Metro,Permanent Full-Time,Active,2015-01-11,,1.0
ED103796,Male,42,No,No,Teacher,North Metro,Permanent Part-Time,Active,2011-11-12,,0.6
ED103797,Female,44,No,No,Teacher,South Metro,Fixed Term,Active,2009-11-25,,1.0
ED103798,Male,41,No,No,Teacher,North Metro,Permanent Full-Time,Active,2009-02-26,,1.0
ED103799,Male,67,No,No,Lead Teacher,South Metro,Permanent Full-Time,Active,2024-09-13,,1.0
ED103800,Male,40,No,No,Teacher,Pilbara,Permanent Part-Time,Active,2007-07-21,,0.6
ED103801,Female,51,Yes,No,School Administrator,North Metro,Fixed Term,Active,1997-12-02,,1.0
ED103802,Male,21,No,No,Education Assistant,South Metro,Permanent Full-Time,Active,2026-01-18,,1.0
ED103803,Female,49,No,No,School Administrator,Great Southern,Permanent Full-Time,Active,2004-08-26,,1.0
ED103804,Male,57,Yes,No,Teacher,Goldfields,Permanent Full-Time,Active,2000-03-06,,1.0
ED103805,Female,37,No,No,School Administrator,Wheatbelt,Permanent Full-Time,Terminated,2024-11-13,2025-10-19,1.0
ED103806,Female,21,No,No,Teacher,South Metro,Permanent Full-Time,Active,2025-12-12,,1.0
ED103807,Female,43,No,No,Teacher,Pilbara,Permanent Full-Time,Active,2012-10-05,,1.0
ED103808,Female,44,No,No,Teacher,North Metro,Fixed Term,Active,2012-11-04,,1.0
ED103809,Female,52,No,No,Teacher,North Metro,Permanent Part-Time,Active,2007-07-10,,0.6
ED103810,Male,67,No,No,Deputy Principal,North Metro,Permanent Full-Time,Active,2023-05-31,,1.0
ED103811,Female,39,No,No,Teacher,South Metro,Fixed Term,Terminated,2010-08-06,2021-04-28,1.0
ED103812,Female,33,No,No,Teacher,Wheatbelt,Permanent Part-Time,Active,2023-10-08,,0.6
ED103813,Female,29,No,No,Lead Teacher,North Metro,Permanent Full-Time,Terminated,2023-04-14,2024-04-18,1.0
ED103814,Female,46,No,No,Teacher,Goldfields,Permanent Full-Time,Active,2003-02-08,,1.0
ED103815,Female,49,No,No,Lead Teacher,Kimberley,Permanent Part-Time,Active,2023-08-26,,0.6
ED103816,Female,37,No,No,Teacher,South Metro,Permanent Part-Time,Active,2017-10-20,,0.6
ED103817,Female,53,No,No,Education Assistant,South Metro,Permanent Full-Time,Terminated,1998-02-27,2018-03-24,1.0
ED103818,Female,49,No,No,Education Assistant,South Metro,Permanent Full-Time,Active,1999-07-09,,1.0
ED103819,Female,44,No,No,Teacher,North Metro,Fixed Term,Active,2006-03-03,,1.0
ED103820,Female,33,No,No,Teacher,North Metro,Permanent Full-Time,Active,2019-01-24,,1.0
ED103821,Female,38,No,No,Teacher,Great Southern,Permanent Part-Time,Active,2017-05-23,,0.6
ED103822,Male,21,No,No,Education Assistant,North Metro,Permanent Part-Time,Active,2026-03-28,,0.6
ED103823,Female,46,No,No,Teacher,North Metro,Permanent Full-Time,Active,2008-09-01,,1.0
ED103824,Female,44,No,No,Teacher,Wheatbelt,Permanent Full-Time,Active,2019-04-03,,1.0
ED103825,Female,46,No,No,Teacher,North Metro,Permanent Full-Time,Active,2002-12-21,,1.0
ED103826,Female,50,No,No,Teacher,Goldfields,Permanent Full-Time,Active,2014-07-30,,1.0
ED103827,Female,48,No,No,Teacher,North Metro,Permanent Full-Time,Active,2025-05-05,,1.0
ED103828,Female,42,Yes,No,Education Assistant,South Metro,Permanent Part-Time,Terminated,2008-11-17,2011-09-22,0.6
ED103829,Female,44,No,No,Teacher,North Metro,Permanent Full-Time,Active,2018-04-18,,1.0
ED103830,Female,27,No,No,Teacher,North Metro,Permanent Full-Time,Active,2026-01-12,,1.0
ED103831,Female,36,No,No,Education Assistant,South Metro,Permanent Part-Time,Active,2013-08-28,,0.6
ED103832,Female,44,No,No,Education Assistant,Kimberley,Fixed Term,Terminated,2010-11-12,2024-10-26,1.0
ED103833,Non-binary,35,No,No,Teacher,South Metro,Fixed Term,Terminated,2016-05-11,2022-04-04,1.0
ED103834,Female,54,No,No,Teacher,South West,Permanent Full-Time,Active,1995-11-06,,1.0
ED103835,Female,36,No,No,Teacher,North Metro,Permanent Full-Time,Active,2026-02-10,,1.0
ED103836,Male,46,No,No,School Administrator,South Metro,Permanent Full-Time,Active,2025-10-11,,1.0
ED103837,Male,45,Yes,Yes,Teacher,South Metro,Permanent Full-Time,Active,2003-10-13,,1.0
ED103838,Female,52,No,No,School Administrator,South West,Permanent Part-Time,Terminated,2006-08-17,2016-08-10,0.6
ED103839,Male,54,No,No,Deputy Principal,North Metro,Permanent Full-Time,Active,1993-07-25,,1.0
ED103840,Female,52,No,No,Teacher,South Metro,Permanent Part-Time,Active,2012-01-14,,0.6
ED103841,Female,21,No,No,Teacher,Wheatbelt,Permanent Full-Time,Active,2025-07-04,,1.0
ED103842,Female,58,No,No,Teacher,North Metro,Permanent Full-Time,Active,1992-02-23,,1.0
ED103843,Female,62,Yes,No,Teacher,Wheatbelt,Fixed Term,Active,2000-07-20,,1.0
ED103844,Female,38,No,No,Teacher,North Metro,Permanent Full-Time,Active,2025-01-24,,1.0
ED103845,Female,46,No,No,Principal,Pilbara,Permanent Full-Time,Active,2022-02-11,,1.0
ED103846,Female,33,No,No,School Administrator,South West,Permanent Full-Time,Active,2021-06-12,,1.0
ED103847,Female,21,No,Yes,Lead Teacher,Goldfields,Casual,Active,2025-09-23,,0.2
ED103848,Female,35,No,No,Deputy Principal,South Metro,Permanent Full-Time,Active,2014-09-24,,1.0
ED103849,Female,37,No,No,Teacher,North Metro,Permanent Full-Time,Active,2011-03-10,,1.0
ED103850,Female,39,No,No,Teacher,South West,Permanent Part-Time,Active,2008-10-15,,0.6
ED103851,Female,32,No,No,Teacher,South Metro,Permanent Part-Time,Active,2022-02-19,,0.6
ED103852,Male,35,No,No,Lead Teacher,North Metro,Fixed Term,Active,2019-03-31,,1.0
ED103853,Female,43,No,No,School Administrator,Goldfields,Permanent Full-Time,Active,2020-08-17,,1.0
ED103854,Female,34,No,No,Principal,South Metro,Casual,Active,2014-01-21,,0.2
ED103855,Male,50,No,No,Teacher,North Metro,Permanent Part-Time,Active,2002-11-02,,0.6
ED103856,Female,52,No,No,Teacher,North Metro,Permanent Full-Time,Active,2015-04-28,,1.0
ED103857,Male,67,No,No,Lead Teacher,North Metro,Permanent Full-Time,Active,2014-07-05,,1.0
ED103858,Female,57,No,No,Teacher,South Metro,Fixed Term,Active,2024-08-14,,1.0
ED103859,Female,46,No,No,Education Assistant,South Metro,Permanent Part-Time,Active,2015-09-14,,0.6
ED103860,Female,36,No,No,Education Assistant,South Metro,Permanent Part-Time,Active,2023-06-29,,0.6
ED103861,Female,47,No,No,Lead Teacher,Mid West,Permanent Part-Time,Active,2023-09-25,,0.6
ED103862,Female,47,No,No,Teacher,Wheatbelt,Permanent Full-Time,Active,2025-05-15,,1.0
ED103863,Male,37,No,No,Teacher,South Metro,Permanent Full-Time,Active,2026-03-16,,1.0
ED103864,Male,53,No,No,Teacher,North Metro,Permanent Full-Time,Active,1997-12-18,,1.0
ED103865,Female,27,No,No,Teacher,Kimberley,Permanent Full-Time,Active,2025-08-02,,1.0
ED103866,Male,41,No,No,Teacher,South Metro,Permanent Full-Time,Active,2008-06-08,,1.0
ED103867,Female,50,No,No,Principal,South Metro,Permanent Full-Time,Terminated,2000-01-03,2005-04-19,1.0
ED103868,Female,40,No,No,Principal,South Metro,Permanent Part-Time,Active,2024-10-08,,0.6
ED103869,Female,41,No,No,Teacher,South Metro,Permanent Full-Time,Terminated,2023-02-20,2023-10-18,1.0
ED103870,Male,42,No,Yes,Teacher,South West,Permanent Full-Time,Active,2015-10-22,,1.0
ED103871,Female,33,No,No,Teacher,North Metro,Fixed Term,Active,2017-09-27,,1.0
ED103872,Female,58,No,No,Teacher,Goldfields,Permanent Part-Time,Active,2017-10-23,,0.6
ED103873,Male,31,No,No,Education Assistant,North Metro,Permanent Full-Time,Active,2025-11-05,,1.0
ED103874,Female,47,No,No,Teacher,South West,Fixed Term,Active,2018-06-26,,1.0
ED103875,Female,48,No,No,Teacher,North Metro,Permanent Part-Time,Terminated,2008-08-29,2010-03-18,0.6
ED103876,Female,32,No,No,Teacher,North Metro,Permanent Full-Time,Active,2021-11-22,,1.0
ED103877,Female,44,No,No,Education Assistant,North Metro,Permanent Full-Time,Active,2019-06-11,,1.0
ED103878,Female,33,No,No,Lead Teacher,South Metro,Permanent Full-Time,Active,2018-09-19,,1.0
ED103879,Male,60,No,No,Teacher,North Metro,Fixed Term,Active,2015-12-13,,1.0
ED103880,Female,30,No,No,Teacher,South Metro,Permanent Full-Time,Active,2021-04-19,,1.0
ED103881,Female,36,No,No,Education Assistant,South Metro,Permanent Full-Time,Active,2020-03-06,,1.0
ED103882,Female,29,No,No,School Administrator,North Metro,Fixed Term,Active,2019-10-08,,1.0
ED103883,Female,27,No,No,Teacher,North Metro,Permanent Full-Time,Active,2026-04-06,,1.0
ED103884,Female,63,No,No,Aboriginal Education Officer,Mid West,Permanent Full-Time,Active,2010-06-16,,1.0
ED103885,Male,50,No,No,School Administrator,Goldfields,Permanent Full-Time,Active,2006-08-10,,1.0
ED103886,Female,45,No,No,Aboriginal Education Officer,Kimberley,Permanent Full-Time,Active,2014-08-06,,1.0
ED103887,Female,36,No,No,Lead Teacher,Kimberley,Permanent Part-Time,Active,2013-04-08,,0.6
ED103888,Female,54,No,No,Lead Teacher,North Metro,Permanent Part-Time,Terminated,2005-10-02,2007-07-20,0.6
ED103889,Female,34,No,No,Teacher,North Metro,Permanent Full-Time,Active,2014-03-16,,1.0
ED103890,Male,53,Yes,No,Education Assistant,North Metro,Permanent Full-Time,Active,2011-09-20,,1.0
ED103891,Male,33,No,No,Teacher,Wheatbelt,Permanent Full-Time,Active,2014-11-13,,1.0
ED103892,Female,36,No,No,Principal,Great Southern,Casual,Active,2025-07-28,,0.2
ED103893,Male,53,No,No,Teacher,South Metro,Permanent Part-Time,Active,2001-01-30,,0.6
ED103894,Female,54,No,No,Education Assistant,North Metro,Permanent Full-Time,Active,1995-06-19,,1.0
ED103895,Female,51,No,No,Education Assistant,North Metro,Permanent Full-Time,Terminated,2023-03-01,2026-01-25,1.0
ED103896,Female,31,No,No,Teacher,North Metro,Permanent Full-Time,Terminated,2021-12-02,2022-06-04,1.0
ED103897,Female,38,Yes,No,Education Assistant,South Metro,Permanent Full-Time,Active,2010-01-24,,1.0
ED103898,Male,45,No,No,Teacher,North Metro,Casual,Active,2017-12-04,,0.2
ED103899,Female,33,No,No,Education Assistant,South West,Permanent Part-Time,Active,2016-08-02,,0.6
ED103900,Female,60,No,No,Teacher,South Metro,Permanent Part-Time,Terminated,2013-01-21,2014-06-07,0.6
ED103901,Male,21,No,No,Teacher,South West,Permanent Full-Time,Active,2026-04-11,,1.0
ED103902,Female,34,No,No,Aboriginal Education Officer,Mid West,Permanent Full-Time,Active,2023-03-21,,1.0
ED103903,Male,37,No,No,Teacher,Pilbara,Permanent Full-Time,Active,2019-04-29,,1.0
ED103904,Female,21,No,No,Education Assistant,South Metro,Permanent Full-Time,Active,2025-11-18,,1.0
ED103905,Female,27,No,No,Teacher,South Metro,Permanent Full-Time,Active,2023-09-25,,1.0
ED103906,Male,51,No,No,Teacher,South Metro,Permanent Full-Time,Active,2016-05-30,,1.0
ED103907,Female,44,No,No,Teacher,South Metro,Permanent Full-Time,Active,2021-02-11,,1.0
ED103908,Male,62,No,No,Lead Teacher,South Metro,Permanent Full-Time,Active,2016-09-04,,1.0
ED103909,Female,62,No,No,Teacher,Great Southern,Fixed Term,Active,2024-02-02,,1.0
ED103910,Male,49,No,No,Teacher,Pilbara,Fixed Term,Active,2000-05-08,,1.0
ED103911,Female,47,No,No,Teacher,Mid West,Permanent Full-Time,Active,2004-01-27,,1.0
ED103912,Female,44,No,Yes,Teacher,Wheatbelt,Permanent Full-Time,Active,2018-03-20,,1.0
ED103913,Male,21,No,No,School Administrator,North Metro,Permanent Full-Time,Active,2026-01-02,,1.0
ED103914,Female,27,No,No,School Administrator,North Metro,Fixed Term,Active,2025-06-10,,1.0
ED103915,Male,45,No,No,Teacher,South Metro,Casual,Active,2004-06-26,,0.2
ED103916,Male,51,Yes,No,Deputy Principal,South Metro,Fixed Term,Active,1999-07-28,,1.0
ED103917,Male,47,No,No,Teacher,Wheatbelt,Permanent Part-Time,Active,2019-09-03,,0.6
ED103918,Male,33,No,No,Principal,South Metro,Permanent Full-Time,Active,2016-07-02,,1.0
ED103919,Female,55,No,No,Education Assistant,South Metro,Permanent Full-Time,Active,2014-08-25,,1.0
ED103920,Female,61,No,No,School Administrator,South Metro,Permanent Full-Time,Active,2012-11-26,,1.0
ED103921,Female,55,No,No,Teacher,North Metro,Permanent Part-Time,Active,2022-01-31,,0.6
ED103922,Female,55,Yes,No,Education Assistant,South Metro,Permanent Full-Time,Active,1998-04-23,,1.0
ED103923,Female,37,No,No,Teacher,Wheatbelt,Permanent Part-Time,Active,2022-05-22,,0.6
ED103924,Female,56,No,No,School Administrator,North Metro,Permanent Part-Time,Terminated,2002-08-18,2014-03-19,0.6
ED103925,Female,45,No,No,Teacher,South Metro,Permanent Full-Time,Active,2016-07-07,,1.0
ED103926,Female,50,No,No,Lead Teacher,South Metro,Fixed Term,Active,2008-02-03,,1.0
ED103927,Female,48,No,No,Principal,North Metro,Permanent Full-Time,Active,2012-12-12,,1.0
ED103928,Male,42,No,No,Deputy Principal,North Metro,Fixed Term,Active,2019-05-04,,1.0
ED103929,Female,33,No,No,Teacher,Great Southern,Fixed Term,Active,2017-07-28,,1.0
ED103930,Female,43,No,No,School Administrator,South Metro,Permanent Full-Time,Active,2013-12-07,,1.0
ED103931,Male,55,No,No,Teacher,North Metro,Permanent Full-Time,Terminated,1994-06-21,2023-03-22,1.0
ED103932,Female,38,No,No,Lead Teacher,North Metro,Permanent Full-Time,Active,2012-09-05,,1.0
ED103933,Male,54,No,No,Teacher,Goldfields,Permanent Part-Time,Active,2010-07-10,,0.6
ED103934,Female,52,No,No,Teacher,South Metro,Permanent Full-Time,Active,2002-10-25,,1.0
ED103935,Female,40,No,No,Teacher,South Metro,Fixed Term,Active,2015-05-27,,1.0
ED103936,Female,60,No,No,Teacher,North Metro,Permanent Full-Time,Active,2025-10-18,,1.0
ED103937,Male,39,No,No,Teacher,South West,Permanent Part-Time,Active,2017-06-14,,0.6
ED103938,Female,62,No,No,Teacher,South Metro,Casual,Active,2017-01-11,,0.2
ED103939,Male,49,No,No,Teacher,North Metro,Permanent Part-Time,Active,2014-05-04,,0.6
ED103940,Female,43,No,No,Education Assistant,South Metro,Permanent Full-Time,Active,2005-05-23,,1.0
ED103941,Female,33,No,No,Aboriginal Education Officer,South Metro,Permanent Full-Time,Active,2015-06-10,,1.0
ED103942,Female,42,No,No,Teacher,Wheatbelt,Permanent Full-Time,Active,2013-10-15,,1.0
ED103943,Female,41,No,No,Teacher,South West,Permanent Full-Time,Active,2021-12-29,,1.0
ED103944,Female,28,No,No,Teacher,North Metro,Permanent Full-Time,Active,2023-06-01,,1.0
ED103945,Male,41,No,No,Teacher,Wheatbelt,Permanent Full-Time,Active,2009-03-19,,1.0
ED103946,Female,34,No,Yes,Principal,Mid West,Permanent Part-Time,Active,2020-05-14,,0.6
ED103947,Female,51,No,No,Lead Teacher,South West,Permanent Full-Time,Active,2010-04-26,,1.0
ED103948,Female,59,No,No,Teacher,North Metro,Permanent Part-Time,Active,1996-03-29,,0.6
ED103949,Male,29,No,No,Teacher,South Metro,Permanent Full-Time,Terminated,2022-12-30,2023-08-12,1.0
ED103950,Non-binary,64,No,No,Teacher,North Metro,Permanent Full-Time,Terminated,2020-08-19,2023-11-14,1.0
ED103951,Male,42,No,No,Education Assistant,Wheatbelt,Permanent Full-Time,Active,2018-08-07,,1.0
ED103952,Male,32,No,No,School Administrator,North Metro,Permanent Full-Time,Active,2016-12-29,,1.0
ED103953,Male,53,No,No,Teacher,South Metro,Permanent Full-Time,Active,2006-03-25,,1.0
ED103954,Male,38,No,No,Teacher,North Metro,Permanent Part-Time,Active,2015-04-08,,0.6
ED103955,Female,43,No,Yes,Education Assistant,North Metro,Casual,Terminated,2017-05-19,2019-10-09,0.2
ED103956,Female,39,No,No,School Administrator,South Metro,Permanent Full-Time,Active,2013-01-26,,1.0
ED103957,Female,34,No,No,Teacher,Wheatbelt,Permanent Full-Time,Active,2024-10-14,,1.0
ED103958,Female,52,Yes,No,Teacher,South Metro,Permanent Full-Time,Active,2008-02-14,,1.0
ED103959,Female,40,No,No,Teacher,Wheatbelt,Fixed Term,Active,2011-12-29,,1.0
ED103960,Female,26,No,No,Lead Teacher,North Metro,Permanent Part-Time,Active,2023-09-18,,0.6
ED103961,Female,50,No,No,Teacher,South Metro,Permanent Part-Time,Active,2025-03-21,,0.6
ED103962,Male,29,Yes,No,Teacher,South Metro,Permanent Full-Time,Terminated,2019-12-17,2024-12-02,1.0
ED103963,Female,30,No,No,Lead Teacher,North Metro,Permanent Full-Time,Active,2025-05-15,,1.0
ED103964,Male,58,No,No,Teacher,South Metro,Permanent Full-Time,Active,2024-03-09,,1.0
ED103965,Male,29,No,No,Education Assistant,Goldfields,Fixed Term,Active,2022-10-04,,1.0
ED103966,Male,21,No,No,Teacher,South Metro,Permanent Full-Time,Active,2025-05-23,,1.0
ED103967,Male,51,No,No,Teacher,Pilbara,Permanent Part-Time,Active,2021-03-26,,0.6
ED103968,Male,40,No,No,Lead Teacher,South Metro,Permanent Full-Time,Active,2008-12-23,,1.0
ED103969,Female,41,No,No,Teacher,North Metro,Permanent Full-Time,Active,2015-02-19,,1.0
ED103970,Female,40,No,No,School Administrator,North Metro,Permanent Full-Time,Active,2007-10-06,,1.0
ED103971,Female,46,No,No,Teacher,South Metro,Permanent Part-Time,Active,2026-01-03,,0.6
ED103972,Male,34,No,No,Teacher,North Metro,Permanent Full-Time,Terminated,2024-04-21,2026-05-14,1.0
ED103973,Male,61,No,No,Deputy Principal,North Metro,Casual,Active,2002-04-29,,0.2
ED103974,Male,26,No,No,Teacher,South Metro,Permanent Full-Time,Active,2022-08-04,,1.0
ED103975,Female,49,No,No,Aboriginal Education Officer,South Metro,Permanent Full-Time,Active,2006-06-03,,1.0
ED103976,Female,51,No,No,Teacher,North Metro,Permanent Full-Time,Active,2004-06-23,,1.0
ED103977,Female,34,No,No,Teacher,Kimberley,Fixed Term,Active,2020-02-27,,1.0
ED103978,Female,31,No,No,Teacher,South Metro,Permanent Full-Time,Active,2021-01-18,,1.0
ED103979,Female,56,No,No,Teacher,North Metro,Permanent Full-Time,Active,2003-07-17,,1.0
ED103980,Female,32,No,No,Education Assistant,Pilbara,Permanent Full-Time,Active,2020-11-11,,1.0
ED103981,Male,36,No,No,Education Assistant,South Metro,Permanent Full-Time,Active,2017-11-12,,1.0
ED103982,Female,54,No,No,Teacher,South Metro,Permanent Part-Time,Active,2016-03-14,,0.6
ED103983,Female,44,No,No,Teacher,South Metro,Permanent Full-Time,Active,2011-12-18,,1.0
ED103984,Male,22,No,No,Education Assistant,North Metro,Permanent Part-Time,Active,2025-10-24,,0.6
ED103985,Female,64,No,No,School Administrator,Kimberley,Permanent Part-Time,Active,2004-07-12,,0.6
ED103986,Female,37,No,No,Teacher,South Metro,Fixed Term,Active,2020-08-01,,1.0
ED103987,Female,39,No,No,Teacher,South West,Permanent Full-Time,Active,2015-04-28,,1.0
ED103988,Female,47,No,No,Teacher,Mid West,Permanent Full-Time,Active,2009-01-13,,1.0
ED103989,Female,51,No,No,Education Assistant,South Metro,Fixed Term,Active,2011-12-10,,1.0
ED103990,Female,67,No,No,Teacher,North Metro,Permanent Part-Time,Active,1994-03-25,,0.6
ED103991,Female,24,No,No,Teacher,North Metro,Permanent Full-Time,Active,2026-03-20,,1.0
ED103992,Female,53,No,No,Education Assistant,North Metro,Permanent Full-Time,Active,2008-08-15,,1.0
ED103993,Female,52,No,No,Teacher,South Metro,Fixed Term,Terminated,2000-05-17,2013-10-07,1.0
ED103994,Male,42,No,Yes,Teacher,North Metro,Permanent Full-Time,Active,2021-01-14,,1.0
ED103995,Female,53,No,No,Teacher,South Metro,Fixed Term,Terminated,2023-11-23,2025-12-15,1.0
ED103996,Male,55,No,No,Teacher,North Metro,Permanent Full-Time,Active,1998-07-27,,1.0
ED103997,Female,27,No,No,Teacher,Great Southern,Permanent Full-Time,Active,2022-11-24,,1.0
ED103998,Female,64,No,No,Teacher,North Metro,Permanent Full-Time,Terminated,1996-02-23,2022-07-26,1.0
ED103999,Male,25,No,No,Teacher,South West,Permanent Full-Time,Active,2025-06-30,,1.0
ED104000,Female,30,No,No,Lead Teacher,South West,Permanent Full-Time,Active,2019-03-05,,1.0
ED104001,Female,40,No,No,Education Assistant,South Metro,Fixed Term,Active,2023-04-24,,1.0
ED104002,Female,67,No,No,Education Assistant,Kimberley,Permanent Part-Time,Active,2012-05-04,,0.6
ED104003,Female,40,No,No,Teacher,South Metro,Permanent Part-Time,Active,2017-07-19,,0.6
ED104004,Male,43,No,No,Teacher,South Metro,Permanent Part-Time,Active,2021-12-01,,0.6
ED104005,Male,61,No,No,Teacher,North Metro,Permanent Full-Time,Active,1996-04-02,,1.0
ED104006,Female,40,No,No,Teacher,North Metro,Permanent Full-Time,Active,2023-10-04,,1.0
ED104007,Female,29,No,No,Teacher,South Metro,Fixed Term,Active,2024-11-21,,1.0
ED104008,Female,38,No,No,Principal,South Metro,Permanent Full-Time,Active,2014-07-25,,1.0
ED104009,Male,60,No,No,Teacher,South Metro,Permanent Full-Time,Terminated,1992-10-29,2024-04-30,1.0
ED104010,Male,44,No,No,Teacher,North Metro,Casual,Active,2021-02-05,,0.2
ED104011,Male,67,No,No,Teacher,South Metro,Permanent Full-Time,Terminated,2016-06-10,2022-09-18,1.0
ED104012,Female,52,Yes,No,Deputy Principal,North Metro,Fixed Term,Active,2015-03-23,,1.0
ED104013,Male,36,No,No,Teacher,North Metro,Fixed Term,Active,2023-10-04,,1.0
ED104014,Female,44,No,No,Lead Teacher,North Metro,Permanent Full-Time,Active,2009-01-16,,1.0
ED104015,Female,33,No,No,Teacher,North Metro,Permanent Full-Time,Active,2026-03-29,,1.0
ED104016,Male,35,No,No,Aboriginal Education Officer,North Metro,Casual,Active,2026-02-08,,0.2
ED104017,Female,67,No,No,Aboriginal Education Officer,Mid West,Permanent Full-Time,Active,2004-09-23,,1.0
ED104018,Male,56,No,No,Teacher,North Metro,Permanent Full-Time,Active,2005-11-22,,1.0
ED104019,Female,54,No,No,Teacher,Goldfields,Permanent Full-Time,Active,1996-03-24,,1.0
ED104020,Male,36,No,No,Teacher,North Metro,Permanent Part-Time,Active,2016-06-01,,0.6
ED104021,Female,62,No,No,Teacher,Wheatbelt,Permanent Part-Time,Terminated,2014-01-28,2025-07-04,0.6
ED104022,Female,57,No,No,Principal,South Metro,Fixed Term,Active,2007-07-03,,1.0
ED104023,Female,66,No,No,Education Assistant,North Metro,Fixed Term,Terminated,2005-05-17,2011-08-09,1.0
ED104024,Female,65,No,No,Principal,South Metro,Fixed Term,Active,2007-04-18,,1.0
ED104025,Female,26,No,No,Education Assistant,South Metro,Permanent Full-Time,Active,2023-07-19,,1.0
ED104026,Female,30,No,No,Teacher,South Metro,Permanent Part-Time,Active,2023-02-21,,0.6
ED104027,Female,31,No,No,Teacher,North Metro,Permanent Full-Time,Active,2026-03-02,,1.0
ED104028,Female,32,No,No,Education Assistant,Great Southern,Permanent Full-Time,Active,2023-10-03,,1.0
ED104029,Female,47,No,No,Teacher,South Metro,Fixed Term,Active,2010-03-19,,1.0
ED104030,Female,37,No,No,Principal,North Metro,Permanent Full-Time,Terminated,2021-04-25,2025-04-04,1.0
ED104031,Male,67,No,No,Teacher,Kimberley,Fixed Term,Active,2026-02-14,,1.0
ED104032,Male,66,No,No,Teacher,South Metro,Permanent Full-Time,Active,2009-09-22,,1.0
ED104033,Female,43,No,No,School Administrator,Wheatbelt,Fixed Term,Terminated,2021-10-16,2024-08-14,1.0
ED104034,Female,67,No,Yes,Teacher,South Metro,Permanent Full-Time,Terminated,2008-05-15,2014-02-28,1.0
ED104035,Male,61,No,No,School Administrator,Kimberley,Permanent Full-Time,Active,2008-01-30,,1.0
ED104036,Female,38,No,No,School Administrator,North Metro,Permanent Full-Time,Terminated,2024-06-26,2025-10-03,1.0
ED104037,Female,21,No,No,Education Assistant,Wheatbelt,Permanent Full-Time,Active,2025-10-17,,1.0
ED104038,Female,41,No,No,Principal,Pilbara,Permanent Full-Time,Active,2013-03-14,,1.0
ED104039,Female,36,No,No,Lead Teacher,North Metro,Fixed Term,Active,2019-01-20,,1.0
ED104040,Female,46,No,No,Education Assistant,North Metro,Permanent Part-Time,Active,2008-03-27,,0.6
ED104041,Female,45,No,No,Teacher,North Metro,Permanent Full-Time,Active,2025-05-02,,1.0
ED104042,Female,44,Yes,No,Teacher,Great Southern,Permanent Full-Time,Active,2017-03-02,,1.0
ED104043,Female,50,No,No,Lead Teacher,North Metro,Permanent Full-Time,Terminated,2005-11-27,2012-02-26,1.0
ED104044,Female,29,No,No,Teacher,South Metro,Permanent Full-Time,Active,2020-05-17,,1.0
ED104045,Female,48,No,No,Teacher,North Metro,Permanent Part-Time,Active,2020-09-02,,0.6
ED104046,Female,38,No,No,Teacher,South Metro,Permanent Full-Time,Terminated,2014-04-12,2019-03-24,1.0
ED104047,Female,46,No,No,Lead Teacher,South Metro,Permanent Part-Time,Active,2019-10-16,,0.6
ED104048,Male,55,No,No,Education Assistant,South West,Permanent Full-Time,Active,2003-07-07,,1.0
ED104049,Female,29,No,No,Teacher,South Metro,Permanent Full-Time,Terminated,2018-11-21,2021-04-11,1.0
ED104050,Female,40,No,No,School Administrator,Mid West,Permanent Part-Time,Active,2008-12-21,,0.6
ED104051,Female,42,No,No,Deputy Principal,South Metro,Permanent Full-Time,Active,2013-10-12,,1.0
ED104052,Female,37,No,No,Education Assistant,North Metro,Fixed Term,Active,2023-02-24,,1.0
ED104053,Female,54,No,No,Lead Teacher,North Metro,Permanent Part-Time,Active,2014-12-03,,0.6
ED104054,Female,35,No,No,Education Assistant,South Metro,Permanent Part-Time,Active,2019-04-02,,0.6
ED104055,Male,37,Yes,No,Teacher,South West,Permanent Full-Time,Active,2010-08-16,,1.0
ED104056,Female,35,No,No,Education Assistant,Wheatbelt,Fixed Term,Active,2025-08-30,,1.0
ED104057,Male,57,No,No,Teacher,North Metro,Permanent Part-Time,Terminated,1993-11-26,2003-11-27,0.6
ED104058,Female,38,Yes,No,Aboriginal Education Officer,North Metro,Permanent Full-Time,Terminated,2011-11-02,2020-11-25,1.0
ED104059,Male,49,No,No,School Administrator,North Metro,Permanent Full-Time,Active,2020-04-02,,1.0
ED104060,Male,67,No,No,Teacher,South West,Permanent Full-Time,Active,2019-01-28,,1.0
ED104061,Male,43,No,No,Teacher,Wheatbelt,Permanent Full-Time,Active,2018-04-23,,1.0
ED104062,Female,57,No,No,Education Assistant,Mid West,Casual,Active,1994-06-12,,0.2
ED104063,Female,64,Yes,No,Teacher,South Metro,Permanent Full-Time,Terminated,1992-10-27,2021-05-09,1.0
ED104064,Male,56,No,No,Education Assistant,South Metro,Fixed Term,Terminated,2014-10-09,2017-01-04,1.0
ED104065,Male,43,No,Yes,Teacher,South Metro,Permanent Full-Time,Active,2015-11-02,,1.0
ED104066,Male,51,No,No,Teacher,North Metro,Permanent Full-Time,Active,2017-08-08,,1.0
ED104067,Female,28,No,No,School Administrator,South Metro,Casual,Active,2020-05-24,,0.2
ED104068,Male,34,No,No,Principal,North Metro,Permanent Full-Time,Active,2021-01-15,,1.0
ED104069,Female,36,No,No,Education Assistant,North Metro,Permanent Full-Time,Terminated,2017-11-04,2019-11-14,1.0
ED104070,Female,67,No,No,Teacher,South West,Fixed Term,Active,2016-07-06,,1.0
ED104071,Female,34,No,No,Principal,Pilbara,Fixed Term,Active,2024-02-09,,1.0
ED104072,Female,34,No,No,Lead Teacher,South Metro,Fixed Term,Active,2025-10-26,,1.0
ED104073,Male,31,No,No,Lead Teacher,South Metro,Fixed Term,Active,2016-06-14,,1.0
ED104074,Female,50,No,Yes,Deputy Principal,South Metro,Permanent Part-Time,Active,2007-12-17,,0.6
ED104075,Female,45,No,No,Lead Teacher,Pilbara,Permanent Full-Time,Active,2008-07-08,,1.0
ED104076,Female,57,No,No,Teacher,Mid West,Permanent Part-Time,Active,2018-04-05,,0.6
ED104077,Female,52,No,No,Teacher,Pilbara,Casual,Terminated,2018-05-15,2021-08-15,0.2
ED104078,Female,27,No,No,Education Assistant,Kimberley,Permanent Full-Time,Active,2022-12-03,,1.0
ED104079,Female,34,No,No,Teacher,North Metro,Permanent Full-Time,Active,2020-06-14,,1.0
ED104080,Female,60,Yes,No,Deputy Principal,North Metro,Permanent Full-Time,Active,2020-05-24,,1.0
ED104081,Male,41,No,No,Teacher,South Metro,Permanent Part-Time,Active,2022-10-14,,0.6
ED104082,Male,58,No,No,Lead Teacher,North Metro,Permanent Full-Time,Active,2012-11-01,,1.0
ED104083,Female,42,No,No,Education Assistant,Pilbara,Permanent Part-Time,Active,2010-08-29,,0.6
ED104084,Female,32,No,No,Teacher,North Metro,Permanent Full-Time,Active,2022-10-06,,1.0
ED104085,Female,40,No,No,Teacher,North Metro,Permanent Part-Time,Active,2007-07-06,,0.6
ED104086,Male,32,No,No,Teacher,South Metro,Permanent Full-Time,Active,2025-10-31,,1.0
ED104087,Female,37,Yes,No,Lead Teacher,Great Southern,Permanent Full-Time,Active,2012-09-01,,1.0
ED104088,Female,46,No,No,Education Assistant,North Metro,Permanent Part-Time,Active,2019-08-28,,0.6
ED104089,Female,50,No,No,Teacher,South Metro,Permanent Full-Time,Terminated,2004-05-22,2020-10-03,1.0
ED104090,Male,24,No,No,Education Assistant,South Metro,Permanent Full-Time,Active,2024-04-27,,1.0
ED104091,Female,43,No,No,Teacher,North Metro,Permanent Full-Time,Active,2013-06-19,,1.0
ED104092,Female,36,No,No,Teacher,South Metro,Permanent Full-Time,Active,2023-12-01,,1.0
ED104093,Male,36,No,No,School Administrator,Kimberley,Permanent Full-Time,Active,2024-03-26,,1.0
ED104094,Female,45,No,No,Teacher,South Metro,Casual,Active,2022-01-08,,0.2
ED104095,Female,37,No,No,Teacher,Wheatbelt,Permanent Part-Time,Active,2025-06-18,,0.6
ED104096,Female,60,No,No,Teacher,North Metro,Fixed Term,Terminated,2023-02-14,2025-08-29,1.0
ED104097,Male,58,No,No,Teacher,North Metro,Permanent Full-Time,Active,2023-06-01,,1.0
ED104098,Female,58,No,No,Teacher,South West,Permanent Full-Time,Active,2006-03-13,,1.0
ED104099,Male,38,No,No,Teacher,South Metro,Permanent Full-Time,Terminated,2015-02-23,2019-08-20,1.0
ED104100,Female,32,No,No,Lead Teacher,South Metro,Permanent Part-Time,Active,2021-01-16,,0.6
ED104101,Male,44,No,No,Teacher,Mid West,Permanent Full-Time,Active,2026-04-17,,1.0
ED104102,Female,42,No,No,Teacher,North Metro,Permanent Part-Time,Active,2007-04-24,,0.6
ED104103,Female,36,No,No,Teacher,Kimberley,Permanent Full-Time,Active,2015-10-28,,1.0
ED104104,Male,29,No,No,Teacher,North Metro,Permanent Full-Time,Active,2022-11-15,,1.0
ED104105,Female,43,No,No,Principal,North Metro,Permanent Full-Time,Active,2012-12-11,,1.0
ED104106,Female,39,No,No,School Administrator,North Metro,Fixed Term,Active,2020-08-21,,1.0
ED104107,Female,52,No,No,Teacher,Mid West,Permanent Full-Time,Active,2000-07-18,,1.0
ED104108,Male,51,No,No,Aboriginal Education Officer,North Metro,Permanent Full-Time,Active,2025-11-06,,1.0
ED104109,Female,57,No,No,Lead Teacher,Kimberley,Fixed Term,Active,2019-03-08,,1.0
ED104110,Male,28,No,No,Lead Teacher,South West,Permanent Part-Time,Terminated,2022-01-20,2024-02-29,0.6
ED104111,Female,48,Yes,No,Teacher,South Metro,Permanent Full-Time,Active,2019-05-12,,1.0
ED104112,Female,35,No,No,Teacher,South Metro,Permanent Full-Time,Active,2018-11-21,,1.0
ED104113,Female,29,No,No,Teacher,South Metro,Permanent Full-Time,Terminated,2021-06-29,2022-01-01,1.0
ED104114,Female,38,No,No,Lead Teacher,North Metro,Permanent Full-Time,Terminated,2017-06-14,2018-10-25,1.0
ED104115,Female,56,No,No,Teacher,South Metro,Permanent Part-Time,Active,2020-05-06,,0.6
ED104116,Female,39,No,No,Aboriginal Education Officer,South Metro,Permanent Full-Time,Active,2019-04-26,,1.0
ED104117,Female,62,No,No,Teacher,Great Southern,Fixed Term,Active,1991-12-31,,1.0
ED104118,Male,50,No,No,Teacher,South West,Permanent Full-Time,Terminated,1999-06-11,2001-12-25,1.0
ED104119,Female,39,No,No,Deputy Principal,Wheatbelt,Permanent Full-Time,Active,2009-06-26,,1.0
ED104120,Female,57,No,Yes,Teacher,South West,Casual,Active,2005-09-08,,0.2
ED104121,Female,49,No,No,Teacher,South Metro,Permanent Full-Time,Active,2023-06-30,,1.0
ED104122,Female,32,No,No,Deputy Principal,Goldfields,Fixed Term,Terminated,2018-07-12,2019-09-02,1.0
ED104123,Female,66,No,No,Aboriginal Education Officer,South West,Permanent Part-Time,Terminated,2013-02-04,2018-05-23,0.6
ED104124,Female,47,No,No,Education Assistant,South Metro,Permanent Full-Time,Active,2007-03-01,,1.0
ED104125,Male,44,No,No,Principal,Great Southern,Permanent Full-Time,Active,2014-02-25,,1.0
ED104126,Female,33,No,No,Principal,South Metro,Permanent Full-Time,Active,2022-03-27,,1.0
ED104127,Female,58,No,No,School Administrator,South Metro,Fixed Term,Active,1995-02-18,,1.0
ED104128,Female,50,No,No,Teacher,Kimberley,Permanent Full-Time,Terminated,2000-05-19,2020-03-13,1.0
ED104129,Female,51,No,No,Teacher,South West,Permanent Full-Time,Active,1997-07-03,,1.0
ED104130,Female,37,No,No,Teacher,North Metro,Permanent Full-Time,Active,2022-01-17,,1.0
ED104131,Female,54,No,No,Teacher,Pilbara,Permanent Part-Time,Active,2019-12-03,,0.6
ED104132,Female,54,No,No,Principal,South Metro,Permanent Full-Time,Active,2001-09-16,,1.0
ED104133,Female,35,No,No,Lead Teacher,North Metro,Permanent Full-Time,Active,2014-03-09,,1.0
ED104134,Female,26,No,Yes,Lead Teacher,Mid West,Casual,Active,2023-10-17,,0.2
ED104135,Female,50,No,No,Teacher,South Metro,Permanent Full-Time,Active,2015-05-08,,1.0
ED104136,Female,25,No,No,Deputy Principal,Goldfields,Permanent Full-Time,Active,2025-02-07,,1.0
ED104137,Female,45,No,No,Teacher,North Metro,Permanent Part-Time,Active,2019-02-28,,0.6
ED104138,Female,38,No,No,Principal,South Metro,Fixed Term,Active,2020-08-18,,1.0
ED104139,Female,58,Yes,No,Lead Teacher,South Metro,Permanent Full-Time,Active,2014-01-07,,1.0
ED104140,Female,39,Yes,No,Teacher,South Metro,Permanent Full-Time,Terminated,2024-01-05,2024-10-20,1.0
ED104141,Female,57,No,No,Teacher,North Metro,Permanent Full-Time,Active,2010-12-28,,1.0
ED104142,Female,37,No,No,Teacher,Great Southern,Permanent Full-Time,Active,2023-04-24,,1.0
ED104143,Female,55,No,No,Education Assistant,South Metro,Permanent Part-Time,Active,2007-11-03,,0.6
ED104144,Female,67,No,No,Aboriginal Education Officer,Pilbara,Permanent Full-Time,Active,1996-03-26,,1.0
ED104145,Female,31,No,No,Lead Teacher,South Metro,Permanent Part-Time,Active,2021-09-13,,0.6
ED104146,Female,47,No,No,Teacher,South Metro,Permanent Full-Time,Terminated,2004-09-11,2023-10-23,1.0
ED104147,Female,67,No,No,Teacher,South Metro,Fixed Term,Active,2017-11-02,,1.0
ED104148,Female,44,No,No,Deputy Principal,South Metro,Permanent Full-Time,Active,2023-10-09,,1.0
ED104149,Female,44,No,No,Education Assistant,South Metro,Fixed Term,Terminated,2007-06-16,2014-05-25,1.0
ED104150,Female,53,No,No,Teacher,South Metro,Permanent Full-Time,Active,2002-05-30,,1.0
ED104151,Male,44,No,Yes,Teacher,South Metro,Permanent Part-Time,Active,2014-11-21,,0.6
ED104152,Female,23,No,No,Deputy Principal,North Metro,Permanent Full-Time,Active,2025-05-30,,1.0
ED104153,Female,57,No,No,Teacher,South Metro,Permanent Full-Time,Active,1995-04-07,,1.0
ED104154,Male,21,No,No,Teacher,North Metro,Fixed Term,Active,2025-08-16,,1.0
ED104155,Male,38,No,No,Teacher,North Metro,Permanent Full-Time,Active,2024-08-19,,1.0
ED104156,Male,58,No,No,Teacher,South West,Permanent Full-Time,Active,2025-08-25,,1.0
ED104157,Female,39,No,No,Education Assistant,South Metro,Permanent Part-Time,Active,2021-12-02,,0.6
ED104158,Male,35,No,No,School Administrator,Goldfields,Permanent Part-Time,Active,2014-01-06,,0.6
ED104159,Female,54,No,No,Lead Teacher,South Metro,Permanent Full-Time,Active,2000-01-03,,1.0
ED104160,Female,33,No,No,Teacher,South West,Permanent Full-Time,Active,2022-05-07,,1.0
ED104161,Female,29,No,No,Teacher,South Metro,Permanent Full-Time,Active,2025-05-24,,1.0
ED104162,Female,47,No,No,Teacher,Pilbara,Fixed Term,Active,2002-10-21,,1.0
ED104163,Female,41,No,No,Teacher,South Metro,Permanent Full-Time,Active,2024-03-05,,1.0
ED104164,Female,29,No,No,Lead Teacher,Great Southern,Permanent Part-Time,Active,2025-04-01,,0.6
ED104165,Female,51,No,No,Teacher,Wheatbelt,Permanent Full-Time,Terminated,2017-05-08,2024-12-29,1.0
ED104166,Female,49,No,No,Teacher,Wheatbelt,Permanent Full-Time,Active,1998-10-29,,1.0
ED104167,Male,39,No,Yes,Teacher,North Metro,Permanent Full-Time,Active,2015-08-26,,1.0
ED104168,Female,40,No,No,Teacher,North Metro,Permanent Part-Time,Active,2008-09-03,,0.6
ED104169,Female,49,No,No,Teacher,North Metro,Permanent Full-Time,Active,2000-12-30,,1.0
ED104170,Male,58,No,No,Teacher,North Metro,Permanent Full-Time,Active,1995-07-20,,1.0
ED104171,Female,40,No,No,School Administrator,Wheatbelt,Permanent Full-Time,Active,2008-02-28,,1.0
ED104172,Female,51,No,No,Teacher,North Metro,Permanent Full-Time,Active,2001-08-13,,1.0
ED104173,Male,50,No,No,Teacher,North Metro,Permanent Full-Time,Active,2024-03-14,,1.0
ED104174,Male,54,No,No,Education Assistant,North Metro,Permanent Full-Time,Active,2002-08-18,,1.0
ED104175,Male,44,No,No,School Administrator,North Metro,Permanent Part-Time,Active,2011-08-12,,0.6
ED104176,Female,33,No,No,Lead Teacher,North Metro,Permanent Full-Time,Active,2019-07-05,,1.0
ED104177,Female,38,No,No,Education Assistant,Mid West,Permanent Full-Time,Active,2012-01-11,,1.0
ED104178,Female,48,No,No,Teacher,South Metro,Casual,Active,2018-03-04,,0.2
ED104179,Female,65,No,No,Teacher,North Metro,Permanent Full-Time,Terminated,2021-10-23,2026-04-23,1.0
ED104180,Female,38,No,No,Teacher,South Metro,Fixed Term,Active,2022-03-03,,1.0
ED104181,Female,53,No,No,Principal,South Metro,Permanent Full-Time,Active,2014-01-24,,1.0
ED104182,Male,40,No,No,Deputy Principal,North Metro,Permanent Full-Time,Active,2021-08-05,,1.0
ED104183,Female,45,No,No,Teacher,Goldfields,Permanent Full-Time,Active,2014-01-29,,1.0
ED104184,Female,62,No,No,Teacher,Kimberley,Permanent Full-Time,Terminated,2008-10-25,2018-04-13,1.0
ED104185,Female,53,No,No,Lead Teacher,Kimberley,Permanent Full-Time,Terminated,2010-01-01,2020-01-28,1.0
ED104186,Female,29,No,Yes,Teacher,Kimberley,Permanent Full-Time,Active,2022-05-09,,1.0
ED104187,Male,37,No,No,Lead Teacher,North Metro,Permanent Part-Time,Active,2026-01-25,,0.6
ED104188,Female,59,No,No,Deputy Principal,South West,Permanent Full-Time,Active,2017-08-02,,1.0
ED104189,Female,45,No,No,Deputy Principal,Mid West,Permanent Full-Time,Active,2011-11-11,,1.0
ED104190,Female,30,No,No,Education Assistant,South West,Permanent Full-Time,Active,2025-07-05,,1.0
ED104191,Female,34,No,No,Education Assistant,North Metro,Permanent Part-Time,Terminated,2021-09-12,2024-06-27,0.6
ED104192,Female,52,No,No,Teacher,South West,Permanent Full-Time,Terminated,1997-03-04,2014-08-21,1.0
ED104193,Male,55,No,No,Education Assistant,Mid West,Permanent Full-Time,Active,2023-04-22,,1.0
ED104194,Female,44,No,No,Lead Teacher,Wheatbelt,Fixed Term,Active,2019-05-29,,1.0
ED104195,Female,67,No,No,Teacher,North Metro,Casual,Active,2025-10-11,,0.2
ED104196,Female,53,No,No,Teacher,Pilbara,Permanent Full-Time,Active,2022-11-17,,1.0
ED104197,Male,41,No,No,Teacher,South West,Fixed Term,Active,2018-11-08,,1.0
ED104198,Male,34,No,No,Teacher,Goldfields,Permanent Full-Time,Active,2018-07-12,,1.0
ED104199,Female,32,No,Yes,Lead Teacher,South Metro,Fixed Term,Terminated,2016-03-28,2023-07-22,1.0
ED104200,Female,48,No,No,Education Assistant,South West,Permanent Part-Time,Active,2006-02-22,,0.6
ED104201,Male,38,No,No,Teacher,South Metro,Fixed Term,Active,2016-09-02,,1.0
ED104202,Male,64,No,No,Teacher,South Metro,Permanent Part-Time,Active,2019-10-27,,0.6
ED104203,Male,61,No,No,School Administrator,South Metro,Permanent Full-Time,Terminated,2015-04-03,2026-05-08,1.0
ED104204,Male,51,No,No,Teacher,South West,Permanent Full-Time,Terminated,2024-07-12,2025-06-28,1.0
ED104205,Female,29,No,No,Teacher,North Metro,Permanent Full-Time,Active,2018-11-24,,1.0
ED104206,Female,35,Yes,No,Lead Teacher,South Metro,Permanent Full-Time,Active,2016-03-20,,1.0
ED104207,Male,59,No,No,Teacher,Goldfields,Permanent Full-Time,Active,2009-08-14,,1.0
ED104208,Male,37,No,No,Teacher,Mid West,Casual,Active,2021-05-09,,0.2
ED104209,Female,57,No,Yes,Teacher,South Metro,Permanent Full-Time,Active,2017-05-19,,1.0
ED104210,Female,49,No,No,Teacher,South West,Permanent Full-Time,Active,2002-01-11,,1.0
ED104211,Male,44,No,No,Lead Teacher,South West,Permanent Full-Time,Active,2025-06-01,,1.0
ED104212,Female,35,No,No,Teacher,North Metro,Permanent Part-Time,Active,2017-05-16,,0.6
ED104213,Male,42,No,No,Teacher,South Metro,Permanent Full-Time,Active,2005-06-06,,1.0
ED104214,Female,46,No,No,Lead Teacher,North Metro,Permanent Full-Time,Active,2012-07-09,,1.0
ED104215,Female,56,No,No,Education Assistant,North Metro,Fixed Term,Active,2025-07-15,,1.0
ED104216,Female,33,No,No,Teacher,South Metro,Fixed Term,Active,2017-06-03,,1.0
ED104217,Female,40,No,No,Teacher,South West,Permanent Part-Time,Active,2014-03-10,,0.6
ED104218,Female,44,No,No,Deputy Principal,Wheatbelt,Permanent Part-Time,Terminated,2017-01-30,2024-05-20,0.6
ED104219,Female,51,No,No,Teacher,North Metro,Permanent Full-Time,Active,2019-05-14,,1.0
ED104220,Female,33,No,No,Teacher,North Metro,Permanent Part-Time,Active,2019-03-27,,0.6
ED104221,Male,28,No,No,Lead Teacher,South Metro,Permanent Full-Time,Active,2021-12-17,,1.0
ED104222,Female,52,No,No,Aboriginal Education Officer,South Metro,Permanent Full-Time,Active,2017-04-18,,1.0
ED104223,Female,25,No,No,Education Assistant,North Metro,Permanent Full-Time,Active,2025-11-01,,1.0
ED104224,Female,59,No,No,Lead Teacher,South West,Permanent Full-Time,Terminated,1992-09-17,2023-08-25,1.0
ED104225,Female,42,No,No,Education Assistant,South West,Permanent Full-Time,Active,2021-02-13,,1.0
ED104226,Female,25,No,No,Teacher,South Metro,Permanent Full-Time,Active,2023-09-28,,1.0
ED104227,Female,38,No,No,Lead Teacher,South West,Permanent Full-Time,Active,2025-03-10,,1.0
ED104228,Female,48,No,No,Teacher,South Metro,Permanent Full-Time,Active,2007-06-14,,1.0
ED104229,Female,37,No,No,Teacher,Pilbara,Permanent Part-Time,Active,2016-06-06,,0.6
ED104230,Female,44,No,No,Deputy Principal,South Metro,Permanent Full-Time,Active,2016-01-10,,1.0
ED104231,Female,52,No,No,Lead Teacher,North Metro,Fixed Term,Active,2015-03-02,,1.0
ED104232,Female,41,No,No,Teacher,South West,Permanent Full-Time,Active,2007-09-10,,1.0
ED104233,Male,32,No,No,Aboriginal Education Officer,South Metro,Permanent Part-Time,Active,2025-12-03,,0.6
ED104234,Male,40,No,No,Teacher,Pilbara,Permanent Part-Time,Active,2017-10-08,,0.6
ED104235,Male,60,No,No,Teacher,South Metro,Casual,Active,1999-07-14,,0.2
ED104236,Male,64,No,No,Teacher,North Metro,Permanent Full-Time,Active,2016-08-06,,1.0
ED104237,Female,21,No,No,Education Assistant,North Metro,Permanent Full-Time,Active,2025-06-10,,1.0
ED104238,Female,57,No,No,Deputy Principal,South Metro,Permanent Full-Time,Terminated,2017-04-27,2024-04-14,1.0
ED104239,Female,47,No,No,Teacher,Goldfields,Permanent Full-Time,Active,2000-11-06,,1.0
ED104240,Male,55,No,No,Principal,North Metro,Permanent Full-Time,Active,2012-11-11,,1.0
ED104241,Male,37,No,No,Teacher,Kimberley,Fixed Term,Active,2015-05-25,,1.0
ED104242,Male,22,No,No,Education Assistant,Kimberley,Permanent Full-Time,Active,2025-06-29,,1.0
ED104243,Female,51,No,No,Teacher,Kimberley,Permanent Full-Time,Active,2014-12-08,,1.0
ED104244,Male,32,No,No,Teacher,South Metro,Permanent Full-Time,Active,2021-10-11,,1.0
ED104245,Female,27,Yes,No,School Administrator,South West,Permanent Full-Time,Active,2022-06-25,,1.0
ED104246,Female,28,No,No,Teacher,South Metro,Fixed Term,Active,2020-06-18,,1.0
ED104247,Male,51,No,No,Teacher,South Metro,Fixed Term,Active,2005-08-04,,1.0
ED104248,Female,45,No,No,Lead Teacher,North Metro,Permanent Full-Time,Terminated,2013-04-29,2016-02-01,1.0
ED104249,Non-binary,53,No,No,School Administrator,North Metro,Permanent Full-Time,Active,2021-08-31,,1.0
ED104250,Female,52,No,Yes,Teacher,North Metro,Fixed Term,Active,1995-12-29,,1.0
ED104251,Male,38,No,No,Teacher,South Metro,Permanent Full-Time,Active,2025-07-31,,1.0
ED104252,Female,43,No,No,Teacher,North Metro,Permanent Part-Time,Active,2011-07-03,,0.6
ED104253,Male,37,No,No,Teacher,North Metro,Fixed Term,Active,2025-01-05,,1.0
ED104254,Male,41,No,No,Teacher,Mid West,Permanent Full-Time,Active,2019-04-04,,1.0
ED104255,Male,32,No,No,Principal,North Metro,Permanent Full-Time,Terminated,2020-03-23,2025-02-16,1.0
ED104256,Female,48,No,No,School Administrator,North Metro,Permanent Full-Time,Active,2008-09-09,,1.0
ED104257,Male,56,No,No,Teacher,North Metro,Fixed Term,Active,2003-05-16,,1.0
ED104258,Female,34,No,No,Teacher,Mid West,Permanent Full-Time,Active,2017-03-07,,1.0
ED104259,Female,59,No,No,Teacher,North Metro,Permanent Full-Time,Active,2015-04-25,,1.0
ED104260,Female,45,No,No,Teacher,South Metro,Permanent Part-Time,Active,2019-06-01,,0.6
ED104261,Male,46,No,No,Aboriginal Education Officer,South Metro,Fixed Term,Active,2004-04-08,,1.0
ED104262,Female,23,No,No,Teacher,Goldfields,Permanent Full-Time,Terminated,2024-09-29,2025-04-27,1.0
ED104263,Male,22,No,No,Teacher,South Metro,Permanent Full-Time,Active,2026-03-19,,1.0
ED104264,Male,45,No,No,Principal,Mid West,Permanent Full-Time,Active,2021-10-21,,1.0
ED104265,Female,53,No,No,Teacher,North Metro,Permanent Full-Time,Active,1995-11-28,,1.0
ED104266,Male,35,No,No,Lead Teacher,North Metro,Permanent Full-Time,Active,2021-04-25,,1.0
ED104267,Female,64,No,No,Teacher,North Metro,Fixed Term,Active,1997-07-23,,1.0
ED104268,Male,52,No,No,Education Assistant,North Metro,Permanent Full-Time,Terminated,2000-05-16,2022-06-22,1.0
ED104269,Female,33,No,No,School Administrator,North Metro,Permanent Full-Time,Active,2025-09-15,,1.0
ED104270,Female,44,Yes,No,Lead Teacher,North Metro,Permanent Full-Time,Active,2012-09-23,,1.0
ED104271,Female,67,No,No,School Administrator,South Metro,Permanent Full-Time,Terminated,2021-11-05,2025-06-12,1.0
ED104272,Female,29,No,No,Teacher,Goldfields,Permanent Part-Time,Active,2020-03-15,,0.6
ED104273,Female,50,No,Yes,Teacher,South Metro,Permanent Part-Time,Active,2019-08-12,,0.6
ED104274,Female,40,No,No,Lead Teacher,Kimberley,Permanent Part-Time,Active,2014-02-06,,0.6
ED104275,Female,52,No,No,Lead Teacher,North Metro,Permanent Part-Time,Active,1996-06-04,,0.6
ED104276,Female,59,No,No,Teacher,North Metro,Permanent Part-Time,Active,1993-04-08,,0.6
ED104277,Female,39,No,No,Teacher,South Metro,Permanent Full-Time,Active,2023-12-26,,1.0
ED104278,Male,57,No,No,Teacher,North Metro,Permanent Full-Time,Active,2013-06-08,,1.0
ED104279,Female,67,No,No,Teacher,North Metro,Permanent Part-Time,Terminated,2019-07-20,2024-08-20,0.6
ED104280,Male,44,No,No,Teacher,South Metro,Permanent Full-Time,Active,2019-12-20,,1.0
ED104281,Female,53,No,No,Education Assistant,South West,Permanent Full-Time,Active,1996-09-19,,1.0
ED104282,Female,36,No,No,Teacher,Kimberley,Permanent Full-Time,Terminated,2013-04-19,2019-11-12,1.0
ED104283,Female,44,No,No,Teacher,North Metro,Permanent Full-Time,Active,2004-08-20,,1.0
ED104284,Female,41,No,No,Lead Teacher,Wheatbelt,Permanent Full-Time,Active,2006-11-07,,1.0
ED104285,Female,53,No,No,Lead Teacher,Pilbara,Permanent Part-Time,Active,2002-12-18,,0.6
ED104286,Female,58,No,No,Education Assistant,South Metro,Permanent Full-Time,Active,2024-08-01,,1.0
ED104287,Male,42,No,No,Lead Teacher,Wheatbelt,Fixed Term,Active,2026-02-01,,1.0
ED104288,Male,62,No,No,Teacher,South Metro,Permanent Full-Time,Terminated,2017-11-25,2023-10-24,1.0
ED104289,Female,62,No,No,Education Assistant,North Metro,Permanent Full-Time,Active,2013-03-26,,1.0
ED104290,Male,54,No,No,Teacher,South Metro,Permanent Full-Time,Active,1994-11-05,,1.0
ED104291,Female,37,No,No,Teacher,South Metro,Permanent Full-Time,Terminated,2018-01-14,2022-02-22,1.0
ED104292,Female,36,No,No,Lead Teacher,South Metro,Fixed Term,Active,2017-05-15,,1.0
ED104293,Female,34,No,No,Aboriginal Education Officer,South Metro,Permanent Full-Time,Active,2013-06-27,,1.0
ED104294,Male,55,No,No,Teacher,South West,Permanent Full-Time,Active,2017-12-22,,1.0
ED104295,Male,29,No,No,Teacher,South West,Permanent Full-Time,Active,2019-05-15,,1.0
ED104296,Male,52,No,No,Teacher,Wheatbelt,Permanent Full-Time,Active,2016-09-17,,1.0
ED104297,Female,31,No,No,Teacher,Mid West,Permanent Full-Time,Active,2022-09-28,,1.0
ED104298,Female,53,No,No,Teacher,South West,Permanent Full-Time,Active,1994-11-05,,1.0
ED104299,Female,44,No,No,Lead Teacher,North Metro,Permanent Full-Time,Active,2022-08-17,,1.0
ED104300,Female,60,No,No,Teacher,North Metro,Permanent Part-Time,Active,1997-04-07,,0.6
ED104301,Female,57,No,No,School Administrator,South Metro,Permanent Part-Time,Active,2004-05-06,,0.6
ED104302,Female,61,No,No,Education Assistant,Wheatbelt,Permanent Full-Time,Active,1994-07-30,,1.0
ED104303,Female,61,Yes,No,Lead Teacher,South Metro,Permanent Full-Time,Terminated,2013-03-03,2023-10-30,1.0
ED104304,Female,45,No,Yes,Education Assistant,Pilbara,Permanent Part-Time,Active,2014-03-20,,0.6
ED104305,Female,30,No,No,Teacher,North Metro,Permanent Part-Time,Active,2024-11-20,,0.6
ED104306,Female,31,No,No,Teacher,North Metro,Permanent Full-Time,Terminated,2023-09-25,2024-04-13,1.0
ED104307,Female,21,No,No,Lead Teacher,Pilbara,Permanent Full-Time,Active,2025-06-08,,1.0
ED104308,Female,30,No,No,Education Assistant,North Metro,Permanent Full-Time,Active,2019-07-13,,1.0
ED104309,Female,44,Yes,No,Education Assistant,South Metro,Permanent Full-Time,Active,2019-08-07,,1.0
ED104310,Female,37,No,No,Teacher,North Metro,Permanent Full-Time,Active,2012-12-26,,1.0
ED104311,Female,41,No,No,School Administrator,North Metro,Permanent Full-Time,Active,2010-09-04,,1.0
ED104312,Female,49,No,No,Teacher,Kimberley,Fixed Term,Active,2016-08-03,,1.0
ED104313,Female,40,No,No,Education Assistant,South Metro,Permanent Full-Time,Active,2021-08-27,,1.0
ED104314,Male,30,No,No,School Administrator,South Metro,Permanent Full-Time,Active,2021-01-29,,1.0
ED104315,Female,43,No,No,Teacher,North Metro,Permanent Part-Time,Active,2022-08-19,,0.6
ED104316,Female,33,No,No,Deputy Principal,Mid West,Permanent Part-Time,Active,2015-01-30,,0.6
ED104317,Female,40,No,No,Teacher,South Metro,Permanent Full-Time,Terminated,2025-04-13,2026-03-03,1.0
ED104318,Male,60,No,No,Teacher,South Metro,Permanent Full-Time,Active,1993-04-10,,1.0
ED104319,Female,40,No,No,Teacher,Kimberley,Permanent Full-Time,Active,2011-03-19,,1.0
ED104320,Female,65,No,Yes,Lead Teacher,North Metro,Permanent Full-Time,Active,2013-05-17,,1.0
ED104321,Female,61,No,No,School Administrator,South West,Permanent Full-Time,Active,2022-01-26,,1.0
ED104322,Female,37,No,No,Principal,South Metro,Permanent Full-Time,Active,2019-11-01,,1.0
ED104323,Female,30,No,No,Teacher,South Metro,Permanent Full-Time,Active,2019-10-09,,1.0
ED104324,Male,43,No,No,Education Assistant,North Metro,Permanent Part-Time,Active,2009-10-18,,0.6
ED104325,Male,57,No,No,School Administrator,South West,Permanent Full-Time,Active,1999-11-28,,1.0
ED104326,Female,38,No,No,Teacher,Pilbara,Permanent Full-Time,Active,2012-06-07,,1.0
ED104327,Female,54,No,No,School Administrator,North Metro,Permanent Full-Time,Terminated,2005-11-11,2016-10-17,1.0
ED104328,Female,58,No,No,Teacher,North Metro,Permanent Part-Time,Active,1995-12-05,,0.6
ED104329,Female,34,No,No,Education Assistant,Mid West,Fixed Term,Active,2013-11-14,,1.0
ED104330,Female,35,No,No,Teacher,Kimberley,Permanent Part-Time,Active,2017-09-17,,0.6
ED104331,Female,52,No,No,Teacher,Pilbara,Casual,Active,2004-01-23,,0.2
ED104332,Female,45,No,No,Teacher,South Metro,Permanent Full-Time,Terminated,2021-02-24,2021-10-02,1.0
ED104333,Female,35,Yes,No,Lead Teacher,Kimberley,Permanent Full-Time,Terminated,2024-06-07,2026-05-04,1.0
ED104334,Female,39,No,No,Teacher,South Metro,Permanent Full-Time,Active,2015-07-08,,1.0
ED104335,Male,43,No,No,Teacher,North Metro,Permanent Full-Time,Active,2024-06-04,,1.0
ED104336,Female,25,No,No,Lead Teacher,South Metro,Permanent Full-Time,Active,2025-11-21,,1.0
ED104337,Male,53,No,No,Aboriginal Education Officer,Great Southern,Permanent Full-Time,Active,2006-08-29,,1.0
ED104338,Female,38,No,No,Teacher,North Metro,Permanent Full-Time,Active,2023-05-18,,1.0
ED104339,Female,21,No,No,Teacher,South Metro,Permanent Full-Time,Active,2025-08-25,,1.0
ED104340,Female,43,No,No,Teacher,Goldfields,Casual,Active,2005-07-25,,0.2
ED104341,Female,35,No,No,Teacher,South Metro,Permanent Full-Time,Active,2015-02-08,,1.0
ED104342,Female,64,No,No,Education Assistant,Wheatbelt,Permanent Full-Time,Active,2005-06-30,,1.0
ED104343,Male,36,No,No,Education Assistant,Pilbara,Permanent Full-Time,Active,2020-02-25,,1.0
ED104344,Male,30,No,No,Lead Teacher,North Metro,Fixed Term,Active,2024-08-30,,1.0
ED104345,Female,50,No,No,Teacher,Great Southern,Permanent Part-Time,Terminated,2024-01-08,2025-04-12,0.6
ED104346,Female,36,No,No,Education Assistant,Pilbara,Permanent Full-Time,Active,2023-07-20,,1.0
ED104347,Female,34,No,No,Lead Teacher,Wheatbelt,Permanent Full-Time,Active,2025-03-19,,1.0
ED104348,Female,50,No,No,Education Assistant,Goldfields,Permanent Part-Time,Active,2025-05-29,,0.6
ED104349,Female,31,No,No,Lead Teacher,Wheatbelt,Permanent Full-Time,Active,2019-08-27,,1.0
ED104350,Female,26,No,No,Education Assistant,North Metro,Casual,Active,2025-05-26,,0.2
ED104351,Female,64,No,No,Lead Teacher,North Metro,Permanent Full-Time,Active,2020-10-26,,1.0
ED104352,Female,50,No,No,Teacher,Wheatbelt,Permanent Full-Time,Active,2018-01-24,,1.0
ED104353,Female,40,No,No,School Administrator,North Metro,Fixed Term,Active,2017-10-08,,1.0
ED104354,Female,43,No,No,Teacher,North Metro,Permanent Full-Time,Active,2021-08-10,,1.0
ED104355,Female,50,No,No,Lead Teacher,Mid West,Permanent Full-Time,Active,2014-11-01,,1.0
ED104356,Male,55,No,No,Teacher,Wheatbelt,Permanent Full-Time,Active,2015-05-29,,1.0
ED104357,Female,34,No,No,Lead Teacher,North Metro,Permanent Part-Time,Active,2020-06-23,,0.6
ED104358,Male,48,No,No,Lead Teacher,Wheatbelt,Permanent Full-Time,Active,2020-09-10,,1.0
ED104359,Male,37,No,No,Teacher,Goldfields,Permanent Full-Time,Active,2013-05-28,,1.0
ED104360,Male,41,No,Yes,Teacher,South Metro,Permanent Full-Time,Active,2014-08-22,,1.0
ED104361,Male,45,No,No,Lead Teacher,Wheatbelt,Fixed Term,Terminated,2010-04-02,2012-07-20,1.0
ED104362,Female,43,No,No,Education Assistant,South Metro,Permanent Full-Time,Active,2011-12-15,,1.0
ED104363,Male,52,No,No,Teacher,North Metro,Permanent Full-Time,Active,2002-06-20,,1.0
ED104364,Female,49,No,No,Teacher,North Metro,Permanent Full-Time,Active,2001-11-28,,1.0
ED104365,Female,25,No,No,Principal,South Metro,Permanent Part-Time,Active,2025-09-28,,0.6
ED104366,Male,27,No,No,Teacher,South Metro,Fixed Term,Active,2024-09-29,,1.0
ED104367,Male,39,No,No,Teacher,Mid West,Permanent Full-Time,Active,2016-01-21,,1.0
ED104368,Male,65,No,No,Teacher,Mid West,Fixed Term,Active,1998-07-25,,1.0
ED104369,Male,33,No,No,Teacher,South Metro,Permanent Full-Time,Active,2022-06-25,,1.0
ED104370,Male,41,No,No,Teacher,Mid West,Permanent Full-Time,Active,2021-06-13,,1.0
ED104371,Female,37,No,No,Teacher,North Metro,Fixed Term,Active,2016-10-18,,1.0
ED104372,Male,37,No,No,Teacher,North Metro,Permanent Full-Time,Active,2014-02-13,,1.0
ED104373,Female,46,No,No,Teacher,Wheatbelt,Permanent Part-Time,Active,2013-09-09,,0.6
ED104374,Male,60,No,No,Teacher,North Metro,Fixed Term,Active,2016-06-10,,1.0
ED104375,Male,49,No,No,Teacher,North Metro,Permanent Full-Time,Active,2010-02-12,,1.0
ED104376,Male,34,No,No,Teacher,Kimberley,Permanent Full-Time,Active,2022-05-12,,1.0
ED104377,Female,67,No,No,Education Assistant,South Metro,Fixed Term,Active,1997-10-12,,1.0
ED104378,Female,44,No,No,Teacher,Wheatbelt,Permanent Full-Time,Terminated,2005-06-30,2024-12-12,1.0
ED104379,Female,37,No,No,Teacher,North Metro,Permanent Full-Time,Active,2015-06-14,,1.0
ED104380,Male,60,No,No,Teacher,North Metro,Permanent Full-Time,Active,2021-06-14,,1.0
ED104381,Female,38,No,No,Teacher,North Metro,Permanent Full-Time,Active,2023-04-27,,1.0
ED104382,Female,63,No,Yes,Lead Teacher,South Metro,Permanent Part-Time,Active,2009-08-03,,0.6
ED104383,Female,33,No,No,Lead Teacher,South Metro,Permanent Full-Time,Active,2016-06-12,,1.0
ED104384,Male,61,No,No,Education Assistant,South Metro,Permanent Part-Time,Active,1993-06-17,,0.6
ED104385,Male,46,No,No,Lead Teacher,Wheatbelt,Fixed Term,Active,2002-10-05,,1.0
ED104386,Male,59,No,No,School Administrator,South West,Permanent Full-Time,Active,2002-10-09,,1.0
ED104387,Female,66,No,No,Teacher,North Metro,Permanent Full-Time,Active,2009-12-12,,1.0
ED104388,Female,30,No,No,Teacher,South Metro,Permanent Part-Time,Active,2023-05-26,,0.6
ED104389,Female,59,No,No,Teacher,South Metro,Permanent Part-Time,Active,2021-12-20,,0.6
ED104390,Female,27,No,No,Teacher,South West,Permanent Full-Time,Active,2024-04-10,,1.0
ED104391,Male,31,No,No,Teacher,Great Southern,Permanent Full-Time,Active,2017-05-05,,1.0
ED104392,Female,34,No,No,Lead Teacher,North Metro,Permanent Full-Time,Active,2015-05-28,,1.0
ED104393,Female,50,No,Yes,Teacher,Kimberley,Permanent Full-Time,Terminated,2016-03-21,2020-02-20,1.0
ED104394,Female,44,No,No,School Administrator,South Metro,Permanent Full-Time,Terminated,2023-04-03,2025-08-28,1.0
ED104395,Female,41,No,Yes,Education Assistant,North Metro,Permanent Part-Time,Active,2007-01-08,,0.6
ED104396,Male,45,No,No,Teacher,North Metro,Permanent Full-Time,Active,2020-05-17,,1.0
ED104397,Female,51,No,No,Teacher,South Metro,Casual,Active,2000-04-27,,0.2
ED104398,Male,52,No,No,Teacher,South Metro,Permanent Part-Time,Active,2016-12-12,,0.6
ED104399,Female,57,No,No,Teacher,North Metro,Permanent Full-Time,Terminated,2024-02-26,2025-08-20,1.0
ED104400,Female,65,No,No,Teacher,Goldfields,Permanent Full-Time,Terminated,1995-07-16,1998-12-21,1.0
ED104401,Female,43,No,No,Teacher,North Metro,Permanent Part-Time,Active,2014-02-18,,0.6
ED104402,Female,37,No,No,Teacher,South Metro,Permanent Part-Time,Active,2024-04-09,,0.6
ED104403,Male,51,No,No,Teacher,North Metro,Casual,Active,2003-11-05,,0.2
ED104404,Female,30,No,No,School Administrator,North Metro,Permanent Full-Time,Active,2021-03-29,,1.0
ED104405,Female,35,No,No,Deputy Principal,South Metro,Permanent Full-Time,Active,2020-02-13,,1.0
ED104406,Female,55,No,No,School Administrator,North Metro,Fixed Term,Active,2004-11-29,,1.0
ED104407,Female,42,Yes,No,Teacher,South Metro,Permanent Full-Time,Active,2020-12-10,,1.0
ED104408,Male,29,No,No,Teacher,North Metro,Permanent Part-Time,Active,2022-10-12,,0.6
ED104409,Female,26,No,No,Lead Teacher,South Metro,Permanent Full-Time,Active,2024-01-11,,1.0
ED104410,Female,44,No,No,Teacher,North Metro,Permanent Part-Time,Active,2014-01-10,,0.6
ED104411,Male,57,No,No,Teacher,Goldfields,Permanent Full-Time,Active,2006-10-01,,1.0
ED104412,Female,57,No,No,Principal,Pilbara,Permanent Part-Time,Active,1992-07-25,,0.6
ED104413,Female,45,No,No,Lead Teacher,North Metro,Permanent Full-Time,Active,2024-03-17,,1.0
ED104414,Female,67,Yes,No,Teacher,South Metro,Casual,Terminated,1995-10-06,2020-07-23,0.2
ED104415,Female,42,No,No,Teacher,North Metro,Permanent Full-Time,Terminated,2005-06-09,2015-12-23,1.0
ED104416,Male,42,Yes,No,Teacher,South Metro,Permanent Full-Time,Active,2025-03-25,,1.0
ED104417,Female,21,No,No,Teacher,North Metro,Permanent Full-Time,Active,2025-12-27,,1.0
ED104418,Male,38,No,No,Teacher,South Metro,Fixed Term,Active,2014-02-27,,1.0
ED104419,Female,54,No,No,Teacher,South Metro,Permanent Full-Time,Active,2003-07-07,,1.0
ED104420,Male,62,No,No,Teacher,South West,Permanent Full-Time,Active,2007-08-20,,1.0
ED104421,Female,34,No,No,School Administrator,South Metro,Permanent Full-Time,Active,2025-05-01,,1.0
ED104422,Female,49,No,No,Lead Teacher,South Metro,Permanent Full-Time,Active,2012-01-30,,1.0
ED104423,Female,56,No,No,Deputy Principal,South Metro,Permanent Full-Time,Active,2021-08-26,,1.0
ED104424,Female,44,No,No,Teacher,South West,Permanent Full-Time,Active,2019-07-20,,1.0
ED104425,Male,21,No,No,Teacher,Mid West,Permanent Part-Time,Active,2025-11-20,,0.6
ED104426,Female,46,No,No,Teacher,North Metro,Permanent Full-Time,Active,2013-01-22,,1.0
ED104427,Female,53,No,No,Teacher,Wheatbelt,Permanent Part-Time,Active,2004-12-23,,0.6
ED104428,Female,32,No,No,Teacher,South Metro,Fixed Term,Active,2022-05-18,,1.0
ED104429,Female,40,No,No,Education Assistant,Wheatbelt,Fixed Term,Active,2025-09-27,,1.0
ED104430,Non-binary,30,No,No,Principal,Wheatbelt,Permanent Part-Time,Terminated,2018-05-15,2022-06-11,0.6
ED104431,Male,21,No,No,Teacher,North Metro,Permanent Full-Time,Active,2026-04-19,,1.0
ED104432,Female,56,No,No,Teacher,Kimberley,Permanent Part-Time,Active,1996-06-01,,0.6
ED104433,Male,43,No,Yes,School Administrator,North Metro,Permanent Full-Time,Active,2010-07-14,,1.0
ED104434,Male,63,No,No,Teacher,North Metro,Permanent Full-Time,Active,2007-11-01,,1.0
ED104435,Female,54,No,No,Teacher,North Metro,Permanent Part-Time,Active,2021-10-16,,0.6
ED104436,Female,39,No,No,Teacher,Kimberley,Fixed Term,Active,2019-09-06,,1.0
ED104437,Female,43,No,No,Education Assistant,North Metro,Permanent Full-Time,Active,2011-01-02,,1.0
ED104438,Female,50,No,No,School Administrator,North Metro,Permanent Full-Time,Active,2010-12-26,,1.0
ED104439,Female,55,No,Yes,Teacher,Kimberley,Permanent Full-Time,Active,2022-06-03,,1.0
ED104440,Female,47,No,No,Education Assistant,North Metro,Permanent Full-Time,Active,2014-11-18,,1.0
ED104441,Female,57,No,No,Education Assistant,North Metro,Permanent Part-Time,Active,2014-04-20,,0.6
ED104442,Female,40,No,No,Teacher,North Metro,Permanent Full-Time,Active,2007-10-12,,1.0
ED104443,Male,32,No,No,Teacher,South Metro,Permanent Full-Time,Active,2022-02-19,,1.0
ED104444,Female,43,No,No,Teacher,South Metro,Permanent Full-Time,Active,2024-05-12,,1.0
ED104445,Female,46,No,No,School Administrator,North Metro,Fixed Term,Active,2004-10-16,,1.0
ED104446,Male,29,No,No,Teacher,Great Southern,Permanent Part-Time,Active,2025-12-26,,0.6
ED104447,Female,27,No,No,Education Assistant,Kimberley,Fixed Term,Active,2022-08-24,,1.0
ED104448,Female,49,No,No,Teacher,North Metro,Permanent Full-Time,Active,1999-08-04,,1.0
ED104449,Male,39,No,No,Education Assistant,North Metro,Fixed Term,Active,2013-04-08,,1.0
ED104450,Male,42,No,No,Teacher,South Metro,Permanent Full-Time,Active,2009-01-19,,1.0
ED104451,Female,39,No,No,Lead Teacher,South Metro,Fixed Term,Active,2011-02-21,,1.0
ED104452,Female,62,No,No,Education Assistant,North Metro,Permanent Full-Time,Active,1996-06-18,,1.0
ED104453,Male,59,No,No,Education Assistant,North Metro,Permanent Full-Time,Active,2013-12-14,,1.0
ED104454,Female,29,No,No,Education Assistant,Wheatbelt,Permanent Full-Time,Active,2024-08-15,,1.0
ED104455,Female,37,Yes,No,Teacher,North Metro,Permanent Full-Time,Active,2012-07-15,,1.0
ED104456,Female,54,No,No,Deputy Principal,South Metro,Permanent Full-Time,Terminated,2010-04-24,2026-04-29,1.0
ED104457,Female,51,No,No,Teacher,Wheatbelt,Fixed Term,Active,2006-04-07,,1.0
ED104458,Male,43,No,No,Teacher,Goldfields,Permanent Full-Time,Active,2013-02-07,,1.0
ED104459,Male,30,No,No,Teacher,North Metro,Permanent Full-Time,Active,2019-01-10,,1.0
ED104460,Male,35,No,No,Teacher,Goldfields,Permanent Full-Time,Active,2015-06-17,,1.0
ED104461,Male,37,No,No,Teacher,North Metro,Permanent Full-Time,Active,2022-12-17,,1.0
ED104462,Female,47,No,No,School Administrator,Pilbara,Permanent Part-Time,Active,2009-05-18,,0.6
ED104463,Female,64,No,No,Teacher,South Metro,Permanent Full-Time,Terminated,2001-09-17,2020-02-17,1.0
ED104464,Male,35,No,No,Principal,Mid West,Fixed Term,Active,2023-06-05,,1.0
ED104465,Female,31,No,No,Teacher,South West,Permanent Full-Time,Active,2016-06-10,,1.0
ED104466,Female,42,No,No,Teacher,South West,Fixed Term,Active,2016-02-12,,1.0
ED104467,Male,56,No,No,Teacher,South West,Permanent Full-Time,Terminated,2006-11-10,2017-07-20,1.0
ED104468,Female,26,No,No,School Administrator,South Metro,Fixed Term,Terminated,2024-07-28,2026-02-15,1.0
ED104469,Female,61,No,No,Education Assistant,South Metro,Permanent Full-Time,Active,2005-08-03,,1.0
ED104470,Male,41,No,No,Aboriginal Education Officer,South Metro,Permanent Part-Time,Active,2006-09-16,,0.6
ED104471,Non-binary,35,No,No,School Administrator,Goldfields,Permanent Full-Time,Active,2020-09-14,,1.0
ED104472,Female,24,No,No,Teacher,South West,Permanent Full-Time,Active,2025-11-04,,1.0
ED104473,Male,52,No,No,Teacher,North Metro,Permanent Full-Time,Active,2025-09-07,,1.0
ED104474,Female,41,No,No,Principal,South West,Permanent Part-Time,Active,2025-11-22,,0.6
ED104475,Female,46,No,No,Teacher,Mid West,Permanent Full-Time,Terminated,2017-11-18,2024-09-27,1.0
ED104476,Male,33,No,No,Teacher,Great Southern,Permanent Full-Time,Active,2015-06-08,,1.0
ED104477,Male,40,No,No,Teacher,South West,Permanent Part-Time,Active,2016-04-14,,0.6
ED104478,Female,38,No,No,Lead Teacher,North Metro,Permanent Part-Time,Active,2023-08-02,,0.6
ED104479,Female,42,Yes,No,Lead Teacher,North Metro,Casual,Terminated,2021-07-21,2023-09-21,0.2
ED104480,Female,35,No,No,Teacher,North Metro,Permanent Full-Time,Active,2016-09-29,,1.0
ED104481,Female,25,No,No,Teacher,North Metro,Permanent Full-Time,Active,2025-11-01,,1.0
ED104482,Female,67,No,No,Lead Teacher,South Metro,Permanent Full-Time,Active,2025-09-07,,1.0
ED104483,Female,27,No,Yes,Lead Teacher,Mid West,Permanent Part-Time,Active,2022-12-05,,0.6
ED104484,Female,46,No,No,Teacher,South West,Fixed Term,Active,2013-09-01,,1.0
ED104485,Female,22,No,Yes,Education Assistant,South Metro,Casual,Active,2026-02-08,,0.2
ED104486,Female,21,No,No,Teacher,North Metro,Fixed Term,Active,2025-09-13,,1.0
ED104487,Male,45,No,No,Teacher,North Metro,Fixed Term,Active,2013-01-28,,1.0
ED104488,Female,46,No,No,Education Assistant,North Metro,Casual,Active,2017-08-13,,0.2
ED104489,Female,59,No,No,Lead Teacher,South Metro,Permanent Full-Time,Active,2004-04-03,,1.0
ED104490,Male,48,No,No,Teacher,South Metro,Fixed Term,Active,2013-08-09,,1.0
ED104491,Male,42,No,No,Deputy Principal,North Metro,Permanent Part-Time,Active,2018-12-17,,0.6
ED104492,Female,32,No,No,Lead Teacher,North Metro,Permanent Full-Time,Active,2025-03-23,,1.0
ED104493,Female,61,Yes,No,Education Assistant,North Metro,Permanent Full-Time,Terminated,1994-10-04,2017-10-19,1.0
ED104494,Female,55,No,No,Education Assistant,South Metro,Permanent Full-Time,Active,2020-11-20,,1.0
ED104495,Female,29,No,No,Lead Teacher,South Metro,Permanent Part-Time,Active,2021-03-15,,0.6
ED104496,Male,44,No,Yes,Teacher,South Metro,Permanent Part-Time,Terminated,2014-02-20,2020-12-28,0.6
ED104497,Female,45,No,No,Teacher,South Metro,Permanent Full-Time,Active,2016-11-27,,1.0
ED104498,Female,39,No,No,Teacher,South West,Permanent Part-Time,Active,2016-09-14,,0.6
ED104499,Female,53,No,No,Teacher,North Metro,Permanent Full-Time,Active,2012-03-26,,1.0
ED104500,Male,53,No,No,Lead Teacher,South Metro,Fixed Term,Terminated,2022-04-04,2025-03-06,1.0
ED104501,Male,41,No,No,Teacher,Pilbara,Permanent Part-Time,Active,2021-08-23,,0.6
ED104502,Female,40,No,No,Teacher,South Metro,Casual,Active,2020-10-18,,0.2
ED104503,Female,61,No,No,Teacher,South West,Permanent Full-Time,Terminated,2012-11-13,2013-06-25,1.0
ED104504,Female,55,No,No,Teacher,South Metro,Fixed Term,Active,2025-01-27,,1.0
ED104505,Female,44,No,No,Teacher,South Metro,Permanent Full-Time,Active,2013-03-24,,1.0
ED104506,Male,24,No,No,Education Assistant,North Metro,Permanent Full-Time,Active,2025-11-27,,1.0
ED104507,Female,48,No,No,Teacher,South Metro,Permanent Full-Time,Active,2006-10-08,,1.0
ED104508,Male,52,No,No,Lead Teacher,North Metro,Permanent Part-Time,Active,2000-12-10,,0.6
ED104509,Female,21,No,No,School Administrator,North Metro,Casual,Active,2026-03-11,,0.2
ED104510,Male,47,No,No,Teacher,South Metro,Permanent Full-Time,Active,2001-02-05,,1.0
ED104511,Male,38,No,No,Teacher,South Metro,Fixed Term,Terminated,2018-03-10,2022-12-22,1.0
ED104512,Female,41,No,No,Teacher,North Metro,Permanent Full-Time,Active,2020-11-13,,1.0
ED104513,Female,33,No,No,Lead Teacher,Kimberley,Permanent Full-Time,Active,2015-10-01,,1.0
ED104514,Female,42,No,No,Lead Teacher,South Metro,Permanent Full-Time,Active,2016-08-25,,1.0
ED104515,Female,60,No,No,Teacher,North Metro,Permanent Full-Time,Terminated,2008-07-07,2021-07-08,1.0
ED104516,Female,38,No,No,Teacher,South Metro,Casual,Active,2016-04-05,,0.2
ED104517,Female,55,No,No,Aboriginal Education Officer,Kimberley,Permanent Part-Time,Active,2004-02-23,,0.6
ED104518,Male,34,No,No,Teacher,South Metro,Permanent Full-Time,Active,2022-03-13,,1.0
ED104519,Female,53,No,No,Teacher,South Metro,Permanent Part-Time,Active,2005-07-17,,0.6
ED104520,Male,44,No,No,Education Assistant,North Metro,Permanent Full-Time,Active,2022-09-07,,1.0
ED104521,Male,48,No,No,Lead Teacher,South Metro,Permanent Full-Time,Active,2000-06-07,,1.0
ED104522,Male,44,No,No,Aboriginal Education Officer,South West,Permanent Full-Time,Active,2009-12-21,,1.0
ED104523,Female,51,No,No,Lead Teacher,Goldfields,Permanent Part-Time,Active,2025-10-05,,0.6
ED104524,Female,21,No,No,Education Assistant,North Metro,Casual,Active,2026-04-02,,0.2
ED104525,Female,26,No,No,Teacher,South Metro,Permanent Full-Time,Active,2024-02-17,,1.0
ED104526,Female,49,Yes,No,Education Assistant,South West,Permanent Full-Time,Active,2020-06-19,,1.0
ED104527,Female,21,No,No,Aboriginal Education Officer,North Metro,Permanent Full-Time,Active,2026-02-19,,1.0
ED104528,Male,37,No,No,Lead Teacher,Great Southern,Permanent Full-Time,Active,2019-03-13,,1.0
ED104529,Female,43,No,Yes,Teacher,South West,Permanent Part-Time,Active,2021-11-07,,0.6
ED104530,Female,34,Yes,No,Teacher,North Metro,Permanent Full-Time,Terminated,2013-09-01,2024-12-04,1.0
ED104531,Male,35,No,No,Teacher,South West,Permanent Part-Time,Active,2025-07-01,,0.6
ED104532,Female,47,No,No,Teacher,South Metro,Permanent Full-Time,Active,2023-02-23,,1.0
ED104533,Female,56,No,No,Teacher,Wheatbelt,Permanent Full-Time,Active,2012-04-08,,1.0
ED104534,Male,32,No,No,Lead Teacher,South Metro,Permanent Full-Time,Active,2018-04-19,,1.0
ED104535,Female,37,Yes,No,Lead Teacher,South Metro,Permanent Full-Time,Active,2011-03-07,,1.0
ED104536,Female,35,No,No,Teacher,South Metro,Fixed Term,Active,2013-08-30,,1.0
ED104537,Female,21,No,No,Lead Teacher,Mid West,Permanent Full-Time,Active,2025-09-23,,1.0
ED104538,Male,45,No,No,Teacher,North Metro,Permanent Full-Time,Active,2015-04-08,,1.0
ED104539,Female,55,No,No,Teacher,South Metro,Permanent Part-Time,Terminated,1995-06-10,2012-05-04,0.6
ED104540,Female,56,No,No,Teacher,North Metro,Casual,Active,2009-11-14,,0.2
ED104541,Female,33,No,No,Teacher,North Metro,Fixed Term,Active,2015-10-11,,1.0
ED104542,Female,28,No,No,Teacher,North Metro,Permanent Full-Time,Active,2025-03-31,,1.0
ED104543,Female,44,No,No,Teacher,South Metro,Permanent Full-Time,Terminated,2022-03-18,2025-12-18,1.0
ED104544,Female,53,No,No,Teacher,North Metro,Permanent Part-Time,Active,2011-05-21,,0.6
ED104545,Female,45,No,No,Education Assistant,North Metro,Fixed Term,Active,2006-01-19,,1.0
ED104546,Female,47,No,No,Teacher,North Metro,Permanent Full-Time,Active,2004-08-10,,1.0
ED104547,Female,57,No,No,Lead Teacher,North Metro,Permanent Full-Time,Active,2003-03-26,,1.0
ED104548,Female,35,No,No,Principal,South Metro,Permanent Full-Time,Active,2014-07-28,,1.0
ED104549,Female,41,No,No,Education Assistant,South West,Permanent Full-Time,Active,2015-08-07,,1.0
ED104550,Female,63,No,No,School Administrator,North Metro,Permanent Full-Time,Active,2014-03-24,,1.0
ED104551,Female,41,No,No,Teacher,South West,Permanent Full-Time,Active,2015-11-05,,1.0
ED104552,Male,28,No,No,Teacher,Pilbara,Permanent Full-Time,Active,2020-02-03,,1.0
ED104553,Male,35,No,No,Aboriginal Education Officer,South Metro,Permanent Full-Time,Terminated,2016-10-13,2021-04-26,1.0
ED104554,Female,32,No,No,Teacher,South Metro,Permanent Full-Time,Active,2022-12-09,,1.0
ED104555,Female,48,No,No,Lead Teacher,Wheatbelt,Permanent Full-Time,Active,2009-09-09,,1.0
ED104556,Female,33,No,No,Principal,North Metro,Permanent Full-Time,Active,2020-10-18,,1.0
ED104557,Female,47,No,No,Principal,South Metro,Fixed Term,Active,2012-05-12,,1.0
ED104558,Female,35,No,No,School Administrator,Kimberley,Permanent Full-Time,Active,2026-01-30,,1.0
ED104559,Female,21,No,No,School Administrator,South Metro,Permanent Part-Time,Active,2025-05-23,,0.6
ED104560,Male,47,No,No,Deputy Principal,Wheatbelt,Fixed Term,Active,2012-03-16,,1.0
ED104561,Female,45,No,No,Teacher,North Metro,Permanent Full-Time,Active,2014-06-17,,1.0
ED104562,Female,50,No,No,Education Assistant,Kimberley,Permanent Full-Time,Active,1998-10-22,,1.0
ED104563,Male,35,No,No,Teacher,South Metro,Permanent Full-Time,Active,2018-12-21,,1.0
ED104564,Female,34,No,No,Teacher,South Metro,Permanent Part-Time,Active,2022-12-21,,0.6
ED104565,Female,48,No,Yes,Aboriginal Education Officer,North Metro,Permanent Full-Time,Active,2006-02-25,,1.0
ED104566,Male,62,No,No,Teacher,South Metro,Permanent Full-Time,Terminated,2013-02-23,2020-01-14,1.0
ED104567,Male,44,No,No,Teacher,South West,Fixed Term,Terminated,2025-04-20,2026-01-23,1.0
ED104568,Male,49,No,Yes,Teacher,South Metro,Permanent Part-Time,Active,2025-05-04,,0.6
ED104569,Female,40,No,No,Education Assistant,Wheatbelt,Permanent Full-Time,Terminated,2008-05-03,2009-09-23,1.0
ED104570,Female,25,No,No,Teacher,South Metro,Permanent Part-Time,Active,2023-12-02,,0.6
ED104571,Male,55,No,No,Principal,North Metro,Permanent Full-Time,Active,2005-06-24,,1.0
ED104572,Female,54,No,No,Teacher,North Metro,Permanent Part-Time,Active,2024-04-15,,0.6
ED104573,Male,52,No,No,Education Assistant,North Metro,Permanent Full-Time,Active,2007-06-09,,1.0
ED104574,Female,41,No,No,Education Assistant,South Metro,Permanent Part-Time,Active,2022-09-28,,0.6
ED104575,Female,51,No,No,Teacher,North Metro,Permanent Full-Time,Terminated,2014-09-14,2015-05-22,1.0
ED104576,Male,54,No,No,Teacher,Kimberley,Permanent Full-Time,Active,2024-07-24,,1.0
ED104577,Female,63,No,No,Teacher,Pilbara,Permanent Full-Time,Active,2003-10-08,,1.0
ED104578,Female,55,No,No,School Administrator,North Metro,Permanent Part-Time,Active,2010-06-03,,0.6
ED104579,Female,44,No,No,Lead Teacher,North Metro,Permanent Full-Time,Active,2018-01-18,,1.0
ED104580,Female,28,No,No,School Administrator,North Metro,Permanent Full-Time,Active,2025-11-06,,1.0
ED104581,Female,45,No,Yes,Teacher,South Metro,Permanent Full-Time,Active,2008-06-19,,1.0
ED104582,Female,47,No,No,Education Assistant,North Metro,Permanent Full-Time,Active,2008-06-28,,1.0
ED104583,Female,52,No,No,Education Assistant,North Metro,Permanent Part-Time,Active,2003-03-01,,0.6
ED104584,Male,60,No,No,Deputy Principal,South West,Casual,Active,2009-03-27,,0.2
ED104585,Female,42,No,No,School Administrator,Mid West,Permanent Part-Time,Active,2015-11-24,,0.6
ED104586,Male,67,No,No,Teacher,North Metro,Fixed Term,Terminated,2002-01-18,2012-12-25,1.0
ED104587,Female,22,No,No,Teacher,South Metro,Permanent Full-Time,Active,2025-06-25,,1.0
ED104588,Female,49,No,No,Principal,South Metro,Permanent Full-Time,Terminated,2013-05-25,2024-06-13,1.0
ED104589,Female,34,No,No,Deputy Principal,Mid West,Permanent Full-Time,Active,2021-02-08,,1.0
ED104590,Male,21,No,No,Lead Teacher,South Metro,Casual,Active,2025-10-21,,0.2
ED104591,Non-binary,41,No,No,Teacher,North Metro,Permanent Part-Time,Active,2017-03-19,,0.6
ED104592,Male,26,No,No,Teacher,Pilbara,Permanent Full-Time,Active,2022-04-02,,1.0
ED104593,Female,42,No,No,Teacher,South Metro,Permanent Full-Time,Active,2008-07-16,,1.0
ED104594,Female,44,No,No,Teacher,North Metro,Permanent Full-Time,Terminated,2014-08-08,2023-01-04,1.0
ED104595,Male,57,No,No,Lead Teacher,South Metro,Permanent Full-Time,Active,2019-10-20,,1.0
ED104596,Male,25,No,No,Education Assistant,South Metro,Permanent Part-Time,Active,2025-10-05,,0.6
ED104597,Male,54,No,No,Teacher,North Metro,Permanent Full-Time,Active,1996-01-22,,1.0
ED104598,Female,45,No,No,Teacher,North Metro,Fixed Term,Active,2006-09-14,,1.0
ED104599,Non-binary,56,No,No,Teacher,South Metro,Fixed Term,Active,2021-01-26,,1.0
ED104600,Female,38,No,No,Teacher,North Metro,Fixed Term,Active,2020-11-17,,1.0
ED104601,Female,28,No,No,Education Assistant,Mid West,Fixed Term,Terminated,2022-04-01,2023-12-07,1.0
ED104602,Female,29,No,No,Aboriginal Education Officer,North Metro,Permanent Full-Time,Active,2021-07-20,,1.0
ED104603,Female,28,No,No,Teacher,North Metro,Casual,Terminated,2021-05-23,2022-07-20,0.2
ED104604,Male,49,No,No,Education Assistant,Goldfields,Permanent Full-Time,Active,2003-06-15,,1.0
ED104605,Male,61,No,No,Aboriginal Education Officer,Mid West,Fixed Term,Active,2023-09-21,,1.0
ED104606,Male,37,No,No,Education Assistant,Mid West,Permanent Full-Time,Active,2015-07-30,,1.0
ED104607,Female,51,No,No,Teacher,South Metro,Permanent Full-Time,Active,2009-09-20,,1.0
ED104608,Female,25,No,No,School Administrator,North Metro,Permanent Full-Time,Active,2025-11-21,,1.0
ED104609,Female,46,No,No,Teacher,Pilbara,Permanent Full-Time,Active,2011-02-01,,1.0
ED104610,Female,52,No,No,Teacher,Kimberley,Fixed Term,Active,2017-05-25,,1.0
ED104611,Male,26,No,No,Teacher,North Metro,Fixed Term,Active,2022-03-31,,1.0
ED104612,Female,41,No,No,Teacher,South West,Permanent Full-Time,Active,2015-09-18,,1.0
ED104613,Female,52,No,No,Teacher,North Metro,Permanent Full-Time,Active,1997-10-09,,1.0
ED104614,Female,21,No,No,Teacher,Great Southern,Permanent Part-Time,Active,2026-03-09,,0.6
ED104615,Male,60,No,No,Teacher,Wheatbelt,Permanent Full-Time,Active,2010-04-15,,1.0
ED104616,Female,48,No,No,Education Assistant,Goldfields,Permanent Part-Time,Active,2001-01-03,,0.6
ED104617,Female,52,No,No,Education Assistant,South West,Permanent Full-Time,Active,2013-07-11,,1.0
ED104618,Male,39,No,No,Teacher,Kimberley,Permanent Part-Time,Active,2010-03-17,,0.6
ED104619,Female,23,No,No,Education Assistant,North Metro,Casual,Active,2024-12-05,,0.2
ED104620,Male,50,No,No,Education Assistant,South Metro,Permanent Full-Time,Terminated,2020-03-05,2024-07-05,1.0
ED104621,Female,43,No,No,Education Assistant,North Metro,Permanent Full-Time,Active,2025-02-18,,1.0
ED104622,Female,44,No,No,Teacher,South Metro,Fixed Term,Active,2015-09-21,,1.0
ED104623,Male,57,No,No,Deputy Principal,Pilbara,Fixed Term,Active,2018-05-23,,1.0
ED104624,Female,53,No,No,School Administrator,South Metro,Casual,Active,2020-06-08,,0.2
ED104625,Female,67,No,No,Deputy Principal,North Metro,Permanent Full-Time,Terminated,2008-05-16,2010-03-15,1.0
ED104626,Female,45,No,No,Teacher,South Metro,Permanent Full-Time,Terminated,2002-10-10,2013-04-12,1.0
ED104627,Female,35,No,No,Teacher,Wheatbelt,Permanent Full-Time,Active,2021-05-17,,1.0
ED104628,Female,41,No,No,Lead Teacher,North Metro,Permanent Full-Time,Active,2012-08-23,,1.0
ED104629,Female,48,No,No,Teacher,South Metro,Permanent Part-Time,Active,2022-02-26,,0.6
ED104630,Male,56,No,No,Teacher,North Metro,Permanent Full-Time,Active,1999-03-15,,1.0
ED104631,Male,26,No,No,Teacher,Kimberley,Permanent Part-Time,Active,2025-11-28,,0.6
ED104632,Female,44,No,No,Education Assistant,North Metro,Fixed Term,Terminated,2014-03-26,2022-05-14,1.0
ED104633,Female,63,No,No,Education Assistant,Goldfields,Casual,Active,2023-08-01,,0.2
ED104634,Female,41,No,No,Teacher,North Metro,Permanent Full-Time,Active,2023-11-12,,1.0
ED104635,Female,55,No,No,School Administrator,North Metro,Permanent Full-Time,Active,2020-10-28,,1.0
ED104636,Female,49,No,No,Teacher,South West,Fixed Term,Active,2003-06-02,,1.0
ED104637,Female,55,No,No,Principal,North Metro,Permanent Full-Time,Active,2024-04-14,,1.0
ED104638,Female,34,Yes,No,Education Assistant,South Metro,Fixed Term,Terminated,2016-07-21,2020-07-27,1.0
ED104639,Female,34,No,No,Education Assistant,North Metro,Fixed Term,Active,2020-01-10,,1.0
ED104640,Female,44,Yes,No,School Administrator,South Metro,Permanent Full-Time,Active,2015-04-04,,1.0
ED104641,Male,25,No,No,Teacher,South Metro,Permanent Full-Time,Active,2025-09-13,,1.0
ED104642,Male,40,No,No,Education Assistant,North Metro,Permanent Full-Time,Active,2011-09-14,,1.0
ED104643,Female,47,No,No,Teacher,North Metro,Permanent Part-Time,Terminated,2002-04-21,2007-12-23,0.6
ED104644,Male,65,No,Yes,Deputy Principal,South Metro,Permanent Full-Time,Active,2011-04-20,,1.0
ED104645,Female,48,No,No,Education Assistant,Goldfields,Permanent Part-Time,Active,2018-10-20,,0.6
ED104646,Male,51,No,No,Principal,Mid West,Fixed Term,Terminated,2011-03-21,2017-12-31,1.0
ED104647,Female,57,No,No,Teacher,South Metro,Permanent Full-Time,Active,2014-06-08,,1.0
ED104648,Male,32,No,No,Education Assistant,South Metro,Casual,Active,2016-08-08,,0.2
ED104649,Female,42,No,No,Teacher,North Metro,Permanent Part-Time,Active,2020-08-29,,0.6
ED104650,Female,67,No,No,Teacher,North Metro,Fixed Term,Terminated,2002-07-10,2021-12-09,1.0
ED104651,Female,43,No,No,Deputy Principal,North Metro,Permanent Full-Time,Active,2011-10-24,,1.0
ED104652,Female,57,No,No,Teacher,North Metro,Permanent Full-Time,Active,2014-04-09,,1.0
ED104653,Female,55,No,No,Education Assistant,North Metro,Permanent Full-Time,Active,2021-08-29,,1.0
ED104654,Female,26,Yes,No,Teacher,South Metro,Permanent Full-Time,Active,2022-07-30,,1.0
ED104655,Male,47,No,No,Teacher,South Metro,Permanent Full-Time,Active,2001-01-05,,1.0
ED104656,Female,45,No,No,Education Assistant,South West,Fixed Term,Active,2022-06-04,,1.0
ED104657,Female,47,No,No,Teacher,North Metro,Permanent Full-Time,Active,2017-12-17,,1.0
ED104658,Female,34,No,No,Teacher,South Metro,Casual,Active,2026-03-25,,0.2
ED104659,Male,30,No,No,Deputy Principal,Mid West,Permanent Full-Time,Active,2024-07-21,,1.0
ED104660,Male,38,No,No,Teacher,South Metro,Permanent Full-Time,Active,2012-01-29,,1.0
ED104661,Male,42,No,No,Lead Teacher,North Metro,Permanent Full-Time,Terminated,2013-03-26,2020-12-28,1.0
ED104662,Female,58,No,No,Teacher,North Metro,Casual,Active,2013-02-13,,0.2
ED104663,Female,65,No,No,Education Assistant,North Metro,Permanent Full-Time,Terminated,2020-10-01,2021-09-16,1.0
ED104664,Female,60,No,No,Education Assistant,North Metro,Permanent Full-Time,Terminated,1998-03-01,2015-01-06,1.0
ED104665,Female,54,No,No,Deputy Principal,Pilbara,Fixed Term,Active,2022-11-24,,1.0
ED104666,Female,31,No,No,Teacher,North Metro,Permanent Full-Time,Active,2019-06-21,,1.0
ED104667,Female,39,No,No,Education Assistant,North Metro,Permanent Part-Time,Active,2011-01-24,,0.6
ED104668,Female,46,No,No,Principal,Kimberley,Permanent Full-Time,Active,2025-06-05,,1.0
ED104669,Female,36,No,No,Deputy Principal,Mid West,Permanent Full-Time,Active,2015-08-23,,1.0
ED104670,Female,50,No,No,Teacher,South Metro,Permanent Full-Time,Active,2002-12-29,,1.0
ED104671,Male,52,No,No,Education Assistant,Kimberley,Fixed Term,Terminated,2011-09-10,2013-12-12,1.0
ED104672,Female,50,No,No,Deputy Principal,South Metro,Fixed Term,Terminated,2015-10-13,2018-07-29,1.0
ED104673,Male,56,No,No,Teacher,North Metro,Permanent Full-Time,Active,2003-01-19,,1.0
ED104674,Female,33,No,No,Teacher,South Metro,Permanent Full-Time,Terminated,2016-01-05,2023-09-09,1.0
ED104675,Female,55,No,No,Aboriginal Education Officer,South Metro,Permanent Full-Time,Active,2025-05-22,,1.0
ED104676,Female,35,No,No,Teacher,South West,Permanent Full-Time,Active,2021-03-27,,1.0
ED104677,Male,32,No,No,School Administrator,North Metro,Permanent Full-Time,Active,2024-08-19,,1.0
ED104678,Female,50,No,No,Principal,South Metro,Permanent Full-Time,Active,2020-06-23,,1.0
ED104679,Male,58,No,No,Lead Teacher,North Metro,Permanent Full-Time,Active,1998-07-10,,1.0
ED104680,Female,49,No,No,Teacher,South Metro,Permanent Full-Time,Active,2024-04-03,,1.0
ED104681,Female,44,No,No,Teacher,North Metro,Permanent Part-Time,Active,2018-04-29,,0.6
ED104682,Female,47,Yes,No,School Administrator,North Metro,Fixed Term,Active,2017-02-24,,1.0
ED104683,Female,45,No,No,Teacher,Mid West,Permanent Full-Time,Active,2016-08-03,,1.0
ED104684,Male,30,No,No,Education Assistant,South Metro,Permanent Part-Time,Terminated,2019-02-09,2020-11-12,0.6
ED104685,Female,29,No,No,Teacher,South Metro,Permanent Full-Time,Active,2026-02-01,,1.0
ED104686,Female,43,No,No,Teacher,North Metro,Permanent Full-Time,Active,2013-12-11,,1.0
ED104687,Male,44,No,No,Teacher,North Metro,Permanent Part-Time,Active,2018-04-02,,0.6
ED104688,Male,44,No,No,Teacher,South Metro,Permanent Part-Time,Active,2013-07-26,,0.6
ED104689,Female,52,No,No,School Administrator,Wheatbelt,Permanent Full-Time,Active,2022-10-13,,1.0
ED104690,Male,41,No,No,Teacher,Great Southern,Permanent Full-Time,Terminated,2016-07-23,2017-10-27,1.0
ED104691,Female,50,No,No,Teacher,South Metro,Fixed Term,Active,2013-05-30,,1.0
ED104692,Male,42,No,No,Teacher,South Metro,Permanent Part-Time,Active,2025-03-02,,0.6
ED104693,Female,65,No,No,Teacher,Wheatbelt,Permanent Part-Time,Terminated,2018-03-12,2022-10-20,0.6
ED104694,Female,44,No,No,Teacher,South Metro,Permanent Part-Time,Active,2024-06-15,,0.6
ED104695,Female,67,No,No,Education Assistant,South Metro,Permanent Full-Time,Terminated,2023-04-05,2025-06-11,1.0
ED104696,Female,48,No,No,Teacher,North Metro,Permanent Full-Time,Active,2012-10-23,,1.0
ED104697,Female,41,No,No,Teacher,Pilbara,Casual,Active,2006-10-01,,0.2
ED104698,Female,33,No,No,Teacher,South Metro,Permanent Full-Time,Active,2015-10-21,,1.0
ED104699,Female,26,No,No,School Administrator,Mid West,Permanent Full-Time,Active,2025-08-13,,1.0
ED104700,Non-binary,32,No,No,Teacher,Mid West,Permanent Part-Time,Active,2025-04-09,,0.6
ED104701,Female,33,No,No,Teacher,North Metro,Permanent Full-Time,Active,2024-12-17,,1.0
ED104702,Female,48,No,No,Principal,Kimberley,Permanent Full-Time,Active,2025-06-23,,1.0
ED104703,Female,37,No,No,Lead Teacher,Mid West,Permanent Full-Time,Active,2016-07-14,,1.0
ED104704,Male,46,No,No,Teacher,North Metro,Permanent Full-Time,Terminated,2009-09-13,2013-01-05,1.0
ED104705,Female,59,No,No,Teacher,North Metro,Permanent Part-Time,Active,2010-05-10,,0.6
ED104706,Female,42,No,No,Education Assistant,North Metro,Permanent Full-Time,Terminated,2017-02-09,2025-08-06,1.0
ED104707,Female,67,No,No,Teacher,South Metro,Permanent Full-Time,Terminated,2021-08-08,2025-11-25,1.0
ED104708,Female,29,No,No,Education Assistant,South Metro,Permanent Full-Time,Active,2025-09-06,,1.0
ED104709,Female,42,Yes,No,Lead Teacher,South Metro,Permanent Full-Time,Active,2009-04-11,,1.0
ED104710,Female,37,No,No,Teacher,North Metro,Permanent Full-Time,Active,2016-07-08,,1.0
ED104711,Female,55,No,No,Teacher,Wheatbelt,Permanent Full-Time,Active,2016-04-27,,1.0
ED104712,Female,21,No,No,Teacher,North Metro,Permanent Part-Time,Active,2026-01-22,,0.6
ED104713,Female,26,Yes,No,Education Assistant,North Metro,Permanent Part-Time,Active,2023-12-12,,0.6
ED104714,Female,42,Yes,No,Teacher,South Metro,Permanent Full-Time,Active,2006-06-05,,1.0
ED104715,Female,62,No,No,Teacher,South Metro,Permanent Full-Time,Terminated,2008-02-23,2023-04-17,1.0
ED104716,Male,46,No,No,Lead Teacher,North Metro,Permanent Full-Time,Active,2014-08-25,,1.0
ED104717,Male,27,No,No,School Administrator,North Metro,Permanent Full-Time,Active,2023-06-28,,1.0
ED104718,Female,29,No,No,Teacher,North Metro,Permanent Full-Time,Active,2026-01-12,,1.0
ED104719,Female,64,No,No,School Administrator,Kimberley,Permanent Full-Time,Terminated,2000-02-03,2005-05-13,1.0
ED104720,Female,36,No,No,Teacher,Mid West,Permanent Full-Time,Active,2014-01-04,,1.0
ED104721,Female,32,No,No,Teacher,South Metro,Casual,Active,2016-07-22,,0.2
ED104722,Female,61,No,No,Teacher,Kimberley,Permanent Part-Time,Active,2012-12-31,,0.6
ED104723,Female,56,No,No,Teacher,Pilbara,Fixed Term,Terminated,1993-01-19,2018-01-25,1.0
ED104724,Male,59,No,No,Teacher,North Metro,Permanent Full-Time,Active,1993-04-06,,1.0
ED104725,Male,32,No,No,Teacher,Great Southern,Permanent Full-Time,Terminated,2024-04-05,2025-01-25,1.0
ED104726,Female,25,No,No,Aboriginal Education Officer,Wheatbelt,Permanent Full-Time,Active,2025-07-18,,1.0
ED104727,Female,45,No,No,Education Assistant,North Metro,Casual,Terminated,2013-06-06,2026-02-23,0.2
ED104728,Male,48,No,No,Education Assistant,North Metro,Permanent Full-Time,Active,2025-06-26,,1.0
ED104729,Male,48,No,No,Teacher,North Metro,Permanent Full-Time,Active,2012-06-08,,1.0
ED104730,Male,61,No,No,Teacher,North Metro,Permanent Full-Time,Terminated,2022-09-02,2023-04-28,1.0
ED104731,Female,23,No,No,Teacher,Pilbara,Permanent Part-Time,Active,2025-09-14,,0.6
ED104732,Female,54,No,No,Deputy Principal,South Metro,Permanent Full-Time,Terminated,2009-12-11,2018-12-28,1.0
ED104733,Female,30,No,No,School Administrator,Mid West,Permanent Full-Time,Active,2024-02-26,,1.0
ED104734,Female,54,No,No,Teacher,Pilbara,Casual,Active,2002-06-07,,0.2
ED104735,Female,38,No,No,Teacher,South Metro,Permanent Full-Time,Terminated,2021-05-08,2024-01-10,1.0
ED104736,Female,34,No,No,Teacher,Goldfields,Permanent Full-Time,Active,2020-06-27,,1.0
ED104737,Male,36,No,No,Teacher,North Metro,Permanent Full-Time,Active,2025-06-07,,1.0
ED104738,Male,26,Yes,No,Teacher,North Metro,Fixed Term,Active,2022-09-15,,1.0
ED104739,Female,44,No,No,Lead Teacher,South Metro,Permanent Full-Time,Active,2017-03-02,,1.0
ED104740,Male,34,No,No,Deputy Principal,North Metro,Permanent Full-Time,Active,2025-08-21,,1.0
ED104741,Female,53,No,No,Teacher,North Metro,Permanent Part-Time,Terminated,2006-06-08,2025-07-02,0.6
ED104742,Male,51,No,No,Teacher,Wheatbelt,Permanent Full-Time,Active,2015-01-21,,1.0
ED104743,Female,64,No,No,School Administrator,Goldfields,Fixed Term,Terminated,2002-01-16,2007-12-10,1.0
ED104744,Female,48,No,No,Teacher,North Metro,Permanent Part-Time,Terminated,2005-07-07,2017-05-03,0.6
ED104745,Female,50,No,No,Teacher,Goldfields,Permanent Full-Time,Terminated,2001-05-21,2015-11-19,1.0
ED104746,Female,60,No,No,Teacher,Mid West,Permanent Full-Time,Active,2006-01-08,,1.0
ED104747,Female,36,No,No,Teacher,North Metro,Permanent Part-Time,Active,2022-04-18,,0.6
ED104748,Female,26,No,No,Teacher,North Metro,Permanent Part-Time,Active,2023-01-01,,0.6
ED104749,Non-binary,46,No,No,Education Assistant,South West,Permanent Part-Time,Active,2019-07-23,,0.6
ED104750,Female,26,No,No,Teacher,North Metro,Permanent Full-Time,Active,2025-08-13,,1.0
ED104751,Female,67,No,No,Teacher,North Metro,Fixed Term,Active,1995-04-13,,1.0
ED104752,Female,61,No,No,Principal,South Metro,Permanent Full-Time,Active,2022-06-22,,1.0
ED104753,Female,67,No,No,Teacher,Pilbara,Permanent Full-Time,Active,2024-04-12,,1.0
ED104754,Female,44,No,No,Education Assistant,North Metro,Casual,Active,2014-04-17,,0.2
ED104755,Male,50,No,No,Education Assistant,North Metro,Permanent Part-Time,Active,2006-10-17,,0.6
ED104756,Female,38,No,No,Teacher,North Metro,Permanent Full-Time,Active,2013-04-26,,1.0
ED104757,Female,54,No,No,Education Assistant,Great Southern,Fixed Term,Terminated,2014-04-14,2018-07-21,1.0
ED104758,Male,29,No,No,Teacher,North Metro,Permanent Full-Time,Active,2022-03-31,,1.0
ED104759,Female,21,No,Yes,School Administrator,South Metro,Permanent Full-Time,Active,2025-08-14,,1.0
ED104760,Female,34,No,No,Teacher,South West,Permanent Part-Time,Active,2022-08-18,,0.6
ED104761,Male,26,No,No,School Administrator,North Metro,Permanent Full-Time,Active,2025-04-12,,1.0
ED104762,Female,61,No,No,Education Assistant,Great Southern,Fixed Term,Active,2008-04-13,,1.0
ED104763,Female,65,No,No,Teacher,South West,Fixed Term,Terminated,2009-06-07,2010-04-04,1.0
ED104764,Male,27,No,No,Teacher,South West,Permanent Full-Time,Terminated,2025-02-22,2026-05-21,1.0
ED104765,Female,59,No,No,School Administrator,North Metro,Fixed Term,Active,2020-08-15,,1.0
ED104766,Female,55,No,No,Education Assistant,South Metro,Permanent Full-Time,Active,2026-01-12,,1.0
ED104767,Male,25,No,No,Teacher,Pilbara,Permanent Full-Time,Terminated,2022-08-27,2025-01-15,1.0
ED104768,Female,39,No,No,Deputy Principal,Great Southern,Fixed Term,Active,2016-08-24,,1.0
ED104769,Female,37,No,No,Teacher,North Metro,Fixed Term,Active,2010-08-25,,1.0
ED104770,Male,52,No,No,Teacher,Pilbara,Permanent Full-Time,Active,1998-07-14,,1.0
ED104771,Male,29,No,No,Teacher,North Metro,Permanent Full-Time,Active,2024-04-27,,1.0
ED104772,Female,42,No,No,Teacher,North Metro,Permanent Full-Time,Active,2009-04-22,,1.0
ED104773,Female,35,No,No,Education Assistant,South Metro,Permanent Full-Time,Active,2019-11-16,,1.0
ED104774,Male,49,No,No,Teacher,Mid West,Permanent Full-Time,Active,2019-03-25,,1.0
ED104775,Male,41,No,No,Education Assistant,South Metro,Permanent Full-Time,Active,2025-06-08,,1.0
ED104776,Female,37,No,No,Teacher,South Metro,Permanent Full-Time,Active,2024-09-08,,1.0
ED104777,Female,41,No,Yes,Teacher,Great Southern,Fixed Term,Active,2022-04-23,,1.0
ED104778,Female,67,No,No,Teacher,South Metro,Permanent Full-Time,Active,2021-01-27,,1.0
ED104779,Male,38,No,No,Teacher,South Metro,Permanent Full-Time,Active,2011-08-31,,1.0
ED104780,Male,31,No,No,Teacher,South Metro,Casual,Active,2025-07-15,,0.2
ED104781,Male,51,No,No,Teacher,South Metro,Permanent Full-Time,Active,2012-01-14,,1.0
ED104782,Male,42,No,No,Lead Teacher,Kimberley,Permanent Part-Time,Active,2024-10-17,,0.6
ED104783,Female,27,No,Yes,Teacher,South West,Permanent Full-Time,Active,2022-02-22,,1.0
ED104784,Female,67,No,No,Teacher,South Metro,Permanent Full-Time,Active,2005-01-19,,1.0
ED104785,Male,39,No,No,Teacher,Pilbara,Permanent Full-Time,Active,2018-08-15,,1.0
ED104786,Male,39,No,No,Education Assistant,North Metro,Permanent Full-Time,Active,2022-01-03,,1.0
ED104787,Female,45,No,Yes,Aboriginal Education Officer,North Metro,Permanent Full-Time,Active,2010-07-19,,1.0
ED104788,Female,64,No,No,Teacher,South Metro,Permanent Full-Time,Active,1997-02-25,,1.0
ED104789,Male,23,No,Yes,Teacher,North Metro,Permanent Full-Time,Active,2024-12-05,,1.0
ED104790,Female,47,No,No,Teacher,North Metro,Permanent Full-Time,Active,2017-01-17,,1.0
ED104791,Female,67,No,No,School Administrator,South Metro,Permanent Full-Time,Terminated,2016-12-06,2020-04-13,1.0
ED104792,Female,45,No,No,Teacher,North Metro,Casual,Active,2025-10-07,,0.2
ED104793,Female,29,No,No,Teacher,North Metro,Fixed Term,Active,2018-12-12,,1.0
ED104794,Female,36,No,No,Teacher,South Metro,Fixed Term,Active,2022-01-05,,1.0
ED104795,Male,46,No,No,Teacher,South Metro,Permanent Part-Time,Active,2019-07-25,,0.6
ED104796,Female,59,No,No,Teacher,South West,Permanent Full-Time,Active,1991-11-09,,1.0
ED104797,Female,39,No,No,Education Assistant,South Metro,Permanent Full-Time,Active,2020-02-23,,1.0
ED104798,Female,53,No,Yes,Teacher,South Metro,Fixed Term,Terminated,2023-08-12,2026-02-11,1.0
ED104799,Male,26,No,No,Lead Teacher,South West,Permanent Full-Time,Active,2023-12-27,,1.0
ED104800,Male,26,No,No,Teacher,Mid West,Permanent Full-Time,Active,2022-12-06,,1.0
ED104801,Male,38,No,No,Teacher,North Metro,Permanent Full-Time,Active,2014-02-07,,1.0
ED104802,Male,61,No,No,Aboriginal Education Officer,North Metro,Permanent Full-Time,Active,1997-10-07,,1.0
ED104803,Female,44,No,No,Teacher,Goldfields,Permanent Full-Time,Active,2023-11-27,,1.0
ED104804,Female,47,No,No,Education Assistant,South Metro,Casual,Active,2001-05-25,,0.2
ED104805,Female,47,No,No,Teacher,Mid West,Permanent Part-Time,Active,2021-05-12,,0.6
ED104806,Female,57,No,No,Teacher,Pilbara,Permanent Full-Time,Active,2021-09-19,,1.0
ED104807,Male,36,No,No,School Administrator,South Metro,Permanent Part-Time,Active,2012-03-14,,0.6
ED104808,Female,52,No,No,Teacher,Great Southern,Permanent Full-Time,Active,2006-05-21,,1.0
ED104809,Male,34,No,No,Education Assistant,South Metro,Permanent Part-Time,Terminated,2014-08-26,2022-10-13,0.6
ED104810,Female,67,No,No,Teacher,North Metro,Fixed Term,Terminated,2003-03-17,2010-10-28,1.0
ED104811,Female,34,No,No,Education Assistant,Wheatbelt,Permanent Full-Time,Active,2016-10-10,,1.0
ED104812,Female,33,No,No,Teacher,North Metro,Permanent Part-Time,Active,2019-06-21,,0.6
ED104813,Female,50,No,No,Teacher,Mid West,Permanent Full-Time,Active,2022-04-03,,1.0
ED104814,Female,44,No,Yes,Education Assistant,South West,Permanent Full-Time,Active,2021-05-06,,1.0
ED104815,Female,47,No,No,School Administrator,Kimberley,Permanent Part-Time,Active,2018-04-21,,0.6
ED104816,Female,46,No,No,Aboriginal Education Officer,South Metro,Fixed Term,Active,2023-10-20,,1.0
ED104817,Female,30,No,No,Education Assistant,South Metro,Permanent Part-Time,Active,2017-07-01,,0.6
ED104818,Female,63,No,No,Aboriginal Education Officer,South Metro,Casual,Active,1991-11-11,,0.2
ED104819,Female,54,No,No,Teacher,South Metro,Fixed Term,Terminated,2013-09-24,2023-12-16,1.0
ED104820,Female,60,No,No,Teacher,South Metro,Permanent Part-Time,Active,2005-07-21,,0.6
ED104821,Female,37,No,No,Teacher,Pilbara,Fixed Term,Active,2016-05-18,,1.0
ED104822,Female,48,No,No,Teacher,Goldfields,Permanent Full-Time,Active,2018-01-06,,1.0
ED104823,Female,46,No,Yes,Teacher,North Metro,Permanent Full-Time,Active,2008-08-26,,1.0
ED104824,Female,57,No,No,Teacher,South Metro,Permanent Full-Time,Terminated,2011-12-18,2014-07-17,1.0
ED104825,Female,57,No,No,Teacher,Mid West,Permanent Full-Time,Active,1995-09-29,,1.0
ED104826,Female,46,No,No,Deputy Principal,South Metro,Fixed Term,Terminated,2009-06-16,2010-10-23,1.0
ED104827,Female,25,No,No,Teacher,South Metro,Permanent Full-Time,Active,2026-02-17,,1.0
ED104828,Female,65,No,No,Teacher,Mid West,Permanent Full-Time,Active,1992-02-18,,1.0
ED104829,Male,50,No,No,Teacher,Goldfields,Fixed Term,Active,2021-01-29,,1.0
ED104830,Female,36,No,No,Education Assistant,South Metro,Permanent Full-Time,Active,2014-02-01,,1.0
ED104831,Female,48,No,No,Education Assistant,South West,Permanent Full-Time,Active,2019-09-03,,1.0
ED104832,Male,25,No,No,Lead Teacher,North Metro,Permanent Full-Time,Active,2025-07-07,,1.0
ED104833,Female,56,No,No,Teacher,Great Southern,Permanent Part-Time,Active,2017-05-09,,0.6
ED104834,Female,26,No,No,Teacher,North Metro,Permanent Full-Time,Active,2022-11-20,,1.0
ED104835,Female,41,No,No,Teacher,North Metro,Casual,Terminated,2011-01-05,2017-07-16,0.2
ED104836,Female,46,No,No,Teacher,South West,Permanent Full-Time,Active,2016-07-30,,1.0
ED104837,Male,56,No,No,Teacher,North Metro,Fixed Term,Active,2012-10-22,,1.0
ED104838,Female,45,No,No,Teacher,Kimberley,Permanent Full-Time,Terminated,2003-12-14,2012-03-25,1.0
ED104839,Female,51,No,No,Teacher,Mid West,Permanent Full-Time,Active,2019-11-29,,1.0
ED104840,Female,43,No,No,School Administrator,Wheatbelt,Permanent Full-Time,Active,2026-01-23,,1.0
ED104841,Female,43,No,No,School Administrator,Great Southern,Permanent Full-Time,Active,2011-06-20,,1.0
ED104842,Female,45,No,No,Teacher,North Metro,Permanent Full-Time,Active,2007-11-20,,1.0
ED104843,Female,41,No,No,Teacher,Kimberley,Permanent Full-Time,Active,2016-06-19,,1.0
ED104844,Male,23,No,No,Teacher,North Metro,Permanent Full-Time,Active,2025-08-17,,1.0
ED104845,Male,34,Yes,No,Teacher,South Metro,Fixed Term,Active,2015-03-30,,1.0
ED104846,Female,46,No,No,School Administrator,Wheatbelt,Permanent Full-Time,Active,2001-10-26,,1.0
ED104847,Male,41,No,No,Teacher,South Metro,Casual,Active,2007-03-22,,0.2
ED104848,Female,42,No,No,Education Assistant,South Metro,Fixed Term,Active,2016-12-01,,1.0
ED104849,Female,40,No,No,Teacher,South Metro,Permanent Full-Time,Active,2018-08-01,,1.0
ED104850,Male,33,No,No,School Administrator,South Metro,Permanent Full-Time,Active,2021-10-14,,1.0
ED104851,Male,38,No,No,Teacher,Great Southern,Permanent Part-Time,Active,2020-07-05,,0.6
ED104852,Male,40,No,No,Education Assistant,North Metro,Fixed Term,Active,2016-01-05,,1.0
ED104853,Female,44,No,No,Teacher,South Metro,Fixed Term,Active,2017-10-26,,1.0
ED104854,Female,48,No,No,Lead Teacher,Wheatbelt,Permanent Part-Time,Active,2003-05-19,,0.6
ED104855,Male,41,No,No,Teacher,South Metro,Permanent Full-Time,Active,2007-08-08,,1.0
ED104856,Female,31,No,No,Teacher,North Metro,Permanent Full-Time,Active,2016-10-23,,1.0
ED104857,Female,27,No,No,School Administrator,South Metro,Fixed Term,Terminated,2021-07-15,2023-07-08,1.0
ED104858,Female,67,No,No,Aboriginal Education Officer,North Metro,Permanent Part-Time,Active,2001-04-21,,0.6
ED104859,Male,30,No,No,Aboriginal Education Officer,North Metro,Fixed Term,Active,2018-01-23,,1.0
ED104860,Female,37,No,No,Lead Teacher,Wheatbelt,Permanent Part-Time,Active,2015-08-15,,0.6
ED104861,Female,50,No,No,Education Assistant,South Metro,Permanent Full-Time,Active,2008-11-05,,1.0
ED104862,Female,48,No,No,Teacher,South West,Casual,Active,2013-01-30,,0.2
ED104863,Female,50,No,No,Teacher,Mid West,Fixed Term,Active,2013-09-05,,1.0
ED104864,Male,38,No,No,Teacher,Kimberley,Permanent Full-Time,Active,2016-03-05,,1.0
ED104865,Female,46,No,No,Lead Teacher,North Metro,Permanent Full-Time,Terminated,2006-07-25,2016-04-23,1.0
ED104866,Female,44,No,No,Teacher,South Metro,Permanent Full-Time,Active,2022-08-16,,1.0
ED104867,Female,40,No,No,Teacher,North Metro,Permanent Part-Time,Active,2011-12-12,,0.6
ED104868,Female,46,Yes,No,Lead Teacher,South West,Permanent Full-Time,Active,2021-03-31,,1.0
ED104869,Female,56,No,No,Education Assistant,North Metro,Permanent Full-Time,Active,2024-08-25,,1.0
ED104870,Female,43,No,No,Teacher,North Metro,Permanent Full-Time,Active,2022-12-11,,1.0
ED104871,Female,43,No,No,Teacher,South Metro,Permanent Full-Time,Active,2018-09-20,,1.0
ED104872,Female,56,No,No,Teacher,North Metro,Permanent Full-Time,Terminated,2011-07-30,2014-10-10,1.0
ED104873,Male,55,No,No,Teacher,North Metro,Permanent Part-Time,Active,2006-12-26,,0.6
ED104874,Male,63,Yes,Yes,Teacher,South Metro,Fixed Term,Active,2011-01-28,,1.0
ED104875,Female,22,No,No,Lead Teacher,North Metro,Permanent Full-Time,Active,2025-08-19,,1.0
ED104876,Female,54,No,No,Lead Teacher,North Metro,Permanent Part-Time,Active,2011-06-11,,0.6
ED104877,Male,51,No,No,Deputy Principal,South Metro,Permanent Part-Time,Active,2000-11-22,,0.6
ED104878,Female,33,No,No,Teacher,Kimberley,Permanent Full-Time,Active,2019-02-23,,1.0
ED104879,Female,47,No,No,Education Assistant,South Metro,Permanent Full-Time,Active,2011-06-06,,1.0
ED104880,Male,56,Yes,No,Teacher,South Metro,Permanent Full-Time,Terminated,2023-08-20,2024-12-28,1.0
ED104881,Female,34,No,No,Teacher,South Metro,Permanent Full-Time,Active,2018-09-13,,1.0
ED104882,Female,49,Yes,No,Education Assistant,South Metro,Fixed Term,Active,2019-04-08,,1.0
ED104883,Female,54,No,No,Teacher,South West,Fixed Term,Active,2016-11-21,,1.0
ED104884,Female,31,No,No,Teacher,North Metro,Permanent Full-Time,Terminated,2024-05-08,2025-05-15,1.0
ED104885,Male,42,No,No,Aboriginal Education Officer,Goldfields,Fixed Term,Active,2011-04-17,,1.0
ED104886,Female,47,No,No,Teacher,South West,Fixed Term,Active,2002-01-20,,1.0
ED104887,Female,34,No,No,Deputy Principal,Mid West,Fixed Term,Terminated,2017-07-14,2024-07-20,1.0
ED104888,Male,33,No,No,Teacher,North Metro,Permanent Full-Time,Terminated,2024-07-13,2025-12-13,1.0
ED104889,Male,42,No,No,Deputy Principal,North Metro,Permanent Part-Time,Active,2023-05-29,,0.6
ED104890,Female,53,No,No,Teacher,Kimberley,Permanent Part-Time,Active,2013-08-25,,0.6
ED104891,Female,51,No,No,Teacher,North Metro,Permanent Part-Time,Active,2009-06-21,,0.6
ED104892,Female,33,No,No,Lead Teacher,Mid West,Permanent Full-Time,Active,2014-06-25,,1.0
ED104893,Male,51,No,No,Teacher,Kimberley,Permanent Part-Time,Active,2018-02-18,,0.6
ED104894,Female,33,No,No,Teacher,Kimberley,Permanent Full-Time,Active,2024-10-24,,1.0
ED104895,Female,24,No,No,Teacher,North Metro,Fixed Term,Active,2023-06-27,,1.0
ED104896,Female,39,No,No,Teacher,Kimberley,Permanent Part-Time,Active,2020-05-25,,0.6
ED104897,Female,57,No,No,Teacher,Goldfields,Permanent Full-Time,Active,2024-03-13,,1.0
ED104898,Female,51,No,No,Teacher,Wheatbelt,Permanent Full-Time,Active,1999-02-10,,1.0
ED104899,Female,43,No,No,Aboriginal Education Officer,North Metro,Permanent Part-Time,Active,2006-02-27,,0.6
ED104900,Female,38,No,No,Teacher,North Metro,Permanent Full-Time,Active,2012-02-21,,1.0
ED104901,Female,39,No,No,Teacher,South Metro,Permanent Full-Time,Terminated,2017-09-23,2022-08-04,1.0
ED104902,Female,45,No,No,Teacher,North Metro,Permanent Part-Time,Active,2011-05-25,,0.6
ED104903,Female,31,No,No,Teacher,South Metro,Fixed Term,Active,2016-07-12,,1.0
ED104904,Female,39,No,No,School Administrator,South West,Permanent Full-Time,Terminated,2018-10-01,2021-08-12,1.0
ED104905,Male,41,No,No,Teacher,South Metro,Permanent Full-Time,Active,2023-11-01,,1.0
ED104906,Female,27,No,No,School Administrator,Wheatbelt,Fixed Term,Active,2025-12-01,,1.0
ED104907,Female,33,No,No,Teacher,North Metro,Fixed Term,Terminated,2016-02-11,2023-12-26,1.0
ED104908,Female,48,No,No,Education Assistant,North Metro,Permanent Full-Time,Active,2007-04-17,,1.0
ED104909,Female,44,No,No,Teacher,North Metro,Permanent Full-Time,Active,2004-11-24,,1.0
ED104910,Female,40,No,No,Aboriginal Education Officer,North Metro,Permanent Full-Time,Active,2021-08-05,,1.0
ED104911,Female,33,No,No,Lead Teacher,South West,Fixed Term,Active,2018-07-22,,1.0
ED104912,Male,62,No,No,Teacher,North Metro,Permanent Full-Time,Active,2002-08-17,,1.0
ED104913,Female,33,No,No,Teacher,South Metro,Permanent Full-Time,Active,2017-03-25,,1.0
ED104914,Female,47,No,No,Teacher,South Metro,Permanent Full-Time,Active,2007-09-21,,1.0
ED104915,Female,38,No,No,Aboriginal Education Officer,South West,Permanent Full-Time,Active,2022-10-10,,1.0
ED104916,Male,44,No,No,Teacher,North Metro,Permanent Part-Time,Active,2016-12-19,,0.6
ED104917,Female,49,No,No,Teacher,North Metro,Permanent Full-Time,Active,2024-05-25,,1.0
ED104918,Male,27,No,No,Education Assistant,North Metro,Permanent Full-Time,Terminated,2021-12-02,2026-03-23,1.0
ED104919,Female,43,No,No,Teacher,South Metro,Permanent Full-Time,Active,2016-12-14,,1.0
ED104920,Male,58,No,No,School Administrator,North Metro,Permanent Full-Time,Active,2008-04-02,,1.0
ED104921,Male,65,No,No,Education Assistant,Wheatbelt,Fixed Term,Active,2009-07-21,,1.0
ED104922,Male,42,No,No,Lead Teacher,South Metro,Permanent Full-Time,Active,2023-10-13,,1.0
ED104923,Female,44,No,No,Aboriginal Education Officer,South Metro,Fixed Term,Active,2005-10-04,,1.0
ED104924,Female,67,No,No,Teacher,South Metro,Permanent Full-Time,Terminated,2020-09-27,2022-12-09,1.0
ED104925,Female,57,No,No,Teacher,North Metro,Permanent Full-Time,Active,2008-09-01,,1.0
ED104926,Male,36,No,Yes,Teacher,South Metro,Permanent Full-Time,Terminated,2020-07-09,2024-11-19,1.0
ED104927,Female,36,No,No,Teacher,Great Southern,Fixed Term,Active,2025-07-19,,1.0
ED104928,Female,55,No,No,Education Assistant,Wheatbelt,Permanent Full-Time,Terminated,2023-02-13,2023-11-19,1.0
ED104929,Female,31,No,No,Aboriginal Education Officer,South West,Permanent Part-Time,Active,2022-12-29,,0.6
ED104930,Female,57,No,No,Teacher,Wheatbelt,Permanent Full-Time,Active,1996-04-20,,1.0
ED104931,Female,48,No,No,Teacher,North Metro,Permanent Full-Time,Active,2025-08-05,,1.0
ED104932,Female,50,No,No,School Administrator,North Metro,Permanent Full-Time,Terminated,2012-02-10,2023-01-21,1.0
ED104933,Female,40,No,No,Teacher,North Metro,Fixed Term,Active,2013-10-25,,1.0
ED104934,Female,36,Yes,No,Teacher,North Metro,Permanent Full-Time,Active,2023-01-05,,1.0
ED104935,Male,61,No,No,Teacher,North Metro,Permanent Part-Time,Active,2020-10-18,,0.6
ED104936,Male,41,No,No,Aboriginal Education Officer,South Metro,Casual,Active,2023-04-22,,0.2
ED104937,Male,39,Yes,No,Lead Teacher,Goldfields,Permanent Full-Time,Active,2012-07-02,,1.0
ED104938,Female,43,No,No,Education Assistant,Wheatbelt,Permanent Full-Time,Active,2004-09-20,,1.0
ED104939,Male,46,No,No,Education Assistant,Pilbara,Permanent Full-Time,Active,2004-03-04,,1.0
ED104940,Female,31,No,No,Teacher,South West,Permanent Full-Time,Terminated,2024-04-09,2025-02-07,1.0
ED104941,Female,37,No,No,Teacher,North Metro,Permanent Full-Time,Active,2018-05-26,,1.0
ED104942,Female,36,No,No,Education Assistant,North Metro,Permanent Part-Time,Active,2015-06-29,,0.6
ED104943,Female,54,No,No,Teacher,Goldfields,Permanent Part-Time,Terminated,2013-05-28,2018-06-20,0.6
ED104944,Female,33,No,No,Education Assistant,North Metro,Permanent Part-Time,Active,2020-10-23,,0.6
ED104945,Non-binary,22,No,No,School Administrator,North Metro,Fixed Term,Active,2025-12-20,,1.0
ED104946,Female,21,No,No,Lead Teacher,North Metro,Permanent Full-Time,Active,2025-12-24,,1.0
ED104947,Female,26,No,No,Education Assistant,North Metro,Permanent Full-Time,Active,2023-07-23,,1.0
ED104948,Female,60,No,No,Education Assistant,South Metro,Permanent Full-Time,Active,1992-05-29,,1.0
ED104949,Female,44,No,No,Education Assistant,South Metro,Permanent Full-Time,Active,2014-07-03,,1.0
ED104950,Female,50,No,No,Teacher,South Metro,Permanent Full-Time,Active,2001-03-21,,1.0
ED104951,Female,50,No,No,Teacher,Goldfields,Permanent Full-Time,Terminated,1999-08-12,2021-05-01,1.0
ED104952,Male,44,No,No,Teacher,South Metro,Fixed Term,Terminated,2004-02-06,2010-02-28,1.0
ED104953,Female,43,No,No,Principal,North Metro,Casual,Active,2016-04-19,,0.2
ED104954,Female,56,No,No,Teacher,North Metro,Permanent Full-Time,Active,2002-01-15,,1.0
ED104955,Female,45,No,No,Education Assistant,North Metro,Fixed Term,Active,2022-04-01,,1.0
ED104956,Male,60,No,No,Teacher,Pilbara,Fixed Term,Active,2019-11-19,,1.0
ED104957,Male,51,No,No,Lead Teacher,Pilbara,Permanent Full-Time,Active,2003-06-02,,1.0
ED104958,Female,36,No,No,Teacher,Goldfields,Permanent Full-Time,Active,2019-01-08,,1.0
ED104959,Female,38,No,No,Education Assistant,North Metro,Casual,Terminated,2020-01-17,2024-02-14,0.2
ED104960,Female,35,No,No,Teacher,South Metro,Permanent Part-Time,Active,2025-02-04,,0.6
ED104961,Male,58,No,No,Teacher,South Metro,Casual,Active,2022-02-16,,0.2
ED104962,Male,39,No,No,Teacher,South Metro,Permanent Full-Time,Active,2026-02-07,,1.0
ED104963,Female,34,No,No,Education Assistant,South Metro,Permanent Full-Time,Active,2015-03-06,,1.0
ED104964,Female,47,No,No,Teacher,South Metro,Permanent Full-Time,Terminated,2005-07-06,2022-08-31,1.0
ED104965,Male,42,No,No,Teacher,South Metro,Casual,Active,2024-09-02,,0.2
ED104966,Female,47,No,No,School Administrator,Kimberley,Permanent Full-Time,Terminated,2002-01-15,2019-04-01,1.0
ED104967,Female,66,No,No,Deputy Principal,North Metro,Permanent Full-Time,Active,2016-02-19,,1.0
ED104968,Female,54,No,No,School Administrator,Pilbara,Permanent Full-Time,Terminated,2019-12-27,2024-04-02,1.0
ED104969,Female,44,No,No,Teacher,North Metro,Permanent Full-Time,Active,2015-05-20,,1.0
ED104970,Non-binary,27,No,No,Teacher,North Metro,Permanent Full-Time,Terminated,2022-06-14,2025-08-19,1.0
ED104971,Female,38,No,No,Aboriginal Education Officer,Great Southern,Permanent Part-Time,Active,2017-01-18,,0.6
ED104972,Female,52,No,No,Teacher,South West,Permanent Full-Time,Terminated,1999-03-12,2022-08-01,1.0
ED104973,Female,29,No,No,Deputy Principal,North Metro,Permanent Full-Time,Active,2023-10-06,,1.0
ED104974,Female,67,No,No,Teacher,South Metro,Permanent Full-Time,Terminated,2016-12-29,2025-07-16,1.0
ED104975,Female,44,No,No,Teacher,North Metro,Permanent Full-Time,Terminated,2024-05-01,2025-08-04,1.0
ED104976,Female,44,No,No,Teacher,South Metro,Permanent Full-Time,Active,2011-10-30,,1.0
ED104977,Female,36,No,No,Teacher,Wheatbelt,Permanent Full-Time,Terminated,2016-08-03,2018-03-18,1.0
ED104978,Female,49,No,No,Teacher,South West,Permanent Part-Time,Active,2024-01-05,,0.6
ED104979,Male,30,No,No,Teacher,South Metro,Permanent Full-Time,Terminated,2023-07-01,2026-02-22,1.0
ED104980,Female,67,No,No,School Administrator,South Metro,Permanent Full-Time,Terminated,2008-08-02,2016-02-19,1.0
ED104981,Female,59,No,No,Teacher,South Metro,Permanent Full-Time,Active,2017-08-19,,1.0
ED104982,Non-binary,55,No,No,Principal,North Metro,Permanent Full-Time,Active,1992-09-27,,1.0
ED104983,Female,27,No,No,Education Assistant,South West,Permanent Full-Time,Terminated,2021-06-14,2022-01-26,1.0
ED104984,Male,46,No,No,Lead Teacher,Wheatbelt,Permanent Part-Time,Active,2022-03-13,,0.6
ED104985,Female,58,No,No,Teacher,South Metro,Permanent Part-Time,Active,2021-10-01,,0.6
ED104986,Male,51,No,No,Deputy Principal,North Metro,Permanent Part-Time,Active,2009-01-01,,0.6
ED104987,Male,31,No,No,Lead Teacher,North Metro,Permanent Full-Time,Active,2020-10-08,,1.0
ED104988,Female,36,No,No,Education Assistant,North Metro,Permanent Full-Time,Active,2014-08-01,,1.0
ED104989,Male,38,Yes,No,Education Assistant,Mid West,Permanent Part-Time,Active,2017-12-12,,0.6
ED104990,Male,36,No,No,School Administrator,South Metro,Permanent Full-Time,Active,2022-10-24,,1.0
ED104991,Female,62,No,No,Lead Teacher,North Metro,Permanent Full-Time,Terminated,2018-03-21,2020-10-22,1.0
ED104992,Female,21,No,No,Teacher,South Metro,Permanent Part-Time,Active,2025-12-10,,0.6
ED104993,Female,51,No,No,Lead Teacher,Mid West,Permanent Full-Time,Active,2020-07-11,,1.0
ED104994,Male,28,No,No,Teacher,North Metro,Permanent Part-Time,Active,2023-12-03,,0.6
ED104995,Female,32,No,No,Aboriginal Education Officer,Wheatbelt,Permanent Full-Time,Active,2024-06-27,,1.0
ED104996,Female,21,No,No,Teacher,South West,Permanent Full-Time,Active,2025-08-08,,1.0
ED104997,Female,37,No,No,Teacher,South West,Fixed Term,Active,2016-07-06,,1.0
ED104998,Female,62,No,No,Education Assistant,South Metro,Permanent Full-Time,Terminated,2014-06-14,2026-03-14,1.0
ED104999,Female,47,No,No,Lead Teacher,North Metro,Permanent Full-Time,Active,2022-06-24,,1.0
